-- 9. Create Suppliers Table

CREATE TABLE IF NOT EXISTS suppliers (
  id UUID DEFAULT gen_random_uuid() PRIMARY KEY,
  name TEXT NOT NULL,
  phone TEXT,
  created_at TIMESTAMPTZ DEFAULT now()
);

CREATE TABLE IF NOT EXISTS inventory_items (
  id UUID DEFAULT gen_random_uuid() PRIMARY KEY,
  name TEXT NOT NULL,
  unit TEXT NOT NULL,
  stock_main NUMERIC DEFAULT 0,
  stock_factory NUMERIC DEFAULT 0,
  stock_distribution NUMERIC DEFAULT 0,
  last_purchase_price NUMERIC DEFAULT 0,
  avg_purchase_price NUMERIC DEFAULT 0,
  units_per_carton INTEGER DEFAULT 1,
  units_per_box INTEGER DEFAULT 1,
  created_at TIMESTAMPTZ DEFAULT now()
);

CREATE TABLE IF NOT EXISTS purchase_invoices (
  id UUID DEFAULT gen_random_uuid() PRIMARY KEY,
  supplier_id UUID REFERENCES suppliers(id) ON DELETE SET NULL,
  supplier_name TEXT,
  invoice_date TIMESTAMPTZ DEFAULT now(),
  items JSONB NOT NULL,
  total_amount NUMERIC NOT NULL,
  created_at TIMESTAMPTZ DEFAULT now()
);

CREATE TABLE IF NOT EXISTS manufacturing_orders (
  id UUID DEFAULT gen_random_uuid() PRIMARY KEY,
  status TEXT DEFAULT 'pending',
  items JSONB NOT NULL,
  requested_by TEXT NOT NULL,
  approved_by TEXT,
  created_at TIMESTAMPTZ DEFAULT now()
);

CREATE TABLE IF NOT EXISTS production_logs (
  id UUID DEFAULT gen_random_uuid() PRIMARY KEY,
  produced_items JSONB NOT NULL,
  consumed_items JSONB NOT NULL,
  recorded_by TEXT NOT NULL,
  created_at TIMESTAMPTZ DEFAULT now()
);

CREATE TABLE IF NOT EXISTS product_recipes (
  id UUID DEFAULT gen_random_uuid() PRIMARY KEY,
  product_id UUID REFERENCES products(id) ON DELETE CASCADE,
  inventory_item_id UUID REFERENCES inventory_items(id) ON DELETE CASCADE,
  quantity NUMERIC NOT NULL,
  created_at TIMESTAMPTZ DEFAULT now(),
  UNIQUE(product_id, inventory_item_id)
);

ALTER TABLE orders ADD COLUMN IF NOT EXISTS inventory_deducted BOOLEAN DEFAULT false;

-- Enable RLS
ALTER TABLE suppliers ENABLE ROW LEVEL SECURITY;
ALTER TABLE inventory_items ENABLE ROW LEVEL SECURITY;
ALTER TABLE purchase_invoices ENABLE ROW LEVEL SECURITY;
ALTER TABLE manufacturing_orders ENABLE ROW LEVEL SECURITY;
ALTER TABLE production_logs ENABLE ROW LEVEL SECURITY;
ALTER TABLE product_recipes ENABLE ROW LEVEL SECURITY;

-- Permissive Policies
DROP POLICY IF EXISTS "Allow all for everyone" ON suppliers;
CREATE POLICY "Allow all for everyone" ON suppliers FOR ALL USING (true) WITH CHECK (true);

DROP POLICY IF EXISTS "Allow all for everyone" ON inventory_items;
CREATE POLICY "Allow all for everyone" ON inventory_items FOR ALL USING (true) WITH CHECK (true);

DROP POLICY IF EXISTS "Allow all for everyone" ON purchase_invoices;
CREATE POLICY "Allow all for everyone" ON purchase_invoices FOR ALL USING (true) WITH CHECK (true);

DROP POLICY IF EXISTS "Allow all for everyone" ON manufacturing_orders;
CREATE POLICY "Allow all for everyone" ON manufacturing_orders FOR ALL USING (true) WITH CHECK (true);

DROP POLICY IF EXISTS "Allow all for everyone" ON production_logs;
CREATE POLICY "Allow all for everyone" ON production_logs FOR ALL USING (true) WITH CHECK (true);

DROP POLICY IF EXISTS "Allow all for everyone" ON product_recipes;
CREATE POLICY "Allow all for everyone" ON product_recipes FOR ALL USING (true) WITH CHECK (true);


-- Seeding Suppliers

INSERT INTO suppliers (id, name, phone) VALUES 
  ('sup11111-1111-1111-1111-111111111111', 'شركة المراعي', '01000000001'),
  ('sup22222-2222-2222-2222-222222222222', 'مزارع دينا', '01000000002'),
  ('sup33333-3333-3333-3333-333333333333', 'مورد لحوم البلد', '01000000003')
ON CONFLICT (id) DO NOTHING;


-- Seeding Inventory Items
INSERT INTO inventory_items (id, name, unit, stock_main, stock_factory, stock_distribution, last_purchase_price, avg_purchase_price) VALUES ('d0c10b7c-0e54-150e-cc53-6d1900d9375f', 'فول معلب', 'كجم', 100.0, 10.0, 5.0, 0.0, 0.0) ON CONFLICT (id) DO NOTHING;
INSERT INTO inventory_items (id, name, unit, stock_main, stock_factory, stock_distribution, last_purchase_price, avg_purchase_price) VALUES ('ed201112-41eb-d08e-f5d2-4ffe8335a8a3', 'بيض', 'قطعة', 100.0, 10.0, 5.0, 0.0, 0.0) ON CONFLICT (id) DO NOTHING;
INSERT INTO inventory_items (id, name, unit, stock_main, stock_factory, stock_distribution, last_purchase_price, avg_purchase_price) VALUES ('ac615a7a-c1c2-29a1-0c84-f238dac2444c', 'بطاطس كرينكل', 'كجم', 100.0, 10.0, 5.0, 0.0, 0.0) ON CONFLICT (id) DO NOTHING;
INSERT INTO inventory_items (id, name, unit, stock_main, stock_factory, stock_distribution, last_purchase_price, avg_purchase_price) VALUES ('a9ead759-2139-8869-9a17-fd80fb37b780', 'جبنة ثلاجة', 'كجم', 100.0, 10.0, 5.0, 0.0, 0.0) ON CONFLICT (id) DO NOTHING;
INSERT INTO inventory_items (id, name, unit, stock_main, stock_factory, stock_distribution, last_purchase_price, avg_purchase_price) VALUES ('5d029631-7346-b13d-70f1-0fced463a752', 'سلطة خضراء', 'قطعة', 100.0, 10.0, 5.0, 0.0, 0.0) ON CONFLICT (id) DO NOTHING;
INSERT INTO inventory_items (id, name, unit, stock_main, stock_factory, stock_distribution, last_purchase_price, avg_purchase_price) VALUES ('d0b176f9-bbdb-43b2-fbf8-b20dc1e86305', 'زيت زيتون', 'كجم', 100.0, 10.0, 5.0, 0.0, 0.0) ON CONFLICT (id) DO NOTHING;
INSERT INTO inventory_items (id, name, unit, stock_main, stock_factory, stock_distribution, last_purchase_price, avg_purchase_price) VALUES ('5934eb78-ac00-f064-0601-398807126496', 'عيش', 'قطعة', 100.0, 10.0, 5.0, 0.0, 0.0) ON CONFLICT (id) DO NOTHING;
INSERT INTO inventory_items (id, name, unit, stock_main, stock_factory, stock_distribution, last_purchase_price, avg_purchase_price) VALUES ('35e8aefd-e837-2bd5-32f1-49cfcd00c212', 'ملح', 'كجم', 100.0, 10.0, 5.0, 0.0, 0.0) ON CONFLICT (id) DO NOTHING;
INSERT INTO inventory_items (id, name, unit, stock_main, stock_factory, stock_distribution, last_purchase_price, avg_purchase_price) VALUES ('511e4893-d064-54c8-d046-1a86ece0df81', 'فلفل اسود', 'كجم', 100.0, 10.0, 5.0, 0.0, 0.0) ON CONFLICT (id) DO NOTHING;
INSERT INTO inventory_items (id, name, unit, stock_main, stock_factory, stock_distribution, last_purchase_price, avg_purchase_price) VALUES ('0d89daa4-cb06-c52b-e2fd-b39b4a9de21e', 'زبده', 'كجم', 100.0, 10.0, 5.0, 0.0, 0.0) ON CONFLICT (id) DO NOTHING;
INSERT INTO inventory_items (id, name, unit, stock_main, stock_factory, stock_distribution, last_purchase_price, avg_purchase_price) VALUES ('63c4d8a3-4e07-bd0b-ae90-181bd63837e7', 'كمون', 'كجم', 100.0, 10.0, 5.0, 0.0, 0.0) ON CONFLICT (id) DO NOTHING;
INSERT INTO inventory_items (id, name, unit, stock_main, stock_factory, stock_distribution, last_purchase_price, avg_purchase_price) VALUES ('b2dfe843-884b-6022-b5e8-6d8ef780a390', 'مخلل', 'كجم', 100.0, 10.0, 5.0, 0.0, 0.0) ON CONFLICT (id) DO NOTHING;
INSERT INTO inventory_items (id, name, unit, stock_main, stock_factory, stock_distribution, last_purchase_price, avg_purchase_price) VALUES ('359e11ae-3a61-3155-603a-fc6c840f9282', 'جبنة رومى', 'كجم', 100.0, 10.0, 5.0, 0.0, 0.0) ON CONFLICT (id) DO NOTHING;
INSERT INTO inventory_items (id, name, unit, stock_main, stock_factory, stock_distribution, last_purchase_price, avg_purchase_price) VALUES ('9ad37881-7ae7-4d57-ebfb-c906f81ed369', 'جبنة مثلثات', 'قطعة', 100.0, 10.0, 5.0, 0.0, 0.0) ON CONFLICT (id) DO NOTHING;
INSERT INTO inventory_items (id, name, unit, stock_main, stock_factory, stock_distribution, last_purchase_price, avg_purchase_price) VALUES ('fa051736-7c85-bcea-2c99-ba09aa7c2c95', 'لانشون لحمة', 'كجم', 100.0, 10.0, 5.0, 0.0, 0.0) ON CONFLICT (id) DO NOTHING;
INSERT INTO inventory_items (id, name, unit, stock_main, stock_factory, stock_distribution, last_purchase_price, avg_purchase_price) VALUES ('2f9ed2b0-565a-8887-4a81-5c71b586081f', 'قشطة', 'كجم', 100.0, 10.0, 5.0, 0.0, 0.0) ON CONFLICT (id) DO NOTHING;
INSERT INTO inventory_items (id, name, unit, stock_main, stock_factory, stock_distribution, last_purchase_price, avg_purchase_price) VALUES ('ab11c093-96e5-f866-9005-b5bfd90ac891', 'حلاوة', 'كجم', 100.0, 10.0, 5.0, 0.0, 0.0) ON CONFLICT (id) DO NOTHING;
INSERT INTO inventory_items (id, name, unit, stock_main, stock_factory, stock_distribution, last_purchase_price, avg_purchase_price) VALUES ('7311e5f0-c131-43df-c4ea-2e351196c842', 'عيش فينو صغير', 'قطعة', 100.0, 10.0, 5.0, 0.0, 0.0) ON CONFLICT (id) DO NOTHING;
INSERT INTO inventory_items (id, name, unit, stock_main, stock_factory, stock_distribution, last_purchase_price, avg_purchase_price) VALUES ('ef7a1102-f9e7-07ac-65dc-e70ef2db82dd', 'طماطم', 'كجم', 100.0, 10.0, 5.0, 0.0, 0.0) ON CONFLICT (id) DO NOTHING;
INSERT INTO inventory_items (id, name, unit, stock_main, stock_factory, stock_distribution, last_purchase_price, avg_purchase_price) VALUES ('9e1bfa85-cd56-5ed2-9cd5-1cc8d1d964e9', 'خيار', 'كجم', 100.0, 10.0, 5.0, 0.0, 0.0) ON CONFLICT (id) DO NOTHING;
INSERT INTO inventory_items (id, name, unit, stock_main, stock_factory, stock_distribution, last_purchase_price, avg_purchase_price) VALUES ('90174069-2536-7884-e816-9e0c68be3d70', 'خس', 'كجم', 100.0, 10.0, 5.0, 0.0, 0.0) ON CONFLICT (id) DO NOTHING;
INSERT INTO inventory_items (id, name, unit, stock_main, stock_factory, stock_distribution, last_purchase_price, avg_purchase_price) VALUES ('96502ead-0cc6-207d-6145-ea2a3879194e', 'مربى', 'كجم', 100.0, 10.0, 5.0, 0.0, 0.0) ON CONFLICT (id) DO NOTHING;
INSERT INTO inventory_items (id, name, unit, stock_main, stock_factory, stock_distribution, last_purchase_price, avg_purchase_price) VALUES ('5802b777-34dd-9f21-7946-76d2778ea2db', 'طحينة مصنع', 'كجم', 100.0, 10.0, 5.0, 0.0, 0.0) ON CONFLICT (id) DO NOTHING;
INSERT INTO inventory_items (id, name, unit, stock_main, stock_factory, stock_distribution, last_purchase_price, avg_purchase_price) VALUES ('8d364d2e-45ea-3f4f-8b2e-7ed4d8b75ae5', 'علبة سلطة', 'قطعة', 100.0, 10.0, 5.0, 0.0, 0.0) ON CONFLICT (id) DO NOTHING;
INSERT INTO inventory_items (id, name, unit, stock_main, stock_factory, stock_distribution, last_purchase_price, avg_purchase_price) VALUES ('5e7bfb3e-5758-0f34-cd6f-13cb4707d11e', 'بطاطس فريش', 'كجم', 100.0, 10.0, 5.0, 0.0, 0.0) ON CONFLICT (id) DO NOTHING;
INSERT INTO inventory_items (id, name, unit, stock_main, stock_factory, stock_distribution, last_purchase_price, avg_purchase_price) VALUES ('be42987c-b89d-7e37-6038-dc7fb24cf190', 'مايونيز', 'كجم', 100.0, 10.0, 5.0, 0.0, 0.0) ON CONFLICT (id) DO NOTHING;
INSERT INTO inventory_items (id, name, unit, stock_main, stock_factory, stock_distribution, last_purchase_price, avg_purchase_price) VALUES ('62cc7b0b-6f25-7f71-8cde-4f2ec003a9d0', 'بقدونس', 'كجم', 100.0, 10.0, 5.0, 0.0, 0.0) ON CONFLICT (id) DO NOTHING;
INSERT INTO inventory_items (id, name, unit, stock_main, stock_factory, stock_distribution, last_purchase_price, avg_purchase_price) VALUES ('b961f2b4-37cf-2892-8f0a-04bd149a02a7', 'بصل فريش', 'كجم', 100.0, 10.0, 5.0, 0.0, 0.0) ON CONFLICT (id) DO NOTHING;
INSERT INTO inventory_items (id, name, unit, stock_main, stock_factory, stock_distribution, last_purchase_price, avg_purchase_price) VALUES ('4dd419c8-4e61-e449-5a65-6af054f0adfe', 'ليمون', 'كجم', 100.0, 10.0, 5.0, 0.0, 0.0) ON CONFLICT (id) DO NOTHING;
INSERT INTO inventory_items (id, name, unit, stock_main, stock_factory, stock_distribution, last_purchase_price, avg_purchase_price) VALUES ('ec4ceacc-f46c-c94c-63e4-4585de9ce501', 'نعناع باكيت', 'قطعة', 100.0, 10.0, 5.0, 0.0, 0.0) ON CONFLICT (id) DO NOTHING;
INSERT INTO inventory_items (id, name, unit, stock_main, stock_factory, stock_distribution, last_purchase_price, avg_purchase_price) VALUES ('744bfcfc-4285-307d-4d14-20c9326223ba', 'علبة ريزو', 'قطعة', 100.0, 10.0, 5.0, 0.0, 0.0) ON CONFLICT (id) DO NOTHING;
INSERT INTO inventory_items (id, name, unit, stock_main, stock_factory, stock_distribution, last_purchase_price, avg_purchase_price) VALUES ('19d91a11-8ddf-5c49-a775-f0dda75c902c', 'شنطة', 'قطعة', 100.0, 10.0, 5.0, 0.0, 0.0) ON CONFLICT (id) DO NOTHING;
INSERT INTO inventory_items (id, name, unit, stock_main, stock_factory, stock_distribution, last_purchase_price, avg_purchase_price) VALUES ('277db35c-34de-6a88-abba-bc66af410c0c', 'شوكة', 'قطعة', 100.0, 10.0, 5.0, 0.0, 0.0) ON CONFLICT (id) DO NOTHING;
INSERT INTO inventory_items (id, name, unit, stock_main, stock_factory, stock_distribution, last_purchase_price, avg_purchase_price) VALUES ('72a64453-308b-b9a8-e17a-894150bec383', 'ثومية مصنع', 'كجم', 100.0, 10.0, 5.0, 0.0, 0.0) ON CONFLICT (id) DO NOTHING;
INSERT INTO inventory_items (id, name, unit, stock_main, stock_factory, stock_distribution, last_purchase_price, avg_purchase_price) VALUES ('40361330-1a7f-1f78-1009-cf9265aaa139', 'كول سلو مصنع', 'كجم', 100.0, 10.0, 5.0, 0.0, 0.0) ON CONFLICT (id) DO NOTHING;
INSERT INTO inventory_items (id, name, unit, stock_main, stock_factory, stock_distribution, last_purchase_price, avg_purchase_price) VALUES ('8c553f99-d7d9-ad1f-f298-5f50aee88638', 'صدور', 'كجم', 100.0, 10.0, 5.0, 0.0, 0.0) ON CONFLICT (id) DO NOTHING;
INSERT INTO inventory_items (id, name, unit, stock_main, stock_factory, stock_distribution, last_purchase_price, avg_purchase_price) VALUES ('b584fa1a-e1ce-132c-38a7-cace1578bb9d', 'صوص رانش', 'كجم', 100.0, 10.0, 5.0, 0.0, 0.0) ON CONFLICT (id) DO NOTHING;
INSERT INTO inventory_items (id, name, unit, stock_main, stock_factory, stock_distribution, last_purchase_price, avg_purchase_price) VALUES ('c3df6a09-2637-e6ab-1e48-cdb475e06111', 'خبز توست', 'قطعة', 100.0, 10.0, 5.0, 0.0, 0.0) ON CONFLICT (id) DO NOTHING;
INSERT INTO inventory_items (id, name, unit, stock_main, stock_factory, stock_distribution, last_purchase_price, avg_purchase_price) VALUES ('5e2417a3-397e-6cc3-326d-401c208bcd00', 'علبة عين واحدة', 'قطعة', 100.0, 10.0, 5.0, 0.0, 0.0) ON CONFLICT (id) DO NOTHING;
INSERT INTO inventory_items (id, name, unit, stock_main, stock_factory, stock_distribution, last_purchase_price, avg_purchase_price) VALUES ('7421becd-bb4e-cb77-dc7d-1d70b6f30a83', 'مشروم', 'كجم', 100.0, 10.0, 5.0, 0.0, 0.0) ON CONFLICT (id) DO NOTHING;
INSERT INTO inventory_items (id, name, unit, stock_main, stock_factory, stock_distribution, last_purchase_price, avg_purchase_price) VALUES ('0de5dc0b-09a4-1ed8-04b6-233915c54169', 'كريمة', 'كجم', 100.0, 10.0, 5.0, 0.0, 0.0) ON CONFLICT (id) DO NOTHING;
INSERT INTO inventory_items (id, name, unit, stock_main, stock_factory, stock_distribution, last_purchase_price, avg_purchase_price) VALUES ('37945459-5b34-465e-4a48-f95b4f6e838c', 'لبن بخيره', 'كجم', 100.0, 10.0, 5.0, 0.0, 0.0) ON CONFLICT (id) DO NOTHING;
INSERT INTO inventory_items (id, name, unit, stock_main, stock_factory, stock_distribution, last_purchase_price, avg_purchase_price) VALUES ('c6b32d7f-5a46-1615-216e-b11b08e4a2c9', 'وايت صوص', 'كجم', 100.0, 10.0, 5.0, 0.0, 0.0) ON CONFLICT (id) DO NOTHING;
INSERT INTO inventory_items (id, name, unit, stock_main, stock_factory, stock_distribution, last_purchase_price, avg_purchase_price) VALUES ('c7b3b419-5077-bed7-aa75-adebc569eec2', 'مرقة مكعبات', 'قطعة', 100.0, 10.0, 5.0, 0.0, 0.0) ON CONFLICT (id) DO NOTHING;
INSERT INTO inventory_items (id, name, unit, stock_main, stock_factory, stock_distribution, last_purchase_price, avg_purchase_price) VALUES ('11824c7e-d5da-2476-84e9-ef8e78b89af7', 'علبة اندومى', 'قطعة', 100.0, 10.0, 5.0, 0.0, 0.0) ON CONFLICT (id) DO NOTHING;
INSERT INTO inventory_items (id, name, unit, stock_main, stock_factory, stock_distribution, last_purchase_price, avg_purchase_price) VALUES ('a5ff9c9d-1f66-a657-3992-14c22da8a0a0', 'ملعقة', 'قطعة', 100.0, 10.0, 5.0, 0.0, 0.0) ON CONFLICT (id) DO NOTHING;
INSERT INTO inventory_items (id, name, unit, stock_main, stock_factory, stock_distribution, last_purchase_price, avg_purchase_price) VALUES ('62698a04-b6f7-52b9-ab75-89f7b10e5b1e', 'جمبرى', 'قطعة', 100.0, 10.0, 5.0, 0.0, 0.0) ON CONFLICT (id) DO NOTHING;
INSERT INTO inventory_items (id, name, unit, stock_main, stock_factory, stock_distribution, last_purchase_price, avg_purchase_price) VALUES ('1088c082-c19a-1565-3378-352514e37749', 'كالمارى', 'قطعة', 100.0, 10.0, 5.0, 0.0, 0.0) ON CONFLICT (id) DO NOTHING;
INSERT INTO inventory_items (id, name, unit, stock_main, stock_factory, stock_distribution, last_purchase_price, avg_purchase_price) VALUES ('5637a28d-6a23-3b06-789b-06e72febc15f', 'كابوريا صوابع', 'كجم', 100.0, 10.0, 5.0, 0.0, 0.0) ON CONFLICT (id) DO NOTHING;
INSERT INTO inventory_items (id, name, unit, stock_main, stock_factory, stock_distribution, last_purchase_price, avg_purchase_price) VALUES ('8768e660-54c5-624c-e293-d89887df4b88', 'خضار مشكل', 'كجم', 100.0, 10.0, 5.0, 0.0, 0.0) ON CONFLICT (id) DO NOTHING;
INSERT INTO inventory_items (id, name, unit, stock_main, stock_factory, stock_distribution, last_purchase_price, avg_purchase_price) VALUES ('86ee22ea-d943-f63b-092e-666d7861ab82', 'لحم طواجن-نى', 'كجم', 100.0, 10.0, 5.0, 0.0, 0.0) ON CONFLICT (id) DO NOTHING;
INSERT INTO inventory_items (id, name, unit, stock_main, stock_factory, stock_distribution, last_purchase_price, avg_purchase_price) VALUES ('c97d35af-6fc4-e993-23cd-602a8794d042', 'لسان عصفور', 'كجم', 100.0, 10.0, 5.0, 0.0, 0.0) ON CONFLICT (id) DO NOTHING;
INSERT INTO inventory_items (id, name, unit, stock_main, stock_factory, stock_distribution, last_purchase_price, avg_purchase_price) VALUES ('69ce289b-c170-95a7-5aab-b45b344f2823', 'ثوم', 'كجم', 100.0, 10.0, 5.0, 0.0, 0.0) ON CONFLICT (id) DO NOTHING;
INSERT INTO inventory_items (id, name, unit, stock_main, stock_factory, stock_distribution, last_purchase_price, avg_purchase_price) VALUES ('8641a4d9-3f41-b5a4-5420-b4408d90e68d', 'صلصلة', 'كجم', 100.0, 10.0, 5.0, 0.0, 0.0) ON CONFLICT (id) DO NOTHING;
INSERT INTO inventory_items (id, name, unit, stock_main, stock_factory, stock_distribution, last_purchase_price, avg_purchase_price) VALUES ('6fd656b0-eb3e-6f31-b08e-b7ffb833fe51', 'ديمى جلاس مصنع', 'كجم', 100.0, 10.0, 5.0, 0.0, 0.0) ON CONFLICT (id) DO NOTHING;
INSERT INTO inventory_items (id, name, unit, stock_main, stock_factory, stock_distribution, last_purchase_price, avg_purchase_price) VALUES ('ebbdf217-f40d-2cc7-7ab8-199a00138550', 'أرز مصرى', 'كجم', 100.0, 10.0, 5.0, 0.0, 0.0) ON CONFLICT (id) DO NOTHING;
INSERT INTO inventory_items (id, name, unit, stock_main, stock_factory, stock_distribution, last_purchase_price, avg_purchase_price) VALUES ('d532fcf2-90b1-c110-24e3-481c954f72e7', 'عيش بلدى', 'قطعة', 100.0, 10.0, 5.0, 0.0, 0.0) ON CONFLICT (id) DO NOTHING;
INSERT INTO inventory_items (id, name, unit, stock_main, stock_factory, stock_distribution, last_purchase_price, avg_purchase_price) VALUES ('949deb9c-5296-2665-4b65-a94407473da3', 'طاجن فخار', 'قطعة', 100.0, 10.0, 5.0, 0.0, 0.0) ON CONFLICT (id) DO NOTHING;
INSERT INTO inventory_items (id, name, unit, stock_main, stock_factory, stock_distribution, last_purchase_price, avg_purchase_price) VALUES ('aac8bfe2-858c-2e68-591d-f641a7bb1c81', 'علبة عدد 2 عين', 'قطعة', 100.0, 10.0, 5.0, 0.0, 0.0) ON CONFLICT (id) DO NOTHING;
INSERT INTO inventory_items (id, name, unit, stock_main, stock_factory, stock_distribution, last_purchase_price, avg_purchase_price) VALUES ('9aa15944-a610-6968-9b7f-9277614febc3', 'كافر', 'قطعة', 100.0, 10.0, 5.0, 0.0, 0.0) ON CONFLICT (id) DO NOTHING;
INSERT INTO inventory_items (id, name, unit, stock_main, stock_factory, stock_distribution, last_purchase_price, avg_purchase_price) VALUES ('a4bee7db-f384-14da-21d2-edcd693c73e5', 'ملوخية', 'كجم', 100.0, 10.0, 5.0, 0.0, 0.0) ON CONFLICT (id) DO NOTHING;
INSERT INTO inventory_items (id, name, unit, stock_main, stock_factory, stock_distribution, last_purchase_price, avg_purchase_price) VALUES ('f86e44ec-aca7-e948-3368-56f5d52a021f', 'كسبرة', 'كجم', 100.0, 10.0, 5.0, 0.0, 0.0) ON CONFLICT (id) DO NOTHING;
INSERT INTO inventory_items (id, name, unit, stock_main, stock_factory, stock_distribution, last_purchase_price, avg_purchase_price) VALUES ('cdc6cbf2-4222-92fa-6ee2-82dbb74f57f3', 'ورق عنب', 'قطعة', 100.0, 10.0, 5.0, 0.0, 0.0) ON CONFLICT (id) DO NOTHING;
INSERT INTO inventory_items (id, name, unit, stock_main, stock_factory, stock_distribution, last_purchase_price, avg_purchase_price) VALUES ('7d338fb8-d419-f7c3-f067-7a284087c7e5', 'لحم طواجن', 'كجم', 100.0, 10.0, 5.0, 0.0, 0.0) ON CONFLICT (id) DO NOTHING;
INSERT INTO inventory_items (id, name, unit, stock_main, stock_factory, stock_distribution, last_purchase_price, avg_purchase_price) VALUES ('0ce118e0-1a1c-8361-aba5-dac14c663944', 'كوردن بلو مصنع', 'كجم', 100.0, 10.0, 5.0, 0.0, 0.0) ON CONFLICT (id) DO NOTHING;
INSERT INTO inventory_items (id, name, unit, stock_main, stock_factory, stock_distribution, last_purchase_price, avg_purchase_price) VALUES ('8fc83802-bc64-acbf-496a-c8f677e84b7a', 'بريدينج', 'كجم', 100.0, 10.0, 5.0, 0.0, 0.0) ON CONFLICT (id) DO NOTHING;
INSERT INTO inventory_items (id, name, unit, stock_main, stock_factory, stock_distribution, last_purchase_price, avg_purchase_price) VALUES ('5a81f286-c15b-fa5b-07c6-141b4570d57a', 'بقسماط', 'كجم', 100.0, 10.0, 5.0, 0.0, 0.0) ON CONFLICT (id) DO NOTHING;
INSERT INTO inventory_items (id, name, unit, stock_main, stock_factory, stock_distribution, last_purchase_price, avg_purchase_price) VALUES ('2b62b794-e82e-85a9-416a-4c2df936bcda', 'ارز بسمتى نى', 'كجم', 100.0, 10.0, 5.0, 0.0, 0.0) ON CONFLICT (id) DO NOTHING;
INSERT INTO inventory_items (id, name, unit, stock_main, stock_factory, stock_distribution, last_purchase_price, avg_purchase_price) VALUES ('84882022-85fe-cbdc-18b0-a0a863b54ddc', 'بطاطس ويدجز مصنع', 'كجم', 100.0, 10.0, 5.0, 0.0, 0.0) ON CONFLICT (id) DO NOTHING;
INSERT INTO inventory_items (id, name, unit, stock_main, stock_factory, stock_distribution, last_purchase_price, avg_purchase_price) VALUES ('269ded52-f79b-6011-edb1-af2f5ebdb8c8', 'شيدر صوص مصنع', 'كجم', 100.0, 10.0, 5.0, 0.0, 0.0) ON CONFLICT (id) DO NOTHING;
INSERT INTO inventory_items (id, name, unit, stock_main, stock_factory, stock_distribution, last_purchase_price, avg_purchase_price) VALUES ('68e171ea-abc7-eda7-f74c-b6661d6bedf8', 'علبة بطاطس', 'قطعة', 100.0, 10.0, 5.0, 0.0, 0.0) ON CONFLICT (id) DO NOTHING;
INSERT INTO inventory_items (id, name, unit, stock_main, stock_factory, stock_distribution, last_purchase_price, avg_purchase_price) VALUES ('020e734d-f75a-dada-2036-6a79265e755b', 'باربيكيو صوص', 'كجم', 100.0, 10.0, 5.0, 0.0, 0.0) ON CONFLICT (id) DO NOTHING;
INSERT INTO inventory_items (id, name, unit, stock_main, stock_factory, stock_distribution, last_purchase_price, avg_purchase_price) VALUES ('dd67fc84-caff-9f31-7df4-62dd353074db', 'مشروم فريش', 'كجم', 100.0, 10.0, 5.0, 0.0, 0.0) ON CONFLICT (id) DO NOTHING;
INSERT INTO inventory_items (id, name, unit, stock_main, stock_factory, stock_distribution, last_purchase_price, avg_purchase_price) VALUES ('fa478525-19ec-bf9b-fc57-dd390a9e390a', 'زيتون', 'كجم', 100.0, 10.0, 5.0, 0.0, 0.0) ON CONFLICT (id) DO NOTHING;
INSERT INTO inventory_items (id, name, unit, stock_main, stock_factory, stock_distribution, last_purchase_price, avg_purchase_price) VALUES ('83955f01-088d-21f2-8848-d2e2c75ff82a', 'فاصوليا حمراء', 'كجم', 100.0, 10.0, 5.0, 0.0, 0.0) ON CONFLICT (id) DO NOTHING;
INSERT INTO inventory_items (id, name, unit, stock_main, stock_factory, stock_distribution, last_purchase_price, avg_purchase_price) VALUES ('25e8356d-29d5-475a-6404-e5d39aeff4e3', 'ذرة حلوة', 'كجم', 100.0, 10.0, 5.0, 0.0, 0.0) ON CONFLICT (id) DO NOTHING;
INSERT INTO inventory_items (id, name, unit, stock_main, stock_factory, stock_distribution, last_purchase_price, avg_purchase_price) VALUES ('13571033-e3cb-f12a-cd14-2f4d6c7397a9', 'زيتون شرائح', 'كجم', 100.0, 10.0, 5.0, 0.0, 0.0) ON CONFLICT (id) DO NOTHING;
INSERT INTO inventory_items (id, name, unit, stock_main, stock_factory, stock_distribution, last_purchase_price, avg_purchase_price) VALUES ('a013146d-9bf9-bab5-72ce-fd9b7769ab65', 'صوص نعناع مصنع', 'كجم', 100.0, 10.0, 5.0, 0.0, 0.0) ON CONFLICT (id) DO NOTHING;
INSERT INTO inventory_items (id, name, unit, stock_main, stock_factory, stock_distribution, last_purchase_price, avg_purchase_price) VALUES ('22ee7d1e-7a3d-5f59-e0a1-16e22ff3817c', 'حمام كداب مصنع', 'كجم', 100.0, 10.0, 5.0, 0.0, 0.0) ON CONFLICT (id) DO NOTHING;
INSERT INTO inventory_items (id, name, unit, stock_main, stock_factory, stock_distribution, last_purchase_price, avg_purchase_price) VALUES ('04dd5cb7-52da-8b3b-cc6b-6dff2800e567', 'لحم استيك', 'كجم', 100.0, 10.0, 5.0, 0.0, 0.0) ON CONFLICT (id) DO NOTHING;
INSERT INTO inventory_items (id, name, unit, stock_main, stock_factory, stock_distribution, last_purchase_price, avg_purchase_price) VALUES ('d097ad98-3121-21db-d07c-327f0b40619c', 'شيش متبل', 'كجم', 100.0, 10.0, 5.0, 0.0, 0.0) ON CONFLICT (id) DO NOTHING;
INSERT INTO inventory_items (id, name, unit, stock_main, stock_factory, stock_distribution, last_purchase_price, avg_purchase_price) VALUES ('923a6da7-ab63-4d69-2ef5-ddaed1b4d027', 'صوص طماطم مصنع', 'كجم', 100.0, 10.0, 5.0, 0.0, 0.0) ON CONFLICT (id) DO NOTHING;
INSERT INTO inventory_items (id, name, unit, stock_main, stock_factory, stock_distribution, last_purchase_price, avg_purchase_price) VALUES ('eb877933-8522-3051-3a33-0703e314324b', 'جنزبيل', 'كجم', 100.0, 10.0, 5.0, 0.0, 0.0) ON CONFLICT (id) DO NOTHING;
INSERT INTO inventory_items (id, name, unit, stock_main, stock_factory, stock_distribution, last_purchase_price, avg_purchase_price) VALUES ('cacc8ffa-b6d4-0d24-22d9-2637a35cc4ff', 'شطة بودرة', 'كجم', 100.0, 10.0, 5.0, 0.0, 0.0) ON CONFLICT (id) DO NOTHING;
INSERT INTO inventory_items (id, name, unit, stock_main, stock_factory, stock_distribution, last_purchase_price, avg_purchase_price) VALUES ('b9f70063-d95e-44cd-8ec0-930bb19d3d55', 'كارى هندى', 'كجم', 100.0, 10.0, 5.0, 0.0, 0.0) ON CONFLICT (id) DO NOTHING;
INSERT INTO inventory_items (id, name, unit, stock_main, stock_factory, stock_distribution, last_purchase_price, avg_purchase_price) VALUES ('f087e2a9-fbdc-9d65-55b1-1e3f6a532e3d', 'لحم كباب متبل', 'كجم', 100.0, 10.0, 5.0, 0.0, 0.0) ON CONFLICT (id) DO NOTHING;
INSERT INTO inventory_items (id, name, unit, stock_main, stock_factory, stock_distribution, last_purchase_price, avg_purchase_price) VALUES ('3f506cc4-5737-d294-8bc8-6b79599640cd', 'ريش ضانى متبل', 'كجم', 100.0, 10.0, 5.0, 0.0, 0.0) ON CONFLICT (id) DO NOTHING;
INSERT INTO inventory_items (id, name, unit, stock_main, stock_factory, stock_distribution, last_purchase_price, avg_purchase_price) VALUES ('ee7fc677-2c78-a355-e794-ec31ce0c9554', 'صدور دجاج', 'كجم', 100.0, 10.0, 5.0, 0.0, 0.0) ON CONFLICT (id) DO NOTHING;
INSERT INTO inventory_items (id, name, unit, stock_main, stock_factory, stock_distribution, last_purchase_price, avg_purchase_price) VALUES ('85d6ec63-ce2e-3ced-0e89-ed0f7d69b586', 'لحم مفروم', 'كجم', 100.0, 10.0, 5.0, 0.0, 0.0) ON CONFLICT (id) DO NOTHING;
INSERT INTO inventory_items (id, name, unit, stock_main, stock_factory, stock_distribution, last_purchase_price, avg_purchase_price) VALUES ('83ed9875-ea63-0cbc-517e-801c5fad22ce', 'كفتة فراخ', 'كجم', 100.0, 10.0, 5.0, 0.0, 0.0) ON CONFLICT (id) DO NOTHING;
INSERT INTO inventory_items (id, name, unit, stock_main, stock_factory, stock_distribution, last_purchase_price, avg_purchase_price) VALUES ('4158c913-7175-d7bc-cd16-71aea824ebc3', 'خضرة', 'كجم', 100.0, 10.0, 5.0, 0.0, 0.0) ON CONFLICT (id) DO NOTHING;
INSERT INTO inventory_items (id, name, unit, stock_main, stock_factory, stock_distribution, last_purchase_price, avg_purchase_price) VALUES ('f61d1d8f-a7fb-bf49-942e-94efbec97780', 'كفتة دجاج-شاورما', 'كجم', 100.0, 10.0, 5.0, 0.0, 0.0) ON CONFLICT (id) DO NOTHING;
INSERT INTO inventory_items (id, name, unit, stock_main, stock_factory, stock_distribution, last_purchase_price, avg_purchase_price) VALUES ('17d3be51-0258-c588-5520-dbe4db11f26a', 'مكرونة لازانيا', 'كجم', 100.0, 10.0, 5.0, 0.0, 0.0) ON CONFLICT (id) DO NOTHING;
INSERT INTO inventory_items (id, name, unit, stock_main, stock_factory, stock_distribution, last_purchase_price, avg_purchase_price) VALUES ('6f6d4b0c-d09a-457a-2ff5-b87005f7a46c', 'ريد صوص', 'كجم', 100.0, 10.0, 5.0, 0.0, 0.0) ON CONFLICT (id) DO NOTHING;
INSERT INTO inventory_items (id, name, unit, stock_main, stock_factory, stock_distribution, last_purchase_price, avg_purchase_price) VALUES ('fc4039ff-7282-6096-166d-b29ded64ca8a', 'مكرونة قلم', 'كجم', 100.0, 10.0, 5.0, 0.0, 0.0) ON CONFLICT (id) DO NOTHING;
INSERT INTO inventory_items (id, name, unit, stock_main, stock_factory, stock_distribution, last_purchase_price, avg_purchase_price) VALUES ('9b641fe0-65b3-767f-cf4d-687ceb60fa9f', 'استربس مصنع', 'كجم', 100.0, 10.0, 5.0, 0.0, 0.0) ON CONFLICT (id) DO NOTHING;
INSERT INTO inventory_items (id, name, unit, stock_main, stock_factory, stock_distribution, last_purchase_price, avg_purchase_price) VALUES ('4efd044e-747f-e805-1ebe-cc5c701ded7c', 'طبق ريزو', 'قطعة', 100.0, 10.0, 5.0, 0.0, 0.0) ON CONFLICT (id) DO NOTHING;
INSERT INTO inventory_items (id, name, unit, stock_main, stock_factory, stock_distribution, last_purchase_price, avg_purchase_price) VALUES ('44b65de1-9b67-5847-86ea-83a9c39b80b2', 'مكرونة شريط', 'كجم', 100.0, 10.0, 5.0, 0.0, 0.0) ON CONFLICT (id) DO NOTHING;
INSERT INTO inventory_items (id, name, unit, stock_main, stock_factory, stock_distribution, last_purchase_price, avg_purchase_price) VALUES ('0084638f-9d14-4ae5-5753-3be5dde30a91', 'طبق سليفر', 'قطعة', 100.0, 10.0, 5.0, 0.0, 0.0) ON CONFLICT (id) DO NOTHING;
INSERT INTO inventory_items (id, name, unit, stock_main, stock_factory, stock_distribution, last_purchase_price, avg_purchase_price) VALUES ('228f5c8f-5007-5c37-013f-5b51a54642ff', 'طبق سلفر مربع', 'قطعة', 100.0, 10.0, 5.0, 0.0, 0.0) ON CONFLICT (id) DO NOTHING;
INSERT INTO inventory_items (id, name, unit, stock_main, stock_factory, stock_distribution, last_purchase_price, avg_purchase_price) VALUES ('f06c2637-4dd3-5940-5094-363581d208e5', 'هلبينو', 'كجم', 100.0, 10.0, 5.0, 0.0, 0.0) ON CONFLICT (id) DO NOTHING;
INSERT INTO inventory_items (id, name, unit, stock_main, stock_factory, stock_distribution, last_purchase_price, avg_purchase_price) VALUES ('4c65b802-38ae-7548-6a3e-5f148d1562bb', 'خبز توريتولا', 'قطعة', 100.0, 10.0, 5.0, 0.0, 0.0) ON CONFLICT (id) DO NOTHING;
INSERT INTO inventory_items (id, name, unit, stock_main, stock_factory, stock_distribution, last_purchase_price, avg_purchase_price) VALUES ('8177960e-9c3e-d22e-da38-60e044f44583', 'دوريتوس', 'قطعة', 100.0, 10.0, 5.0, 0.0, 0.0) ON CONFLICT (id) DO NOTHING;
INSERT INTO inventory_items (id, name, unit, stock_main, stock_factory, stock_distribution, last_purchase_price, avg_purchase_price) VALUES ('451e1426-3271-fc95-6fce-6824b3e28e7d', 'علبة برجر', 'قطعة', 100.0, 10.0, 5.0, 0.0, 0.0) ON CONFLICT (id) DO NOTHING;
INSERT INTO inventory_items (id, name, unit, stock_main, stock_factory, stock_distribution, last_purchase_price, avg_purchase_price) VALUES ('b6cda741-a570-9145-bac1-0c558d71b7a4', 'عيش برجر-كيزر', 'قطعة', 100.0, 10.0, 5.0, 0.0, 0.0) ON CONFLICT (id) DO NOTHING;
INSERT INTO inventory_items (id, name, unit, stock_main, stock_factory, stock_distribution, last_purchase_price, avg_purchase_price) VALUES ('3f8d8c22-e348-2003-51c2-6e116b54ad62', 'مفروم دجاج سماش', 'كجم', 100.0, 10.0, 5.0, 0.0, 0.0) ON CONFLICT (id) DO NOTHING;
INSERT INTO inventory_items (id, name, unit, stock_main, stock_factory, stock_distribution, last_purchase_price, avg_purchase_price) VALUES ('48fcd13c-2ab1-e264-f606-b2efe2db8284', 'بيف برجر', 'كجم', 100.0, 10.0, 5.0, 0.0, 0.0) ON CONFLICT (id) DO NOTHING;
INSERT INTO inventory_items (id, name, unit, stock_main, stock_factory, stock_distribution, last_purchase_price, avg_purchase_price) VALUES ('14e5a62b-f56b-ed81-0cfd-e02d243474fc', 'بيف مدخن', 'كجم', 100.0, 10.0, 5.0, 0.0, 0.0) ON CONFLICT (id) DO NOTHING;
INSERT INTO inventory_items (id, name, unit, stock_main, stock_factory, stock_distribution, last_purchase_price, avg_purchase_price) VALUES ('8fd23325-71f6-95c1-5bb1-67314d551191', 'بصل مكرمل', 'كجم', 100.0, 10.0, 5.0, 0.0, 0.0) ON CONFLICT (id) DO NOTHING;
INSERT INTO inventory_items (id, name, unit, stock_main, stock_factory, stock_distribution, last_purchase_price, avg_purchase_price) VALUES ('cd23d8fb-4b93-d689-8d78-77e4f9dd0f6c', 'صوص شيدر خام', 'كجم', 100.0, 10.0, 5.0, 0.0, 0.0) ON CONFLICT (id) DO NOTHING;
INSERT INTO inventory_items (id, name, unit, stock_main, stock_factory, stock_distribution, last_purchase_price, avg_purchase_price) VALUES ('05ae617f-743b-7386-ccd7-f0aa056acddc', 'فلفل اسمر', 'كجم', 100.0, 10.0, 5.0, 0.0, 0.0) ON CONFLICT (id) DO NOTHING;
INSERT INTO inventory_items (id, name, unit, stock_main, stock_factory, stock_distribution, last_purchase_price, avg_purchase_price) VALUES ('35535e60-0a5e-2e27-b363-03d706fee6fa', 'موزاريلا نباتى', 'كجم', 100.0, 10.0, 5.0, 0.0, 0.0) ON CONFLICT (id) DO NOTHING;
INSERT INTO inventory_items (id, name, unit, stock_main, stock_factory, stock_distribution, last_purchase_price, avg_purchase_price) VALUES ('82c1af44-684b-3b18-fb01-150063b95d50', 'موزاريلا طبيعى', 'كجم', 100.0, 10.0, 5.0, 0.0, 0.0) ON CONFLICT (id) DO NOTHING;
INSERT INTO inventory_items (id, name, unit, stock_main, stock_factory, stock_distribution, last_purchase_price, avg_purchase_price) VALUES ('0fbb6d00-c659-85bd-2fd7-3f300af700d7', 'مايونيز حار', 'كجم', 100.0, 10.0, 5.0, 0.0, 0.0) ON CONFLICT (id) DO NOTHING;
INSERT INTO inventory_items (id, name, unit, stock_main, stock_factory, stock_distribution, last_purchase_price, avg_purchase_price) VALUES ('28fbd4e0-d455-e33e-abe8-c16c07b91da4', 'عيش فرنساوى', 'قطعة', 100.0, 10.0, 5.0, 0.0, 0.0) ON CONFLICT (id) DO NOTHING;
INSERT INTO inventory_items (id, name, unit, stock_main, stock_factory, stock_distribution, last_purchase_price, avg_purchase_price) VALUES ('787d46e4-7071-3b60-fb05-a28dc4565a91', 'علبة ساندويتش', 'قطعة', 100.0, 10.0, 5.0, 0.0, 0.0) ON CONFLICT (id) DO NOTHING;
INSERT INTO inventory_items (id, name, unit, stock_main, stock_factory, stock_distribution, last_purchase_price, avg_purchase_price) VALUES ('01d9cfa6-be99-0651-0290-8e34a8bd6064', 'ورق زبدة سيلفر', 'قطعة', 100.0, 10.0, 5.0, 0.0, 0.0) ON CONFLICT (id) DO NOTHING;
INSERT INTO inventory_items (id, name, unit, stock_main, stock_factory, stock_distribution, last_purchase_price, avg_purchase_price) VALUES ('96fb9d7a-f3df-f5f6-fdc7-24f59b96b502', 'شيش طاووق', 'كجم', 100.0, 10.0, 5.0, 0.0, 0.0) ON CONFLICT (id) DO NOTHING;
INSERT INTO inventory_items (id, name, unit, stock_main, stock_factory, stock_distribution, last_purchase_price, avg_purchase_price) VALUES ('86cd3e99-8564-9fbb-9e11-a5f008e206c8', 'تركى مدخن', 'كجم', 100.0, 10.0, 5.0, 0.0, 0.0) ON CONFLICT (id) DO NOTHING;
INSERT INTO inventory_items (id, name, unit, stock_main, stock_factory, stock_distribution, last_purchase_price, avg_purchase_price) VALUES ('5b7a5ae8-73f1-8a32-ff9b-afe9fa53484b', 'سويت شيلى', 'كجم', 100.0, 10.0, 5.0, 0.0, 0.0) ON CONFLICT (id) DO NOTHING;
INSERT INTO inventory_items (id, name, unit, stock_main, stock_factory, stock_distribution, last_purchase_price, avg_purchase_price) VALUES ('2136ad94-182b-0f12-e0c8-987594743029', 'كوردن بلو', 'كجم', 100.0, 10.0, 5.0, 0.0, 0.0) ON CONFLICT (id) DO NOTHING;
INSERT INTO inventory_items (id, name, unit, stock_main, stock_factory, stock_distribution, last_purchase_price, avg_purchase_price) VALUES ('3ad27ab8-982f-25f4-2c03-1cf74b0d987e', 'بيبرونى مدخن', 'كجم', 100.0, 10.0, 5.0, 0.0, 0.0) ON CONFLICT (id) DO NOTHING;
INSERT INTO inventory_items (id, name, unit, stock_main, stock_factory, stock_distribution, last_purchase_price, avg_purchase_price) VALUES ('3c2b8574-9269-8284-12b5-86f91a90a9f2', 'صوص تايجر', 'كجم', 100.0, 10.0, 5.0, 0.0, 0.0) ON CONFLICT (id) DO NOTHING;
INSERT INTO inventory_items (id, name, unit, stock_main, stock_factory, stock_distribution, last_purchase_price, avg_purchase_price) VALUES ('fbe4f1a4-d5ec-3c47-44cc-b60b35fc541b', 'فلايت صدور-استربس', 'كجم', 100.0, 10.0, 5.0, 0.0, 0.0) ON CONFLICT (id) DO NOTHING;
INSERT INTO inventory_items (id, name, unit, stock_main, stock_factory, stock_distribution, last_purchase_price, avg_purchase_price) VALUES ('db042f90-ce0f-416c-6140-860a9d4d758d', 'مكرونة قلم ايطالينو', 'كجم', 100.0, 10.0, 5.0, 0.0, 0.0) ON CONFLICT (id) DO NOTHING;
INSERT INTO inventory_items (id, name, unit, stock_main, stock_factory, stock_distribution, last_purchase_price, avg_purchase_price) VALUES ('87a7c24c-519c-7ece-976a-eccf9486b9f9', 'عجينة بيتزا', 'كجم', 100.0, 10.0, 5.0, 0.0, 0.0) ON CONFLICT (id) DO NOTHING;
INSERT INTO inventory_items (id, name, unit, stock_main, stock_factory, stock_distribution, last_purchase_price, avg_purchase_price) VALUES ('a6fb353d-8654-4a0d-8901-542c2e48d0d0', 'كابوريا الكيس 250جرام', 'كجم', 100.0, 10.0, 5.0, 0.0, 0.0) ON CONFLICT (id) DO NOTHING;
INSERT INTO inventory_items (id, name, unit, stock_main, stock_factory, stock_distribution, last_purchase_price, avg_purchase_price) VALUES ('7da0fccc-607c-1117-28db-2b6352a383cf', 'هوت دوج', 'كجم', 100.0, 10.0, 5.0, 0.0, 0.0) ON CONFLICT (id) DO NOTHING;
INSERT INTO inventory_items (id, name, unit, stock_main, stock_factory, stock_distribution, last_purchase_price, avg_purchase_price) VALUES ('2f6172b2-66a4-8d52-84d4-4efd6baa3afe', 'بيبيرونى', 'كجم', 100.0, 10.0, 5.0, 0.0, 0.0) ON CONFLICT (id) DO NOTHING;
INSERT INTO inventory_items (id, name, unit, stock_main, stock_factory, stock_distribution, last_purchase_price, avg_purchase_price) VALUES ('2b0d2246-4f36-2646-002a-fc595bb7d6c7', 'بسطرمة', 'كجم', 100.0, 10.0, 5.0, 0.0, 0.0) ON CONFLICT (id) DO NOTHING;
INSERT INTO inventory_items (id, name, unit, stock_main, stock_factory, stock_distribution, last_purchase_price, avg_purchase_price) VALUES ('81d6b500-5f81-9b5c-ebc2-d5367d6b932d', 'صوص بافلو', 'كجم', 100.0, 10.0, 5.0, 0.0, 0.0) ON CONFLICT (id) DO NOTHING;
INSERT INTO inventory_items (id, name, unit, stock_main, stock_factory, stock_distribution, last_purchase_price, avg_purchase_price) VALUES ('73a81a0e-9bff-2366-e452-6afce00f9d89', 'كابوريا', 'كجم', 100.0, 10.0, 5.0, 0.0, 0.0) ON CONFLICT (id) DO NOTHING;
INSERT INTO inventory_items (id, name, unit, stock_main, stock_factory, stock_distribution, last_purchase_price, avg_purchase_price) VALUES ('0423722f-52eb-0c7b-f285-05dd288d2993', 'ورق زبده عادى', 'قطعة', 100.0, 10.0, 5.0, 0.0, 0.0) ON CONFLICT (id) DO NOTHING;
INSERT INTO inventory_items (id, name, unit, stock_main, stock_factory, stock_distribution, last_purchase_price, avg_purchase_price) VALUES ('04b8f15b-d20e-42ed-69e7-53f91a7919ad', 'ورق زبدة', 'قطعة', 100.0, 10.0, 5.0, 0.0, 0.0) ON CONFLICT (id) DO NOTHING;
INSERT INTO inventory_items (id, name, unit, stock_main, stock_factory, stock_distribution, last_purchase_price, avg_purchase_price) VALUES ('cbd0ae3d-de29-9bce-36f2-f9ed6fc2e901', 'علبة بيتزا', 'قطعة', 100.0, 10.0, 5.0, 0.0, 0.0) ON CONFLICT (id) DO NOTHING;

-- Seeding Products & Recipes
INSERT INTO products (id, category_id, name_ar, name_en, price, description_ar, description_en, is_available) VALUES ('e5017d19-0c1c-017e-6995-d4cd47b64c11', 'c1111111-1111-1111-1111-111111111111', 'فطار شرقى-بدون تيك واى', 'فطار شرقى-بدون تيك واى', 95, 'شيت الوصفات الدفترية', 'Recipe Details', true) ON CONFLICT (id) DO UPDATE SET price = 95;
INSERT INTO product_recipes (id, product_id, inventory_item_id, quantity) VALUES ('9e6d48bc-895a-38ff-29be-0a901a4eee72', 'e5017d19-0c1c-017e-6995-d4cd47b64c11', 'd0c10b7c-0e54-150e-cc53-6d1900d9375f', 0.13) ON CONFLICT (product_id, inventory_item_id) DO UPDATE SET quantity = 0.13;
INSERT INTO product_recipes (id, product_id, inventory_item_id, quantity) VALUES ('a9e3ab3e-64fd-d7b0-8215-f04bc62fdad8', 'e5017d19-0c1c-017e-6995-d4cd47b64c11', 'ed201112-41eb-d08e-f5d2-4ffe8335a8a3', 1) ON CONFLICT (product_id, inventory_item_id) DO UPDATE SET quantity = 1;
INSERT INTO product_recipes (id, product_id, inventory_item_id, quantity) VALUES ('07a58716-ca81-73fd-5b54-287cc534f8b2', 'e5017d19-0c1c-017e-6995-d4cd47b64c11', 'ac615a7a-c1c2-29a1-0c84-f238dac2444c', 0.15) ON CONFLICT (product_id, inventory_item_id) DO UPDATE SET quantity = 0.15;
INSERT INTO product_recipes (id, product_id, inventory_item_id, quantity) VALUES ('33f0f871-7a4c-74bf-a385-1dcbe822d61d', 'e5017d19-0c1c-017e-6995-d4cd47b64c11', 'a9ead759-2139-8869-9a17-fd80fb37b780', 0.05) ON CONFLICT (product_id, inventory_item_id) DO UPDATE SET quantity = 0.05;
INSERT INTO product_recipes (id, product_id, inventory_item_id, quantity) VALUES ('c18a868f-8af0-e124-557c-506839c16a0f', 'e5017d19-0c1c-017e-6995-d4cd47b64c11', '5d029631-7346-b13d-70f1-0fced463a752', 1) ON CONFLICT (product_id, inventory_item_id) DO UPDATE SET quantity = 1;
INSERT INTO product_recipes (id, product_id, inventory_item_id, quantity) VALUES ('504f719c-26a6-9a69-b70c-fd401dddcf9e', 'e5017d19-0c1c-017e-6995-d4cd47b64c11', 'd0b176f9-bbdb-43b2-fbf8-b20dc1e86305', 0.02) ON CONFLICT (product_id, inventory_item_id) DO UPDATE SET quantity = 0.02;
INSERT INTO product_recipes (id, product_id, inventory_item_id, quantity) VALUES ('16c9b0d6-5e33-e985-6374-c9c42b705f3b', 'e5017d19-0c1c-017e-6995-d4cd47b64c11', '5934eb78-ac00-f064-0601-398807126496', 4) ON CONFLICT (product_id, inventory_item_id) DO UPDATE SET quantity = 4;
INSERT INTO product_recipes (id, product_id, inventory_item_id, quantity) VALUES ('abcc64b8-8ea7-d3a0-9e9e-8e8c513dc695', 'e5017d19-0c1c-017e-6995-d4cd47b64c11', '35e8aefd-e837-2bd5-32f1-49cfcd00c212', 0.002) ON CONFLICT (product_id, inventory_item_id) DO UPDATE SET quantity = 0.002;
INSERT INTO product_recipes (id, product_id, inventory_item_id, quantity) VALUES ('7627fd8d-577b-940c-aa65-aca93438d3d1', 'e5017d19-0c1c-017e-6995-d4cd47b64c11', '511e4893-d064-54c8-d046-1a86ece0df81', 0.001) ON CONFLICT (product_id, inventory_item_id) DO UPDATE SET quantity = 0.001;
INSERT INTO product_recipes (id, product_id, inventory_item_id, quantity) VALUES ('91102ea1-6959-dbb6-1a96-ee17e1b9fb9d', 'e5017d19-0c1c-017e-6995-d4cd47b64c11', '0d89daa4-cb06-c52b-e2fd-b39b4a9de21e', 0.01) ON CONFLICT (product_id, inventory_item_id) DO UPDATE SET quantity = 0.01;
INSERT INTO product_recipes (id, product_id, inventory_item_id, quantity) VALUES ('513f1253-21d0-9fa5-ff89-6e95466820d0', 'e5017d19-0c1c-017e-6995-d4cd47b64c11', '63c4d8a3-4e07-bd0b-ae90-181bd63837e7', 0.001) ON CONFLICT (product_id, inventory_item_id) DO UPDATE SET quantity = 0.001;
INSERT INTO product_recipes (id, product_id, inventory_item_id, quantity) VALUES ('29f235e0-8a34-0060-c005-eff79d8b4aba', 'e5017d19-0c1c-017e-6995-d4cd47b64c11', 'b2dfe843-884b-6022-b5e8-6d8ef780a390', 0.05) ON CONFLICT (product_id, inventory_item_id) DO UPDATE SET quantity = 0.05;
INSERT INTO products (id, category_id, name_ar, name_en, price, description_ar, description_en, is_available) VALUES ('90827d1e-b5d2-633b-d05b-22a2d1317989', 'c1111111-1111-1111-1111-111111111111', 'فطار بوكس مريديان 4', 'فطار بوكس مريديان 4', 120, 'شيت الوصفات الدفترية', 'Recipe Details', true) ON CONFLICT (id) DO UPDATE SET price = 120;
INSERT INTO product_recipes (id, product_id, inventory_item_id, quantity) VALUES ('7ae47864-4a09-51d7-5acd-d79fb71f34e3', '90827d1e-b5d2-633b-d05b-22a2d1317989', '359e11ae-3a61-3155-603a-fc6c840f9282', 0.04) ON CONFLICT (product_id, inventory_item_id) DO UPDATE SET quantity = 0.04;
INSERT INTO product_recipes (id, product_id, inventory_item_id, quantity) VALUES ('2af4a274-3574-dc19-2004-d19b6af15a9c', '90827d1e-b5d2-633b-d05b-22a2d1317989', '9ad37881-7ae7-4d57-ebfb-c906f81ed369', 2) ON CONFLICT (product_id, inventory_item_id) DO UPDATE SET quantity = 2;
INSERT INTO product_recipes (id, product_id, inventory_item_id, quantity) VALUES ('1a0f545e-8063-b01b-e7b1-6a1a958e4e00', '90827d1e-b5d2-633b-d05b-22a2d1317989', 'fa051736-7c85-bcea-2c99-ba09aa7c2c95', 0.04) ON CONFLICT (product_id, inventory_item_id) DO UPDATE SET quantity = 0.04;
INSERT INTO product_recipes (id, product_id, inventory_item_id, quantity) VALUES ('7c0ddc76-c365-ee96-2c38-84577975b590', '90827d1e-b5d2-633b-d05b-22a2d1317989', '2f9ed2b0-565a-8887-4a81-5c71b586081f', 0.02) ON CONFLICT (product_id, inventory_item_id) DO UPDATE SET quantity = 0.02;
INSERT INTO product_recipes (id, product_id, inventory_item_id, quantity) VALUES ('75efb813-5bf6-59ff-79d0-ea29d07d373b', '90827d1e-b5d2-633b-d05b-22a2d1317989', 'ab11c093-96e5-f866-9005-b5bfd90ac891', 0.03) ON CONFLICT (product_id, inventory_item_id) DO UPDATE SET quantity = 0.03;
INSERT INTO product_recipes (id, product_id, inventory_item_id, quantity) VALUES ('17a69b08-d686-f49d-bddd-5874862c4b81', '90827d1e-b5d2-633b-d05b-22a2d1317989', '7311e5f0-c131-43df-c4ea-2e351196c842', 4) ON CONFLICT (product_id, inventory_item_id) DO UPDATE SET quantity = 4;
INSERT INTO product_recipes (id, product_id, inventory_item_id, quantity) VALUES ('9dcceb10-f121-8ddb-4c33-7613ed224a5e', '90827d1e-b5d2-633b-d05b-22a2d1317989', 'ef7a1102-f9e7-07ac-65dc-e70ef2db82dd', 0.05) ON CONFLICT (product_id, inventory_item_id) DO UPDATE SET quantity = 0.05;
INSERT INTO product_recipes (id, product_id, inventory_item_id, quantity) VALUES ('764a5daf-90c4-5c05-744e-e1795d6b446a', '90827d1e-b5d2-633b-d05b-22a2d1317989', '9e1bfa85-cd56-5ed2-9cd5-1cc8d1d964e9', 0.05) ON CONFLICT (product_id, inventory_item_id) DO UPDATE SET quantity = 0.05;
INSERT INTO product_recipes (id, product_id, inventory_item_id, quantity) VALUES ('e8e61a78-e323-1caf-76db-3d3f3bdf321f', '90827d1e-b5d2-633b-d05b-22a2d1317989', 'b2dfe843-884b-6022-b5e8-6d8ef780a390', 0.05) ON CONFLICT (product_id, inventory_item_id) DO UPDATE SET quantity = 0.05;
INSERT INTO product_recipes (id, product_id, inventory_item_id, quantity) VALUES ('9e4f8caa-afcc-593c-d5dd-ae236fe876c2', '90827d1e-b5d2-633b-d05b-22a2d1317989', '90174069-2536-7884-e816-9e0c68be3d70', 0.05) ON CONFLICT (product_id, inventory_item_id) DO UPDATE SET quantity = 0.05;
INSERT INTO products (id, category_id, name_ar, name_en, price, description_ar, description_en, is_available) VALUES ('cbced20b-ccb8-0ead-d2a4-efb207c91b83', 'c1111111-1111-1111-1111-111111111111', 'فطار بوكس مريديان 8', 'فطار بوكس مريديان 8', 220, 'شيت الوصفات الدفترية', 'Recipe Details', true) ON CONFLICT (id) DO UPDATE SET price = 220;
INSERT INTO product_recipes (id, product_id, inventory_item_id, quantity) VALUES ('0c4a96e8-d2d8-6877-0395-f50da5fa862e', 'cbced20b-ccb8-0ead-d2a4-efb207c91b83', '359e11ae-3a61-3155-603a-fc6c840f9282', 0.08) ON CONFLICT (product_id, inventory_item_id) DO UPDATE SET quantity = 0.08;
INSERT INTO product_recipes (id, product_id, inventory_item_id, quantity) VALUES ('a231110f-3d3b-fa13-0828-144866a1d3f0', 'cbced20b-ccb8-0ead-d2a4-efb207c91b83', '9ad37881-7ae7-4d57-ebfb-c906f81ed369', 4) ON CONFLICT (product_id, inventory_item_id) DO UPDATE SET quantity = 4;
INSERT INTO product_recipes (id, product_id, inventory_item_id, quantity) VALUES ('96b619ed-34f2-e7ea-a5c2-dae0c69a3062', 'cbced20b-ccb8-0ead-d2a4-efb207c91b83', 'fa051736-7c85-bcea-2c99-ba09aa7c2c95', 0.08) ON CONFLICT (product_id, inventory_item_id) DO UPDATE SET quantity = 0.08;
INSERT INTO product_recipes (id, product_id, inventory_item_id, quantity) VALUES ('e2e44b31-5477-9903-994e-9f0017cbd2f9', 'cbced20b-ccb8-0ead-d2a4-efb207c91b83', '2f9ed2b0-565a-8887-4a81-5c71b586081f', 0.04) ON CONFLICT (product_id, inventory_item_id) DO UPDATE SET quantity = 0.04;
INSERT INTO product_recipes (id, product_id, inventory_item_id, quantity) VALUES ('8165e26d-4d7a-acf4-f5f4-162c60a5b5b3', 'cbced20b-ccb8-0ead-d2a4-efb207c91b83', 'ab11c093-96e5-f866-9005-b5bfd90ac891', 0.03) ON CONFLICT (product_id, inventory_item_id) DO UPDATE SET quantity = 0.03;
INSERT INTO product_recipes (id, product_id, inventory_item_id, quantity) VALUES ('345e2fbb-d684-7934-3421-22804edf5950', 'cbced20b-ccb8-0ead-d2a4-efb207c91b83', '96502ead-0cc6-207d-6145-ea2a3879194e', 0.03) ON CONFLICT (product_id, inventory_item_id) DO UPDATE SET quantity = 0.03;
INSERT INTO product_recipes (id, product_id, inventory_item_id, quantity) VALUES ('d2aaaae5-6adf-694d-c804-e0f187f1d694', 'cbced20b-ccb8-0ead-d2a4-efb207c91b83', '7311e5f0-c131-43df-c4ea-2e351196c842', 8) ON CONFLICT (product_id, inventory_item_id) DO UPDATE SET quantity = 8;
INSERT INTO product_recipes (id, product_id, inventory_item_id, quantity) VALUES ('9ae1287f-6902-24e5-bff6-6d2cec323419', 'cbced20b-ccb8-0ead-d2a4-efb207c91b83', 'ef7a1102-f9e7-07ac-65dc-e70ef2db82dd', 0.1) ON CONFLICT (product_id, inventory_item_id) DO UPDATE SET quantity = 0.1;
INSERT INTO product_recipes (id, product_id, inventory_item_id, quantity) VALUES ('e8304b8c-dd3b-79b3-0354-9504960d3142', 'cbced20b-ccb8-0ead-d2a4-efb207c91b83', '9e1bfa85-cd56-5ed2-9cd5-1cc8d1d964e9', 0.1) ON CONFLICT (product_id, inventory_item_id) DO UPDATE SET quantity = 0.1;
INSERT INTO product_recipes (id, product_id, inventory_item_id, quantity) VALUES ('ed8fdbfe-5711-65bc-0b5f-c42b7c332f39', 'cbced20b-ccb8-0ead-d2a4-efb207c91b83', 'b2dfe843-884b-6022-b5e8-6d8ef780a390', 0.1) ON CONFLICT (product_id, inventory_item_id) DO UPDATE SET quantity = 0.1;
INSERT INTO product_recipes (id, product_id, inventory_item_id, quantity) VALUES ('ad57c6c5-1477-f838-0f1a-bdb20f41eabd', 'cbced20b-ccb8-0ead-d2a4-efb207c91b83', '90174069-2536-7884-e816-9e0c68be3d70', 0.1) ON CONFLICT (product_id, inventory_item_id) DO UPDATE SET quantity = 0.1;
INSERT INTO products (id, category_id, name_ar, name_en, price, description_ar, description_en, is_available) VALUES ('dd616e91-26a1-2c29-ac1a-bab1cdb3176e', 'c1111111-1111-1111-1111-111111111111', 'سلطة طحينة مصنعه', 'سلطة طحينة مصنعه', 40, 'شيت الوصفات الدفترية', 'Recipe Details', true) ON CONFLICT (id) DO UPDATE SET price = 40;
INSERT INTO product_recipes (id, product_id, inventory_item_id, quantity) VALUES ('4625fba6-9da6-f47e-f02a-0b0fc5dac431', 'dd616e91-26a1-2c29-ac1a-bab1cdb3176e', '5802b777-34dd-9f21-7946-76d2778ea2db', 0.15) ON CONFLICT (product_id, inventory_item_id) DO UPDATE SET quantity = 0.15;
INSERT INTO product_recipes (id, product_id, inventory_item_id, quantity) VALUES ('2e371822-5bf5-1196-3f59-bfe134fe34fc', 'dd616e91-26a1-2c29-ac1a-bab1cdb3176e', 'd0b176f9-bbdb-43b2-fbf8-b20dc1e86305', 0.01) ON CONFLICT (product_id, inventory_item_id) DO UPDATE SET quantity = 0.01;
INSERT INTO product_recipes (id, product_id, inventory_item_id, quantity) VALUES ('bd49784c-536d-3ebc-e732-33a5b9735340', 'dd616e91-26a1-2c29-ac1a-bab1cdb3176e', '8d364d2e-45ea-3f4f-8b2e-7ed4d8b75ae5', 1) ON CONFLICT (product_id, inventory_item_id) DO UPDATE SET quantity = 1;
INSERT INTO products (id, category_id, name_ar, name_en, price, description_ar, description_en, is_available) VALUES ('ad9774a3-0ff0-374b-b4b3-757cb5a16bbe', 'c1111111-1111-1111-1111-111111111111', 'سلطة بطاطس مايونيز', 'سلطة بطاطس مايونيز', 65, 'شيت الوصفات الدفترية', 'Recipe Details', true) ON CONFLICT (id) DO UPDATE SET price = 65;
INSERT INTO product_recipes (id, product_id, inventory_item_id, quantity) VALUES ('b383512c-a6ab-d108-27a1-f83110a1d180', 'ad9774a3-0ff0-374b-b4b3-757cb5a16bbe', '5e7bfb3e-5758-0f34-cd6f-13cb4707d11e', 0.2) ON CONFLICT (product_id, inventory_item_id) DO UPDATE SET quantity = 0.2;
INSERT INTO product_recipes (id, product_id, inventory_item_id, quantity) VALUES ('374d5bfd-7fc7-3f63-adc5-885648e87b70', 'ad9774a3-0ff0-374b-b4b3-757cb5a16bbe', 'be42987c-b89d-7e37-6038-dc7fb24cf190', 0.08) ON CONFLICT (product_id, inventory_item_id) DO UPDATE SET quantity = 0.08;
INSERT INTO product_recipes (id, product_id, inventory_item_id, quantity) VALUES ('2916c06a-65c0-efd2-85c7-6756b478f8eb', 'ad9774a3-0ff0-374b-b4b3-757cb5a16bbe', '62cc7b0b-6f25-7f71-8cde-4f2ec003a9d0', 0.01) ON CONFLICT (product_id, inventory_item_id) DO UPDATE SET quantity = 0.01;
INSERT INTO product_recipes (id, product_id, inventory_item_id, quantity) VALUES ('6c285003-1bf4-05e7-601a-a1e3b545e728', 'ad9774a3-0ff0-374b-b4b3-757cb5a16bbe', 'b961f2b4-37cf-2892-8f0a-04bd149a02a7', 0.03) ON CONFLICT (product_id, inventory_item_id) DO UPDATE SET quantity = 0.03;
INSERT INTO product_recipes (id, product_id, inventory_item_id, quantity) VALUES ('9d674203-7e02-c9ad-fcba-fff3419a6ee5', 'ad9774a3-0ff0-374b-b4b3-757cb5a16bbe', '4dd419c8-4e61-e449-5a65-6af054f0adfe', 0.02) ON CONFLICT (product_id, inventory_item_id) DO UPDATE SET quantity = 0.02;
INSERT INTO product_recipes (id, product_id, inventory_item_id, quantity) VALUES ('d2d8c593-e47c-e63c-d398-87d438488ef0', 'ad9774a3-0ff0-374b-b4b3-757cb5a16bbe', 'ec4ceacc-f46c-c94c-63e4-4585de9ce501', 1) ON CONFLICT (product_id, inventory_item_id) DO UPDATE SET quantity = 1;
INSERT INTO product_recipes (id, product_id, inventory_item_id, quantity) VALUES ('f5ead511-1a2e-a1ab-2d89-b30f023ed9a0', 'ad9774a3-0ff0-374b-b4b3-757cb5a16bbe', '35e8aefd-e837-2bd5-32f1-49cfcd00c212', 0.003) ON CONFLICT (product_id, inventory_item_id) DO UPDATE SET quantity = 0.003;
INSERT INTO product_recipes (id, product_id, inventory_item_id, quantity) VALUES ('611ea4dc-eee6-ad52-f670-b0a9aac5427c', 'ad9774a3-0ff0-374b-b4b3-757cb5a16bbe', '511e4893-d064-54c8-d046-1a86ece0df81', 0.001) ON CONFLICT (product_id, inventory_item_id) DO UPDATE SET quantity = 0.001;
INSERT INTO product_recipes (id, product_id, inventory_item_id, quantity) VALUES ('b8f3d8d8-ed40-40ec-7b7e-c35f1f6c23e0', 'ad9774a3-0ff0-374b-b4b3-757cb5a16bbe', '744bfcfc-4285-307d-4d14-20c9326223ba', 1) ON CONFLICT (product_id, inventory_item_id) DO UPDATE SET quantity = 1;
INSERT INTO product_recipes (id, product_id, inventory_item_id, quantity) VALUES ('ef7d8458-ec39-26a5-f4ab-c26d9e952f33', 'ad9774a3-0ff0-374b-b4b3-757cb5a16bbe', '19d91a11-8ddf-5c49-a775-f0dda75c902c', 1) ON CONFLICT (product_id, inventory_item_id) DO UPDATE SET quantity = 1;
INSERT INTO product_recipes (id, product_id, inventory_item_id, quantity) VALUES ('4d82c52e-8238-3680-a26a-72bf3b2b580d', 'ad9774a3-0ff0-374b-b4b3-757cb5a16bbe', '277db35c-34de-6a88-abba-bc66af410c0c', 1) ON CONFLICT (product_id, inventory_item_id) DO UPDATE SET quantity = 1;
INSERT INTO products (id, category_id, name_ar, name_en, price, description_ar, description_en, is_available) VALUES ('330638e0-4cf9-f726-b9c1-484646ff1292', 'c1111111-1111-1111-1111-111111111111', 'سلطة ثوميه مصنع', 'سلطة ثوميه مصنع', 40, 'شيت الوصفات الدفترية', 'Recipe Details', true) ON CONFLICT (id) DO UPDATE SET price = 40;
INSERT INTO product_recipes (id, product_id, inventory_item_id, quantity) VALUES ('a0cb680a-89cd-5a8b-5307-dab2e5a714e5', '330638e0-4cf9-f726-b9c1-484646ff1292', '72a64453-308b-b9a8-e17a-894150bec383', 0.15) ON CONFLICT (product_id, inventory_item_id) DO UPDATE SET quantity = 0.15;
INSERT INTO product_recipes (id, product_id, inventory_item_id, quantity) VALUES ('64950ed8-9138-fbe3-e03b-5a46f6a1a53f', '330638e0-4cf9-f726-b9c1-484646ff1292', '8d364d2e-45ea-3f4f-8b2e-7ed4d8b75ae5', 1) ON CONFLICT (product_id, inventory_item_id) DO UPDATE SET quantity = 1;
INSERT INTO products (id, category_id, name_ar, name_en, price, description_ar, description_en, is_available) VALUES ('5d029631-7346-b13d-70f1-0fced463a752', 'c1111111-1111-1111-1111-111111111111', 'سلطة خضراء', 'سلطة خضراء', 45, 'شيت الوصفات الدفترية', 'Recipe Details', true) ON CONFLICT (id) DO UPDATE SET price = 45;
INSERT INTO product_recipes (id, product_id, inventory_item_id, quantity) VALUES ('7d4428fa-b38e-eedb-9ff9-7a9a8ae9eae1', '5d029631-7346-b13d-70f1-0fced463a752', '5d029631-7346-b13d-70f1-0fced463a752', 0.15) ON CONFLICT (product_id, inventory_item_id) DO UPDATE SET quantity = 0.15;
INSERT INTO product_recipes (id, product_id, inventory_item_id, quantity) VALUES ('3fdb36d4-c424-8ed5-8ce5-dfa688c2f8b7', '5d029631-7346-b13d-70f1-0fced463a752', '8d364d2e-45ea-3f4f-8b2e-7ed4d8b75ae5', 1) ON CONFLICT (product_id, inventory_item_id) DO UPDATE SET quantity = 1;
INSERT INTO products (id, category_id, name_ar, name_en, price, description_ar, description_en, is_available) VALUES ('3f645207-7664-876a-52d3-21391c064c8f', 'c1111111-1111-1111-1111-111111111111', 'سلطة كول سلو مصنع', 'سلطة كول سلو مصنع', 50, 'شيت الوصفات الدفترية', 'Recipe Details', true) ON CONFLICT (id) DO UPDATE SET price = 50;
INSERT INTO product_recipes (id, product_id, inventory_item_id, quantity) VALUES ('8dde89ae-33e1-9904-012d-8a6e03d8e070', '3f645207-7664-876a-52d3-21391c064c8f', '40361330-1a7f-1f78-1009-cf9265aaa139', 0.15) ON CONFLICT (product_id, inventory_item_id) DO UPDATE SET quantity = 0.15;
INSERT INTO product_recipes (id, product_id, inventory_item_id, quantity) VALUES ('8076416c-b7f3-056e-36f7-dcad822d9ddf', '3f645207-7664-876a-52d3-21391c064c8f', '8d364d2e-45ea-3f4f-8b2e-7ed4d8b75ae5', 1) ON CONFLICT (product_id, inventory_item_id) DO UPDATE SET quantity = 1;
INSERT INTO products (id, category_id, name_ar, name_en, price, description_ar, description_en, is_available) VALUES ('f45b75c8-4a2a-c6f8-7c4b-3e003da48022', 'c1111111-1111-1111-1111-111111111111', 'سلطة تشيكن سيزر سلاد', 'سلطة تشيكن سيزر سلاد', 120, 'شيت الوصفات الدفترية', 'Recipe Details', true) ON CONFLICT (id) DO UPDATE SET price = 120;
INSERT INTO product_recipes (id, product_id, inventory_item_id, quantity) VALUES ('1a9f31b6-cc08-7450-3aaa-3fd27907adfe', 'f45b75c8-4a2a-c6f8-7c4b-3e003da48022', '8c553f99-d7d9-ad1f-f298-5f50aee88638', 0.12) ON CONFLICT (product_id, inventory_item_id) DO UPDATE SET quantity = 0.12;
INSERT INTO product_recipes (id, product_id, inventory_item_id, quantity) VALUES ('9cc21a81-d1a3-0dab-1b65-74eb1ae6be9b', 'f45b75c8-4a2a-c6f8-7c4b-3e003da48022', '90174069-2536-7884-e816-9e0c68be3d70', 0.2) ON CONFLICT (product_id, inventory_item_id) DO UPDATE SET quantity = 0.2;
INSERT INTO product_recipes (id, product_id, inventory_item_id, quantity) VALUES ('6363be4b-603e-6ad4-16ff-9ebf747cddc3', 'f45b75c8-4a2a-c6f8-7c4b-3e003da48022', 'b584fa1a-e1ce-132c-38a7-cace1578bb9d', 0.08) ON CONFLICT (product_id, inventory_item_id) DO UPDATE SET quantity = 0.08;
INSERT INTO product_recipes (id, product_id, inventory_item_id, quantity) VALUES ('5c403cbb-d942-57ba-a632-87ef44986039', 'f45b75c8-4a2a-c6f8-7c4b-3e003da48022', 'c3df6a09-2637-e6ab-1e48-cdb475e06111', 2) ON CONFLICT (product_id, inventory_item_id) DO UPDATE SET quantity = 2;
INSERT INTO product_recipes (id, product_id, inventory_item_id, quantity) VALUES ('734ec76f-86f4-ea9c-0a45-de8781e19bcd', 'f45b75c8-4a2a-c6f8-7c4b-3e003da48022', '359e11ae-3a61-3155-603a-fc6c840f9282', 0.005) ON CONFLICT (product_id, inventory_item_id) DO UPDATE SET quantity = 0.005;
INSERT INTO product_recipes (id, product_id, inventory_item_id, quantity) VALUES ('197c1e05-6ec6-8b42-841e-deaf8c635888', 'f45b75c8-4a2a-c6f8-7c4b-3e003da48022', '35e8aefd-e837-2bd5-32f1-49cfcd00c212', 0.001) ON CONFLICT (product_id, inventory_item_id) DO UPDATE SET quantity = 0.001;
INSERT INTO product_recipes (id, product_id, inventory_item_id, quantity) VALUES ('ac668832-96f9-608d-3db7-55654dd983a6', 'f45b75c8-4a2a-c6f8-7c4b-3e003da48022', '5e2417a3-397e-6cc3-326d-401c208bcd00', 1) ON CONFLICT (product_id, inventory_item_id) DO UPDATE SET quantity = 1;
INSERT INTO product_recipes (id, product_id, inventory_item_id, quantity) VALUES ('0532a1f7-cbfc-d123-fd15-63cabe0f58b6', 'f45b75c8-4a2a-c6f8-7c4b-3e003da48022', '19d91a11-8ddf-5c49-a775-f0dda75c902c', 1) ON CONFLICT (product_id, inventory_item_id) DO UPDATE SET quantity = 1;
INSERT INTO product_recipes (id, product_id, inventory_item_id, quantity) VALUES ('a8c92ec3-a3a6-5297-5ce6-4fa0f89a4f0e', 'f45b75c8-4a2a-c6f8-7c4b-3e003da48022', '277db35c-34de-6a88-abba-bc66af410c0c', 1) ON CONFLICT (product_id, inventory_item_id) DO UPDATE SET quantity = 1;
INSERT INTO products (id, category_id, name_ar, name_en, price, description_ar, description_en, is_available) VALUES ('4c024591-db8d-d7c0-8aec-09d84ae3fcf3', 'c1111111-1111-1111-1111-111111111111', 'شوربة كريمة مشروم', 'شوربة كريمة مشروم', 85, 'شيت الوصفات الدفترية', 'Recipe Details', true) ON CONFLICT (id) DO UPDATE SET price = 85;
INSERT INTO product_recipes (id, product_id, inventory_item_id, quantity) VALUES ('9b5972e9-97e7-e99b-6493-820af663005e', '4c024591-db8d-d7c0-8aec-09d84ae3fcf3', '7421becd-bb4e-cb77-dc7d-1d70b6f30a83', 0.045) ON CONFLICT (product_id, inventory_item_id) DO UPDATE SET quantity = 0.045;
INSERT INTO product_recipes (id, product_id, inventory_item_id, quantity) VALUES ('5e9750c7-81be-9521-b886-f62a0bd409bd', '4c024591-db8d-d7c0-8aec-09d84ae3fcf3', '0de5dc0b-09a4-1ed8-04b6-233915c54169', 0.03) ON CONFLICT (product_id, inventory_item_id) DO UPDATE SET quantity = 0.03;
INSERT INTO product_recipes (id, product_id, inventory_item_id, quantity) VALUES ('5b0cd88a-0aa8-ced3-784e-4be3c54aa8a6', '4c024591-db8d-d7c0-8aec-09d84ae3fcf3', '37945459-5b34-465e-4a48-f95b4f6e838c', 0.008) ON CONFLICT (product_id, inventory_item_id) DO UPDATE SET quantity = 0.008;
INSERT INTO product_recipes (id, product_id, inventory_item_id, quantity) VALUES ('f9e78422-55b0-9661-8b04-6bd832f69950', '4c024591-db8d-d7c0-8aec-09d84ae3fcf3', '0d89daa4-cb06-c52b-e2fd-b39b4a9de21e', 0.01) ON CONFLICT (product_id, inventory_item_id) DO UPDATE SET quantity = 0.01;
INSERT INTO product_recipes (id, product_id, inventory_item_id, quantity) VALUES ('90da196c-960a-51ab-3f13-3d00168510d1', '4c024591-db8d-d7c0-8aec-09d84ae3fcf3', 'c6b32d7f-5a46-1615-216e-b11b08e4a2c9', 0.05) ON CONFLICT (product_id, inventory_item_id) DO UPDATE SET quantity = 0.05;
INSERT INTO product_recipes (id, product_id, inventory_item_id, quantity) VALUES ('a8768472-298b-0911-ab5e-dd0ddcf856c6', '4c024591-db8d-d7c0-8aec-09d84ae3fcf3', 'c7b3b419-5077-bed7-aa75-adebc569eec2', 1) ON CONFLICT (product_id, inventory_item_id) DO UPDATE SET quantity = 1;
INSERT INTO product_recipes (id, product_id, inventory_item_id, quantity) VALUES ('76f1f15b-9722-4261-0b40-dd475bbf880b', '4c024591-db8d-d7c0-8aec-09d84ae3fcf3', 'b961f2b4-37cf-2892-8f0a-04bd149a02a7', 0.005) ON CONFLICT (product_id, inventory_item_id) DO UPDATE SET quantity = 0.005;
INSERT INTO product_recipes (id, product_id, inventory_item_id, quantity) VALUES ('fa779ae2-b013-834c-1680-fa2ef3cabd8e', '4c024591-db8d-d7c0-8aec-09d84ae3fcf3', '11824c7e-d5da-2476-84e9-ef8e78b89af7', 1) ON CONFLICT (product_id, inventory_item_id) DO UPDATE SET quantity = 1;
INSERT INTO product_recipes (id, product_id, inventory_item_id, quantity) VALUES ('162dc834-08c4-62df-2789-ca0ec0016aba', '4c024591-db8d-d7c0-8aec-09d84ae3fcf3', 'a5ff9c9d-1f66-a657-3992-14c22da8a0a0', 1) ON CONFLICT (product_id, inventory_item_id) DO UPDATE SET quantity = 1;
INSERT INTO product_recipes (id, product_id, inventory_item_id, quantity) VALUES ('127c23fc-8654-2076-6a9c-cf432682389b', '4c024591-db8d-d7c0-8aec-09d84ae3fcf3', '19d91a11-8ddf-5c49-a775-f0dda75c902c', 1) ON CONFLICT (product_id, inventory_item_id) DO UPDATE SET quantity = 1;
INSERT INTO products (id, category_id, name_ar, name_en, price, description_ar, description_en, is_available) VALUES ('7be8196a-75b4-42c0-4aeb-504616384b4a', 'c1111111-1111-1111-1111-111111111111', 'شوربة تشكن كورن كريمة', 'شوربة تشكن كورن كريمة', 90, 'شيت الوصفات الدفترية', 'Recipe Details', true) ON CONFLICT (id) DO UPDATE SET price = 90;
INSERT INTO product_recipes (id, product_id, inventory_item_id, quantity) VALUES ('d1c3eda4-042c-5974-43d0-26c2d4a817fe', '7be8196a-75b4-42c0-4aeb-504616384b4a', 'ee7fc677-2c78-a355-e794-ec31ce0c9554', 0.08) ON CONFLICT (product_id, inventory_item_id) DO UPDATE SET quantity = 0.08;
INSERT INTO product_recipes (id, product_id, inventory_item_id, quantity) VALUES ('9f3f3dd5-150f-68fd-46db-46e162d08eef', '7be8196a-75b4-42c0-4aeb-504616384b4a', '25e8356d-29d5-475a-6404-e5d39aeff4e3', 0.03) ON CONFLICT (product_id, inventory_item_id) DO UPDATE SET quantity = 0.03;
INSERT INTO product_recipes (id, product_id, inventory_item_id, quantity) VALUES ('87186c39-f772-d41b-d05b-96e38c937ec8', '7be8196a-75b4-42c0-4aeb-504616384b4a', '37945459-5b34-465e-4a48-f95b4f6e838c', 0.08) ON CONFLICT (product_id, inventory_item_id) DO UPDATE SET quantity = 0.08;
INSERT INTO product_recipes (id, product_id, inventory_item_id, quantity) VALUES ('8ae2df3e-3bb2-4abe-7588-0817a95fb69d', '7be8196a-75b4-42c0-4aeb-504616384b4a', '0de5dc0b-09a4-1ed8-04b6-233915c54169', 0.03) ON CONFLICT (product_id, inventory_item_id) DO UPDATE SET quantity = 0.03;
INSERT INTO product_recipes (id, product_id, inventory_item_id, quantity) VALUES ('0cf3a53b-58ce-18d4-eb4a-2920d73202b5', '7be8196a-75b4-42c0-4aeb-504616384b4a', 'c6b32d7f-5a46-1615-216e-b11b08e4a2c9', 0.05) ON CONFLICT (product_id, inventory_item_id) DO UPDATE SET quantity = 0.05;
INSERT INTO product_recipes (id, product_id, inventory_item_id, quantity) VALUES ('bbf2f1c1-5e78-fb02-36e5-918295dbcd7f', '7be8196a-75b4-42c0-4aeb-504616384b4a', 'b961f2b4-37cf-2892-8f0a-04bd149a02a7', 0.005) ON CONFLICT (product_id, inventory_item_id) DO UPDATE SET quantity = 0.005;
INSERT INTO product_recipes (id, product_id, inventory_item_id, quantity) VALUES ('62e2564d-ad99-36cd-650e-5926d71bec5e', '7be8196a-75b4-42c0-4aeb-504616384b4a', '0d89daa4-cb06-c52b-e2fd-b39b4a9de21e', 0.01) ON CONFLICT (product_id, inventory_item_id) DO UPDATE SET quantity = 0.01;
INSERT INTO product_recipes (id, product_id, inventory_item_id, quantity) VALUES ('8ee832d8-6e8d-64f6-d7aa-e0f23602bd8b', '7be8196a-75b4-42c0-4aeb-504616384b4a', 'c7b3b419-5077-bed7-aa75-adebc569eec2', 1) ON CONFLICT (product_id, inventory_item_id) DO UPDATE SET quantity = 1;
INSERT INTO product_recipes (id, product_id, inventory_item_id, quantity) VALUES ('af40ca3a-ba10-346d-065a-f0a050935e85', '7be8196a-75b4-42c0-4aeb-504616384b4a', '11824c7e-d5da-2476-84e9-ef8e78b89af7', 1) ON CONFLICT (product_id, inventory_item_id) DO UPDATE SET quantity = 1;
INSERT INTO product_recipes (id, product_id, inventory_item_id, quantity) VALUES ('79640332-d8fc-d50c-fbea-ef7d7e06c803', '7be8196a-75b4-42c0-4aeb-504616384b4a', 'a5ff9c9d-1f66-a657-3992-14c22da8a0a0', 1) ON CONFLICT (product_id, inventory_item_id) DO UPDATE SET quantity = 1;
INSERT INTO product_recipes (id, product_id, inventory_item_id, quantity) VALUES ('93dc82ce-f4cf-3dfb-3cb6-b44f96f04889', '7be8196a-75b4-42c0-4aeb-504616384b4a', '19d91a11-8ddf-5c49-a775-f0dda75c902c', 1) ON CONFLICT (product_id, inventory_item_id) DO UPDATE SET quantity = 1;
INSERT INTO products (id, category_id, name_ar, name_en, price, description_ar, description_en, is_available) VALUES ('8b72a4b3-a80f-77f1-805f-443cc74125c7', 'c1111111-1111-1111-1111-111111111111', 'شوربة سى فود شاوردر', 'شوربة سى فود شاوردر', 140, 'شيت الوصفات الدفترية', 'Recipe Details', true) ON CONFLICT (id) DO UPDATE SET price = 140;
INSERT INTO product_recipes (id, product_id, inventory_item_id, quantity) VALUES ('ddefb965-b6fa-3b7e-14f4-418518568bd7', '8b72a4b3-a80f-77f1-805f-443cc74125c7', '62698a04-b6f7-52b9-ab75-89f7b10e5b1e', 0.08) ON CONFLICT (product_id, inventory_item_id) DO UPDATE SET quantity = 0.08;
INSERT INTO product_recipes (id, product_id, inventory_item_id, quantity) VALUES ('9eb40a82-7896-477a-ea39-1638bf66ec33', '8b72a4b3-a80f-77f1-805f-443cc74125c7', '1088c082-c19a-1565-3378-352514e37749', 0.08) ON CONFLICT (product_id, inventory_item_id) DO UPDATE SET quantity = 0.08;
INSERT INTO product_recipes (id, product_id, inventory_item_id, quantity) VALUES ('a4852ed4-c718-d710-6e3b-6eb9c7005b15', '8b72a4b3-a80f-77f1-805f-443cc74125c7', '5637a28d-6a23-3b06-789b-06e72febc15f', 0.02) ON CONFLICT (product_id, inventory_item_id) DO UPDATE SET quantity = 0.02;
INSERT INTO product_recipes (id, product_id, inventory_item_id, quantity) VALUES ('631dfa11-9018-6c22-c2e3-1c5f73568b49', '8b72a4b3-a80f-77f1-805f-443cc74125c7', '37945459-5b34-465e-4a48-f95b4f6e838c', 0.08) ON CONFLICT (product_id, inventory_item_id) DO UPDATE SET quantity = 0.08;
INSERT INTO product_recipes (id, product_id, inventory_item_id, quantity) VALUES ('fae1f0a2-d7b4-ae3a-d5c4-6849da8123e2', '8b72a4b3-a80f-77f1-805f-443cc74125c7', '0de5dc0b-09a4-1ed8-04b6-233915c54169', 0.03) ON CONFLICT (product_id, inventory_item_id) DO UPDATE SET quantity = 0.03;
INSERT INTO product_recipes (id, product_id, inventory_item_id, quantity) VALUES ('e1fdd4fb-6955-cdf8-b2a0-e75a942a243f', '8b72a4b3-a80f-77f1-805f-443cc74125c7', 'c6b32d7f-5a46-1615-216e-b11b08e4a2c9', 0.05) ON CONFLICT (product_id, inventory_item_id) DO UPDATE SET quantity = 0.05;
INSERT INTO product_recipes (id, product_id, inventory_item_id, quantity) VALUES ('19cd00c6-4245-de63-63d0-9f7b15ae2e12', '8b72a4b3-a80f-77f1-805f-443cc74125c7', 'b961f2b4-37cf-2892-8f0a-04bd149a02a7', 0.005) ON CONFLICT (product_id, inventory_item_id) DO UPDATE SET quantity = 0.005;
INSERT INTO product_recipes (id, product_id, inventory_item_id, quantity) VALUES ('0fef1aa0-c263-adc4-f5e7-20c74e9c8a1a', '8b72a4b3-a80f-77f1-805f-443cc74125c7', 'c7b3b419-5077-bed7-aa75-adebc569eec2', 1) ON CONFLICT (product_id, inventory_item_id) DO UPDATE SET quantity = 1;
INSERT INTO product_recipes (id, product_id, inventory_item_id, quantity) VALUES ('28babc20-d2fa-f7bd-643e-c323234a4a26', '8b72a4b3-a80f-77f1-805f-443cc74125c7', '11824c7e-d5da-2476-84e9-ef8e78b89af7', 1) ON CONFLICT (product_id, inventory_item_id) DO UPDATE SET quantity = 1;
INSERT INTO product_recipes (id, product_id, inventory_item_id, quantity) VALUES ('b2eaac14-8e5b-99e8-c5c3-17b9fc1c30dd', '8b72a4b3-a80f-77f1-805f-443cc74125c7', 'a5ff9c9d-1f66-a657-3992-14c22da8a0a0', 1) ON CONFLICT (product_id, inventory_item_id) DO UPDATE SET quantity = 1;
INSERT INTO product_recipes (id, product_id, inventory_item_id, quantity) VALUES ('abecd05d-d5e6-06cf-2dea-56374f857350', '8b72a4b3-a80f-77f1-805f-443cc74125c7', '19d91a11-8ddf-5c49-a775-f0dda75c902c', 1) ON CONFLICT (product_id, inventory_item_id) DO UPDATE SET quantity = 1;
INSERT INTO products (id, category_id, name_ar, name_en, price, description_ar, description_en, is_available) VALUES ('67ef2bee-aeee-1302-a13b-080948b751da', 'c1111111-1111-1111-1111-111111111111', 'شوربة تشكن كريمة', 'شوربة تشكن كريمة', 85, 'شيت الوصفات الدفترية', 'Recipe Details', true) ON CONFLICT (id) DO UPDATE SET price = 85;
INSERT INTO product_recipes (id, product_id, inventory_item_id, quantity) VALUES ('b5e186eb-79e2-f80c-3564-4d77f86bfdb7', '67ef2bee-aeee-1302-a13b-080948b751da', 'ee7fc677-2c78-a355-e794-ec31ce0c9554', 0.1) ON CONFLICT (product_id, inventory_item_id) DO UPDATE SET quantity = 0.1;
INSERT INTO product_recipes (id, product_id, inventory_item_id, quantity) VALUES ('c2d0d430-cdbd-eb59-23a2-6248e9cdc801', '67ef2bee-aeee-1302-a13b-080948b751da', '0de5dc0b-09a4-1ed8-04b6-233915c54169', 0.03) ON CONFLICT (product_id, inventory_item_id) DO UPDATE SET quantity = 0.03;
INSERT INTO product_recipes (id, product_id, inventory_item_id, quantity) VALUES ('660fe4c0-ac7a-64bd-865a-f5ebbe989ceb', '67ef2bee-aeee-1302-a13b-080948b751da', '37945459-5b34-465e-4a48-f95b4f6e838c', 0.08) ON CONFLICT (product_id, inventory_item_id) DO UPDATE SET quantity = 0.08;
INSERT INTO product_recipes (id, product_id, inventory_item_id, quantity) VALUES ('7120f492-10f6-85b5-a3c3-cf38bf8df65e', '67ef2bee-aeee-1302-a13b-080948b751da', '0d89daa4-cb06-c52b-e2fd-b39b4a9de21e', 0.01) ON CONFLICT (product_id, inventory_item_id) DO UPDATE SET quantity = 0.01;
INSERT INTO product_recipes (id, product_id, inventory_item_id, quantity) VALUES ('365c283d-2434-dba2-02ea-7c01ce417b6e', '67ef2bee-aeee-1302-a13b-080948b751da', 'c6b32d7f-5a46-1615-216e-b11b08e4a2c9', 0.05) ON CONFLICT (product_id, inventory_item_id) DO UPDATE SET quantity = 0.05;
INSERT INTO product_recipes (id, product_id, inventory_item_id, quantity) VALUES ('955c6224-adf5-0b41-0992-b7816afaf0ca', '67ef2bee-aeee-1302-a13b-080948b751da', 'b961f2b4-37cf-2892-8f0a-04bd149a02a7', 0.005) ON CONFLICT (product_id, inventory_item_id) DO UPDATE SET quantity = 0.005;
INSERT INTO product_recipes (id, product_id, inventory_item_id, quantity) VALUES ('e305b7ef-ad40-e444-711a-d70dcaebb5d3', '67ef2bee-aeee-1302-a13b-080948b751da', 'c7b3b419-5077-bed7-aa75-adebc569eec2', 1) ON CONFLICT (product_id, inventory_item_id) DO UPDATE SET quantity = 1;
INSERT INTO product_recipes (id, product_id, inventory_item_id, quantity) VALUES ('1e261e23-c54e-5fe4-3bd7-29074c09cab0', '67ef2bee-aeee-1302-a13b-080948b751da', '11824c7e-d5da-2476-84e9-ef8e78b89af7', 1) ON CONFLICT (product_id, inventory_item_id) DO UPDATE SET quantity = 1;
INSERT INTO product_recipes (id, product_id, inventory_item_id, quantity) VALUES ('3cd5f46b-64fe-98df-4720-696b16f48c87', '67ef2bee-aeee-1302-a13b-080948b751da', 'a5ff9c9d-1f66-a657-3992-14c22da8a0a0', 1) ON CONFLICT (product_id, inventory_item_id) DO UPDATE SET quantity = 1;
INSERT INTO product_recipes (id, product_id, inventory_item_id, quantity) VALUES ('ac5cb3b9-81b7-8aa9-4818-225ba96a20dd', '67ef2bee-aeee-1302-a13b-080948b751da', '19d91a11-8ddf-5c49-a775-f0dda75c902c', 1) ON CONFLICT (product_id, inventory_item_id) DO UPDATE SET quantity = 1;
INSERT INTO products (id, category_id, name_ar, name_en, price, description_ar, description_en, is_available) VALUES ('53114094-418b-94d6-9cd6-ff24899bee22', 'c1111111-1111-1111-1111-111111111111', 'شوربة بيف بورش', 'شوربة بيف بورش', 95, 'شيت الوصفات الدفترية', 'Recipe Details', true) ON CONFLICT (id) DO UPDATE SET price = 95;
INSERT INTO product_recipes (id, product_id, inventory_item_id, quantity) VALUES ('3267d500-bd4a-6094-3a28-a2be5ccd94e4', '53114094-418b-94d6-9cd6-ff24899bee22', '8768e660-54c5-624c-e293-d89887df4b88', 0.1) ON CONFLICT (product_id, inventory_item_id) DO UPDATE SET quantity = 0.1;
INSERT INTO product_recipes (id, product_id, inventory_item_id, quantity) VALUES ('b12aec07-fd78-1cb6-4b6a-04b203e29d1b', '53114094-418b-94d6-9cd6-ff24899bee22', '5e7bfb3e-5758-0f34-cd6f-13cb4707d11e', 0.05) ON CONFLICT (product_id, inventory_item_id) DO UPDATE SET quantity = 0.05;
INSERT INTO product_recipes (id, product_id, inventory_item_id, quantity) VALUES ('5b6d6a2c-53a7-15ea-873b-72cf44d9d810', '53114094-418b-94d6-9cd6-ff24899bee22', '7d338fb8-d419-f7c3-f067-7a284087c7e5', 0.075) ON CONFLICT (product_id, inventory_item_id) DO UPDATE SET quantity = 0.075;
INSERT INTO product_recipes (id, product_id, inventory_item_id, quantity) VALUES ('11a278f8-b792-94a8-a1db-925c577c7b95', '53114094-418b-94d6-9cd6-ff24899bee22', 'c7b3b419-5077-bed7-aa75-adebc569eec2', 1) ON CONFLICT (product_id, inventory_item_id) DO UPDATE SET quantity = 1;
INSERT INTO product_recipes (id, product_id, inventory_item_id, quantity) VALUES ('df6cbe89-0b73-ea86-b5e5-669dcdb33aba', '53114094-418b-94d6-9cd6-ff24899bee22', 'b961f2b4-37cf-2892-8f0a-04bd149a02a7', 0.005) ON CONFLICT (product_id, inventory_item_id) DO UPDATE SET quantity = 0.005;
INSERT INTO product_recipes (id, product_id, inventory_item_id, quantity) VALUES ('75caffa6-9647-5f64-6e18-5f57ad4f156f', '53114094-418b-94d6-9cd6-ff24899bee22', '511e4893-d064-54c8-d046-1a86ece0df81', 0.001) ON CONFLICT (product_id, inventory_item_id) DO UPDATE SET quantity = 0.001;
INSERT INTO product_recipes (id, product_id, inventory_item_id, quantity) VALUES ('4b394b57-cc99-9ecf-d554-a0096ec95a4b', '53114094-418b-94d6-9cd6-ff24899bee22', '11824c7e-d5da-2476-84e9-ef8e78b89af7', 1) ON CONFLICT (product_id, inventory_item_id) DO UPDATE SET quantity = 1;
INSERT INTO product_recipes (id, product_id, inventory_item_id, quantity) VALUES ('24110185-5af1-3b81-d8b5-0430d409de5f', '53114094-418b-94d6-9cd6-ff24899bee22', 'a5ff9c9d-1f66-a657-3992-14c22da8a0a0', 1) ON CONFLICT (product_id, inventory_item_id) DO UPDATE SET quantity = 1;
INSERT INTO product_recipes (id, product_id, inventory_item_id, quantity) VALUES ('8cbcf56c-802c-4c1c-e253-bb34d5575f9e', '53114094-418b-94d6-9cd6-ff24899bee22', '19d91a11-8ddf-5c49-a775-f0dda75c902c', 1) ON CONFLICT (product_id, inventory_item_id) DO UPDATE SET quantity = 1;
INSERT INTO products (id, category_id, name_ar, name_en, price, description_ar, description_en, is_available) VALUES ('2cf6d50d-8af7-ecbc-7e50-830ce5f551c3', 'c1111111-1111-1111-1111-111111111111', 'شوربة لسان عصفور', 'شوربة لسان عصفور', 65, 'شيت الوصفات الدفترية', 'Recipe Details', true) ON CONFLICT (id) DO UPDATE SET price = 65;
INSERT INTO product_recipes (id, product_id, inventory_item_id, quantity) VALUES ('f87d2d5d-267f-424e-d9fa-c1b2a86a5fdc', '2cf6d50d-8af7-ecbc-7e50-830ce5f551c3', 'c97d35af-6fc4-e993-23cd-602a8794d042', 0.05) ON CONFLICT (product_id, inventory_item_id) DO UPDATE SET quantity = 0.05;
INSERT INTO product_recipes (id, product_id, inventory_item_id, quantity) VALUES ('8b107114-b172-3956-81b2-e3000e1730ec', '2cf6d50d-8af7-ecbc-7e50-830ce5f551c3', 'b961f2b4-37cf-2892-8f0a-04bd149a02a7', 0.005) ON CONFLICT (product_id, inventory_item_id) DO UPDATE SET quantity = 0.005;
INSERT INTO product_recipes (id, product_id, inventory_item_id, quantity) VALUES ('6358bd1c-3798-37ea-140c-f585d6891d78', '2cf6d50d-8af7-ecbc-7e50-830ce5f551c3', 'c7b3b419-5077-bed7-aa75-adebc569eec2', 1) ON CONFLICT (product_id, inventory_item_id) DO UPDATE SET quantity = 1;
INSERT INTO product_recipes (id, product_id, inventory_item_id, quantity) VALUES ('ed862728-e8b2-ea81-9ce5-2cfb8c1193f9', '2cf6d50d-8af7-ecbc-7e50-830ce5f551c3', '511e4893-d064-54c8-d046-1a86ece0df81', 0.001) ON CONFLICT (product_id, inventory_item_id) DO UPDATE SET quantity = 0.001;
INSERT INTO product_recipes (id, product_id, inventory_item_id, quantity) VALUES ('8216ae62-8673-d23a-af09-0cb93f98a18e', '2cf6d50d-8af7-ecbc-7e50-830ce5f551c3', '11824c7e-d5da-2476-84e9-ef8e78b89af7', 1) ON CONFLICT (product_id, inventory_item_id) DO UPDATE SET quantity = 1;
INSERT INTO product_recipes (id, product_id, inventory_item_id, quantity) VALUES ('ae674a56-99a1-2f7e-8a1c-c3cb0b77d5f5', '2cf6d50d-8af7-ecbc-7e50-830ce5f551c3', 'a5ff9c9d-1f66-a657-3992-14c22da8a0a0', 1) ON CONFLICT (product_id, inventory_item_id) DO UPDATE SET quantity = 1;
INSERT INTO product_recipes (id, product_id, inventory_item_id, quantity) VALUES ('69c32c2b-bd9d-53ea-6157-ba9799880ca6', '2cf6d50d-8af7-ecbc-7e50-830ce5f551c3', '19d91a11-8ddf-5c49-a775-f0dda75c902c', 1) ON CONFLICT (product_id, inventory_item_id) DO UPDATE SET quantity = 1;
INSERT INTO products (id, category_id, name_ar, name_en, price, description_ar, description_en, is_available) VALUES ('c49e5902-b4ac-d828-b841-1c747d80e9e7', 'c2222222-2222-2222-2222-222222222222', 'طاجن بيف جولاش', 'طاجن بيف جولاش', 190, 'شيت الوصفات الدفترية', 'Recipe Details', true) ON CONFLICT (id) DO UPDATE SET price = 190;
INSERT INTO product_recipes (id, product_id, inventory_item_id, quantity) VALUES ('ef5ab71f-73b1-001a-83f3-5a47529010ec', 'c49e5902-b4ac-d828-b841-1c747d80e9e7', '86ee22ea-d943-f63b-092e-666d7861ab82', 0.2) ON CONFLICT (product_id, inventory_item_id) DO UPDATE SET quantity = 0.2;
INSERT INTO product_recipes (id, product_id, inventory_item_id, quantity) VALUES ('b0cf2afb-86ca-c0b4-d9e4-80492dcbed7f', 'c49e5902-b4ac-d828-b841-1c747d80e9e7', '5e7bfb3e-5758-0f34-cd6f-13cb4707d11e', 0.2) ON CONFLICT (product_id, inventory_item_id) DO UPDATE SET quantity = 0.2;
INSERT INTO product_recipes (id, product_id, inventory_item_id, quantity) VALUES ('189733a4-4d5d-0e9b-eba5-1df936a94a81', 'c49e5902-b4ac-d828-b841-1c747d80e9e7', 'b961f2b4-37cf-2892-8f0a-04bd149a02a7', 0.08) ON CONFLICT (product_id, inventory_item_id) DO UPDATE SET quantity = 0.08;
INSERT INTO product_recipes (id, product_id, inventory_item_id, quantity) VALUES ('a09bfefc-b68f-e7c7-aacd-e4127123b1a2', 'c49e5902-b4ac-d828-b841-1c747d80e9e7', '69ce289b-c170-95a7-5aab-b45b344f2823', 0.01) ON CONFLICT (product_id, inventory_item_id) DO UPDATE SET quantity = 0.01;
INSERT INTO product_recipes (id, product_id, inventory_item_id, quantity) VALUES ('f2aeebf2-6325-75d8-ff4e-32beb081a375', 'c49e5902-b4ac-d828-b841-1c747d80e9e7', 'c7b3b419-5077-bed7-aa75-adebc569eec2', 1) ON CONFLICT (product_id, inventory_item_id) DO UPDATE SET quantity = 1;
INSERT INTO product_recipes (id, product_id, inventory_item_id, quantity) VALUES ('2798e935-84f9-c288-709c-ae013ca303b2', 'c49e5902-b4ac-d828-b841-1c747d80e9e7', '511e4893-d064-54c8-d046-1a86ece0df81', 0.01) ON CONFLICT (product_id, inventory_item_id) DO UPDATE SET quantity = 0.01;
INSERT INTO product_recipes (id, product_id, inventory_item_id, quantity) VALUES ('6b6b8b81-94fe-5591-c32f-5e3379711f1b', 'c49e5902-b4ac-d828-b841-1c747d80e9e7', '8641a4d9-3f41-b5a4-5420-b4408d90e68d', 0.01) ON CONFLICT (product_id, inventory_item_id) DO UPDATE SET quantity = 0.01;
INSERT INTO product_recipes (id, product_id, inventory_item_id, quantity) VALUES ('72b80200-6037-4373-dae5-6e21afcc7594', 'c49e5902-b4ac-d828-b841-1c747d80e9e7', '6fd656b0-eb3e-6f31-b08e-b7ffb833fe51', 0.1) ON CONFLICT (product_id, inventory_item_id) DO UPDATE SET quantity = 0.1;
INSERT INTO product_recipes (id, product_id, inventory_item_id, quantity) VALUES ('28e24ca2-068f-6e36-f28c-50aae3093e02', 'c49e5902-b4ac-d828-b841-1c747d80e9e7', 'ac615a7a-c1c2-29a1-0c84-f238dac2444c', 0.15) ON CONFLICT (product_id, inventory_item_id) DO UPDATE SET quantity = 0.15;
INSERT INTO product_recipes (id, product_id, inventory_item_id, quantity) VALUES ('4d338783-67ce-7428-81b4-7ad1395dfcb5', 'c49e5902-b4ac-d828-b841-1c747d80e9e7', 'ebbdf217-f40d-2cc7-7ab8-199a00138550', 0.15) ON CONFLICT (product_id, inventory_item_id) DO UPDATE SET quantity = 0.15;
INSERT INTO product_recipes (id, product_id, inventory_item_id, quantity) VALUES ('c672c6c5-b1f6-ef1d-ceee-5cd8a9dd5b32', 'c49e5902-b4ac-d828-b841-1c747d80e9e7', 'd532fcf2-90b1-c110-24e3-481c954f72e7', 1) ON CONFLICT (product_id, inventory_item_id) DO UPDATE SET quantity = 1;
INSERT INTO product_recipes (id, product_id, inventory_item_id, quantity) VALUES ('d54a8b0f-f438-d1af-611f-02c8782727ec', 'c49e5902-b4ac-d828-b841-1c747d80e9e7', '19d91a11-8ddf-5c49-a775-f0dda75c902c', 1) ON CONFLICT (product_id, inventory_item_id) DO UPDATE SET quantity = 1;
INSERT INTO product_recipes (id, product_id, inventory_item_id, quantity) VALUES ('7df64494-2d8f-e5eb-92d0-fddbd67297d3', 'c49e5902-b4ac-d828-b841-1c747d80e9e7', '949deb9c-5296-2665-4b65-a94407473da3', 1) ON CONFLICT (product_id, inventory_item_id) DO UPDATE SET quantity = 1;
INSERT INTO product_recipes (id, product_id, inventory_item_id, quantity) VALUES ('b6859ac7-c613-0b9f-8793-4ab57ad77634', 'c49e5902-b4ac-d828-b841-1c747d80e9e7', 'aac8bfe2-858c-2e68-591d-f641a7bb1c81', 1) ON CONFLICT (product_id, inventory_item_id) DO UPDATE SET quantity = 1;
INSERT INTO product_recipes (id, product_id, inventory_item_id, quantity) VALUES ('440807c6-f90f-1990-1d54-8e9d2e14f1cd', 'c49e5902-b4ac-d828-b841-1c747d80e9e7', '8d364d2e-45ea-3f4f-8b2e-7ed4d8b75ae5', 1) ON CONFLICT (product_id, inventory_item_id) DO UPDATE SET quantity = 1;
INSERT INTO product_recipes (id, product_id, inventory_item_id, quantity) VALUES ('be8e21a4-95f1-21e7-45ec-af29d712b89e', 'c49e5902-b4ac-d828-b841-1c747d80e9e7', '9aa15944-a610-6968-9b7f-9277614febc3', 1) ON CONFLICT (product_id, inventory_item_id) DO UPDATE SET quantity = 1;
INSERT INTO products (id, category_id, name_ar, name_en, price, description_ar, description_en, is_available) VALUES ('5444571c-308c-b419-fa2d-abd510f32f85', 'c2222222-2222-2222-2222-222222222222', 'طاجن باميه باللحمة', 'طاجن باميه باللحمة', 180, 'شيت الوصفات الدفترية', 'Recipe Details', true) ON CONFLICT (id) DO UPDATE SET price = 180;
INSERT INTO product_recipes (id, product_id, inventory_item_id, quantity) VALUES ('aea99416-e6d2-c356-0bcb-b81cd976b81f', '5444571c-308c-b419-fa2d-abd510f32f85', '8768e660-54c5-624c-e293-d89887df4b88', 0.2) ON CONFLICT (product_id, inventory_item_id) DO UPDATE SET quantity = 0.2;
INSERT INTO product_recipes (id, product_id, inventory_item_id, quantity) VALUES ('3c1ec387-48b2-eedf-3e7a-242b283c2179', '5444571c-308c-b419-fa2d-abd510f32f85', '86ee22ea-d943-f63b-092e-666d7861ab82', 0.2) ON CONFLICT (product_id, inventory_item_id) DO UPDATE SET quantity = 0.2;
INSERT INTO product_recipes (id, product_id, inventory_item_id, quantity) VALUES ('53aeb4d1-867f-f5df-9572-ffc63301e54b', '5444571c-308c-b419-fa2d-abd510f32f85', 'b961f2b4-37cf-2892-8f0a-04bd149a02a7', 0.05) ON CONFLICT (product_id, inventory_item_id) DO UPDATE SET quantity = 0.05;
INSERT INTO product_recipes (id, product_id, inventory_item_id, quantity) VALUES ('87445290-0b6e-a474-4e07-f81e6f8e5990', '5444571c-308c-b419-fa2d-abd510f32f85', '13571033-e3cb-f12a-cd14-2f4d6c7397a9', 0.05) ON CONFLICT (product_id, inventory_item_id) DO UPDATE SET quantity = 0.05;
INSERT INTO product_recipes (id, product_id, inventory_item_id, quantity) VALUES ('68f73f87-1b20-b5c1-8b47-2e2f3501bcf5', '5444571c-308c-b419-fa2d-abd510f32f85', 'ef7a1102-f9e7-07ac-65dc-e70ef2db82dd', 0.05) ON CONFLICT (product_id, inventory_item_id) DO UPDATE SET quantity = 0.05;
INSERT INTO product_recipes (id, product_id, inventory_item_id, quantity) VALUES ('d6515133-dddb-8b89-91b3-f4578e87f140', '5444571c-308c-b419-fa2d-abd510f32f85', '6f6d4b0c-d09a-457a-2ff5-b87005f7a46c', 0.15) ON CONFLICT (product_id, inventory_item_id) DO UPDATE SET quantity = 0.15;
INSERT INTO product_recipes (id, product_id, inventory_item_id, quantity) VALUES ('dbe36bf0-f41b-46b4-d16c-52c85a382f82', '5444571c-308c-b419-fa2d-abd510f32f85', 'd532fcf2-90b1-c110-24e3-481c954f72e7', 1) ON CONFLICT (product_id, inventory_item_id) DO UPDATE SET quantity = 1;
INSERT INTO product_recipes (id, product_id, inventory_item_id, quantity) VALUES ('e5750518-772e-82c1-eb2f-141d084ac808', '5444571c-308c-b419-fa2d-abd510f32f85', '69ce289b-c170-95a7-5aab-b45b344f2823', 0.01) ON CONFLICT (product_id, inventory_item_id) DO UPDATE SET quantity = 0.01;
INSERT INTO product_recipes (id, product_id, inventory_item_id, quantity) VALUES ('592a8e53-75ed-ae91-3345-fe83a7d022e5', '5444571c-308c-b419-fa2d-abd510f32f85', 'c7b3b419-5077-bed7-aa75-adebc569eec2', 1) ON CONFLICT (product_id, inventory_item_id) DO UPDATE SET quantity = 1;
INSERT INTO product_recipes (id, product_id, inventory_item_id, quantity) VALUES ('d417d33e-1b91-abd5-406a-908b51601133', '5444571c-308c-b419-fa2d-abd510f32f85', 'ac615a7a-c1c2-29a1-0c84-f238dac2444c', 0.15) ON CONFLICT (product_id, inventory_item_id) DO UPDATE SET quantity = 0.15;
INSERT INTO product_recipes (id, product_id, inventory_item_id, quantity) VALUES ('d10c058a-cef0-5bcd-104d-20c0ddd4bd4f', '5444571c-308c-b419-fa2d-abd510f32f85', 'ebbdf217-f40d-2cc7-7ab8-199a00138550', 0.15) ON CONFLICT (product_id, inventory_item_id) DO UPDATE SET quantity = 0.15;
INSERT INTO product_recipes (id, product_id, inventory_item_id, quantity) VALUES ('8288d317-f2b7-19f5-0e8e-05cd376a0e6c', '5444571c-308c-b419-fa2d-abd510f32f85', '19d91a11-8ddf-5c49-a775-f0dda75c902c', 1) ON CONFLICT (product_id, inventory_item_id) DO UPDATE SET quantity = 1;
INSERT INTO product_recipes (id, product_id, inventory_item_id, quantity) VALUES ('26c28983-36d8-a648-bd85-75e676859182', '5444571c-308c-b419-fa2d-abd510f32f85', '949deb9c-5296-2665-4b65-a94407473da3', 1) ON CONFLICT (product_id, inventory_item_id) DO UPDATE SET quantity = 1;
INSERT INTO product_recipes (id, product_id, inventory_item_id, quantity) VALUES ('a283e26b-1a93-08bb-1a6b-5fe33ae51c60', '5444571c-308c-b419-fa2d-abd510f32f85', 'aac8bfe2-858c-2e68-591d-f641a7bb1c81', 1) ON CONFLICT (product_id, inventory_item_id) DO UPDATE SET quantity = 1;
INSERT INTO product_recipes (id, product_id, inventory_item_id, quantity) VALUES ('4cd9dbc7-845c-e452-0c0d-792818841516', '5444571c-308c-b419-fa2d-abd510f32f85', '8d364d2e-45ea-3f4f-8b2e-7ed4d8b75ae5', 1) ON CONFLICT (product_id, inventory_item_id) DO UPDATE SET quantity = 1;
INSERT INTO product_recipes (id, product_id, inventory_item_id, quantity) VALUES ('75731579-300f-148b-c4aa-890ee5d5f53f', '5444571c-308c-b419-fa2d-abd510f32f85', '9aa15944-a610-6968-9b7f-9277614febc3', 1) ON CONFLICT (product_id, inventory_item_id) DO UPDATE SET quantity = 1;
INSERT INTO products (id, category_id, name_ar, name_en, price, description_ar, description_en, is_available) VALUES ('362f0efd-06fd-03e5-ec87-155fe9780713', 'c2222222-2222-2222-2222-222222222222', 'طاجن بطاطس باللحمة', 'طاجن بطاطس باللحمة', 185, 'شيت الوصفات الدفترية', 'Recipe Details', true) ON CONFLICT (id) DO UPDATE SET price = 185;
INSERT INTO product_recipes (id, product_id, inventory_item_id, quantity) VALUES ('f91726a4-d4a4-4513-21fd-57f011a2ae77', '362f0efd-06fd-03e5-ec87-155fe9780713', '5e7bfb3e-5758-0f34-cd6f-13cb4707d11e', 0.2) ON CONFLICT (product_id, inventory_item_id) DO UPDATE SET quantity = 0.2;
INSERT INTO product_recipes (id, product_id, inventory_item_id, quantity) VALUES ('0df9fa49-df3a-eaef-200a-20b26b686113', '362f0efd-06fd-03e5-ec87-155fe9780713', '86ee22ea-d943-f63b-092e-666d7861ab82', 0.2) ON CONFLICT (product_id, inventory_item_id) DO UPDATE SET quantity = 0.2;
INSERT INTO product_recipes (id, product_id, inventory_item_id, quantity) VALUES ('a30367fa-63ee-0f95-41e7-29519d7af20d', '362f0efd-06fd-03e5-ec87-155fe9780713', 'b961f2b4-37cf-2892-8f0a-04bd149a02a7', 0.05) ON CONFLICT (product_id, inventory_item_id) DO UPDATE SET quantity = 0.05;
INSERT INTO product_recipes (id, product_id, inventory_item_id, quantity) VALUES ('72a8730e-a7ca-3da8-1dc9-4bae55b3673c', '362f0efd-06fd-03e5-ec87-155fe9780713', '13571033-e3cb-f12a-cd14-2f4d6c7397a9', 0.05) ON CONFLICT (product_id, inventory_item_id) DO UPDATE SET quantity = 0.05;
INSERT INTO product_recipes (id, product_id, inventory_item_id, quantity) VALUES ('3eb1021c-dc61-e192-26a1-481eda3d27f1', '362f0efd-06fd-03e5-ec87-155fe9780713', 'ef7a1102-f9e7-07ac-65dc-e70ef2db82dd', 0.05) ON CONFLICT (product_id, inventory_item_id) DO UPDATE SET quantity = 0.05;
INSERT INTO product_recipes (id, product_id, inventory_item_id, quantity) VALUES ('1911bc7e-7c25-1346-ece0-bd1cb12c644d', '362f0efd-06fd-03e5-ec87-155fe9780713', '6f6d4b0c-d09a-457a-2ff5-b87005f7a46c', 0.15) ON CONFLICT (product_id, inventory_item_id) DO UPDATE SET quantity = 0.15;
INSERT INTO product_recipes (id, product_id, inventory_item_id, quantity) VALUES ('15c0a623-28f6-044f-98b0-49fb5107d17d', '362f0efd-06fd-03e5-ec87-155fe9780713', 'd532fcf2-90b1-c110-24e3-481c954f72e7', 1) ON CONFLICT (product_id, inventory_item_id) DO UPDATE SET quantity = 1;
INSERT INTO product_recipes (id, product_id, inventory_item_id, quantity) VALUES ('17717c67-f85c-8bb3-6087-11ed160ef01d', '362f0efd-06fd-03e5-ec87-155fe9780713', '69ce289b-c170-95a7-5aab-b45b344f2823', 0.01) ON CONFLICT (product_id, inventory_item_id) DO UPDATE SET quantity = 0.01;
INSERT INTO product_recipes (id, product_id, inventory_item_id, quantity) VALUES ('5653a609-5197-0912-12e0-b9a2667f32a2', '362f0efd-06fd-03e5-ec87-155fe9780713', 'c7b3b419-5077-bed7-aa75-adebc569eec2', 1) ON CONFLICT (product_id, inventory_item_id) DO UPDATE SET quantity = 1;
INSERT INTO product_recipes (id, product_id, inventory_item_id, quantity) VALUES ('0d4ee5bc-3b83-74cc-b6d2-32e652131c6b', '362f0efd-06fd-03e5-ec87-155fe9780713', 'ac615a7a-c1c2-29a1-0c84-f238dac2444c', 0.15) ON CONFLICT (product_id, inventory_item_id) DO UPDATE SET quantity = 0.15;
INSERT INTO product_recipes (id, product_id, inventory_item_id, quantity) VALUES ('38fc270c-8a82-4bc4-114a-8b0b27610af9', '362f0efd-06fd-03e5-ec87-155fe9780713', 'ebbdf217-f40d-2cc7-7ab8-199a00138550', 0.15) ON CONFLICT (product_id, inventory_item_id) DO UPDATE SET quantity = 0.15;
INSERT INTO product_recipes (id, product_id, inventory_item_id, quantity) VALUES ('a51dc131-065b-4c04-a932-2d9dd8b27b06', '362f0efd-06fd-03e5-ec87-155fe9780713', '19d91a11-8ddf-5c49-a775-f0dda75c902c', 1) ON CONFLICT (product_id, inventory_item_id) DO UPDATE SET quantity = 1;
INSERT INTO product_recipes (id, product_id, inventory_item_id, quantity) VALUES ('fe5ce59c-3fe0-9804-fa9f-592c39cf03a0', '362f0efd-06fd-03e5-ec87-155fe9780713', '949deb9c-5296-2665-4b65-a94407473da3', 1) ON CONFLICT (product_id, inventory_item_id) DO UPDATE SET quantity = 1;
INSERT INTO product_recipes (id, product_id, inventory_item_id, quantity) VALUES ('44163828-1f38-3e51-e3ac-0c74e0ed108a', '362f0efd-06fd-03e5-ec87-155fe9780713', 'aac8bfe2-858c-2e68-591d-f641a7bb1c81', 1) ON CONFLICT (product_id, inventory_item_id) DO UPDATE SET quantity = 1;
INSERT INTO product_recipes (id, product_id, inventory_item_id, quantity) VALUES ('ab3502e2-afcd-1365-3427-f58dac668f73', '362f0efd-06fd-03e5-ec87-155fe9780713', '8d364d2e-45ea-3f4f-8b2e-7ed4d8b75ae5', 1) ON CONFLICT (product_id, inventory_item_id) DO UPDATE SET quantity = 1;
INSERT INTO product_recipes (id, product_id, inventory_item_id, quantity) VALUES ('4dc3e2a7-c4fc-b6a6-7623-35bccfb14b0c', '362f0efd-06fd-03e5-ec87-155fe9780713', '9aa15944-a610-6968-9b7f-9277614febc3', 1) ON CONFLICT (product_id, inventory_item_id) DO UPDATE SET quantity = 1;
INSERT INTO products (id, category_id, name_ar, name_en, price, description_ar, description_en, is_available) VALUES ('a83d1b83-ec43-2005-28c6-999d9444c04f', 'c2222222-2222-2222-2222-222222222222', 'طاجن ملوخية ساده', 'طاجن ملوخية ساده', 110, 'شيت الوصفات الدفترية', 'Recipe Details', true) ON CONFLICT (id) DO UPDATE SET price = 110;
INSERT INTO product_recipes (id, product_id, inventory_item_id, quantity) VALUES ('06aaccd3-ef1f-2c05-eba2-be5b651281f8', 'a83d1b83-ec43-2005-28c6-999d9444c04f', 'a4bee7db-f384-14da-21d2-edcd693c73e5', 0.2) ON CONFLICT (product_id, inventory_item_id) DO UPDATE SET quantity = 0.2;
INSERT INTO product_recipes (id, product_id, inventory_item_id, quantity) VALUES ('3bf4ba66-2325-24c7-c377-bf9ec3f48b65', 'a83d1b83-ec43-2005-28c6-999d9444c04f', 'c7b3b419-5077-bed7-aa75-adebc569eec2', 1) ON CONFLICT (product_id, inventory_item_id) DO UPDATE SET quantity = 1;
INSERT INTO product_recipes (id, product_id, inventory_item_id, quantity) VALUES ('ddecdf75-03e2-9f6d-96e0-2fc9af7e3a61', 'a83d1b83-ec43-2005-28c6-999d9444c04f', 'f86e44ec-aca7-e948-3368-56f5d52a021f', 0.01) ON CONFLICT (product_id, inventory_item_id) DO UPDATE SET quantity = 0.01;
INSERT INTO product_recipes (id, product_id, inventory_item_id, quantity) VALUES ('c65776a7-0a8f-605b-3cce-1eab4fa07adc', 'a83d1b83-ec43-2005-28c6-999d9444c04f', '69ce289b-c170-95a7-5aab-b45b344f2823', 0.01) ON CONFLICT (product_id, inventory_item_id) DO UPDATE SET quantity = 0.01;
INSERT INTO product_recipes (id, product_id, inventory_item_id, quantity) VALUES ('8312f7be-a482-8527-5178-3a0665a63018', 'a83d1b83-ec43-2005-28c6-999d9444c04f', 'ac615a7a-c1c2-29a1-0c84-f238dac2444c', 0.15) ON CONFLICT (product_id, inventory_item_id) DO UPDATE SET quantity = 0.15;
INSERT INTO product_recipes (id, product_id, inventory_item_id, quantity) VALUES ('ae783aaf-1910-d37f-2ba2-418205431617', 'a83d1b83-ec43-2005-28c6-999d9444c04f', 'ebbdf217-f40d-2cc7-7ab8-199a00138550', 0.15) ON CONFLICT (product_id, inventory_item_id) DO UPDATE SET quantity = 0.15;
INSERT INTO product_recipes (id, product_id, inventory_item_id, quantity) VALUES ('58e9b4bb-e66d-e20b-ccb4-3b1df010fc75', 'a83d1b83-ec43-2005-28c6-999d9444c04f', 'aac8bfe2-858c-2e68-591d-f641a7bb1c81', 1) ON CONFLICT (product_id, inventory_item_id) DO UPDATE SET quantity = 1;
INSERT INTO product_recipes (id, product_id, inventory_item_id, quantity) VALUES ('9f7fdfed-8bc7-5ce8-8a6d-f6ec45dfa0ee', 'a83d1b83-ec43-2005-28c6-999d9444c04f', '19d91a11-8ddf-5c49-a775-f0dda75c902c', 1) ON CONFLICT (product_id, inventory_item_id) DO UPDATE SET quantity = 1;
INSERT INTO product_recipes (id, product_id, inventory_item_id, quantity) VALUES ('d6674db7-36c0-7fe0-4539-eaccafcf37d7', 'a83d1b83-ec43-2005-28c6-999d9444c04f', 'a5ff9c9d-1f66-a657-3992-14c22da8a0a0', 1) ON CONFLICT (product_id, inventory_item_id) DO UPDATE SET quantity = 1;
INSERT INTO product_recipes (id, product_id, inventory_item_id, quantity) VALUES ('a55d37dd-e11e-f788-6157-3d0778f49c1b', 'a83d1b83-ec43-2005-28c6-999d9444c04f', '11824c7e-d5da-2476-84e9-ef8e78b89af7', 1) ON CONFLICT (product_id, inventory_item_id) DO UPDATE SET quantity = 1;
INSERT INTO products (id, category_id, name_ar, name_en, price, description_ar, description_en, is_available) VALUES ('e267d8b5-b3f0-e6bb-77d8-8e5221405a5c', 'c2222222-2222-2222-2222-222222222222', 'طاجن ورق عنب باللحمة', 'طاجن ورق عنب باللحمة', 175, 'شيت الوصفات الدفترية', 'Recipe Details', true) ON CONFLICT (id) DO UPDATE SET price = 175;
INSERT INTO product_recipes (id, product_id, inventory_item_id, quantity) VALUES ('93c44eed-21d2-eb97-cd46-60493f6a69a7', 'e267d8b5-b3f0-e6bb-77d8-8e5221405a5c', 'cdc6cbf2-4222-92fa-6ee2-82dbb74f57f3', 25) ON CONFLICT (product_id, inventory_item_id) DO UPDATE SET quantity = 25;
INSERT INTO product_recipes (id, product_id, inventory_item_id, quantity) VALUES ('004bf7b5-b771-7d60-e4a9-0689475ad453', 'e267d8b5-b3f0-e6bb-77d8-8e5221405a5c', '7d338fb8-d419-f7c3-f067-7a284087c7e5', 0.2) ON CONFLICT (product_id, inventory_item_id) DO UPDATE SET quantity = 0.2;
INSERT INTO product_recipes (id, product_id, inventory_item_id, quantity) VALUES ('267dd317-c70c-285d-9782-0331583cde1f', 'e267d8b5-b3f0-e6bb-77d8-8e5221405a5c', 'b961f2b4-37cf-2892-8f0a-04bd149a02a7', 0.05) ON CONFLICT (product_id, inventory_item_id) DO UPDATE SET quantity = 0.05;
INSERT INTO product_recipes (id, product_id, inventory_item_id, quantity) VALUES ('3da6ee1a-c6a7-4963-0427-7e422b18697c', 'e267d8b5-b3f0-e6bb-77d8-8e5221405a5c', '8641a4d9-3f41-b5a4-5420-b4408d90e68d', 0.05) ON CONFLICT (product_id, inventory_item_id) DO UPDATE SET quantity = 0.05;
INSERT INTO product_recipes (id, product_id, inventory_item_id, quantity) VALUES ('320b4425-fe5e-21fa-cf06-56f26aef3cc2', 'e267d8b5-b3f0-e6bb-77d8-8e5221405a5c', 'ebbdf217-f40d-2cc7-7ab8-199a00138550', 0.2) ON CONFLICT (product_id, inventory_item_id) DO UPDATE SET quantity = 0.2;
INSERT INTO product_recipes (id, product_id, inventory_item_id, quantity) VALUES ('9f56d5de-7907-883c-d485-e814291c082e', 'e267d8b5-b3f0-e6bb-77d8-8e5221405a5c', 'ac615a7a-c1c2-29a1-0c84-f238dac2444c', 0.2) ON CONFLICT (product_id, inventory_item_id) DO UPDATE SET quantity = 0.2;
INSERT INTO product_recipes (id, product_id, inventory_item_id, quantity) VALUES ('7abd1705-2533-bf0d-ab19-61ce0557a158', 'e267d8b5-b3f0-e6bb-77d8-8e5221405a5c', 'aac8bfe2-858c-2e68-591d-f641a7bb1c81', 1) ON CONFLICT (product_id, inventory_item_id) DO UPDATE SET quantity = 1;
INSERT INTO product_recipes (id, product_id, inventory_item_id, quantity) VALUES ('ae64c428-da0d-43d9-8c6f-8f4889b73e23', 'e267d8b5-b3f0-e6bb-77d8-8e5221405a5c', '8d364d2e-45ea-3f4f-8b2e-7ed4d8b75ae5', 1) ON CONFLICT (product_id, inventory_item_id) DO UPDATE SET quantity = 1;
INSERT INTO product_recipes (id, product_id, inventory_item_id, quantity) VALUES ('8d9cca76-e8f5-f558-befb-ad71e1a680e0', 'e267d8b5-b3f0-e6bb-77d8-8e5221405a5c', '19d91a11-8ddf-5c49-a775-f0dda75c902c', 1) ON CONFLICT (product_id, inventory_item_id) DO UPDATE SET quantity = 1;
INSERT INTO product_recipes (id, product_id, inventory_item_id, quantity) VALUES ('2a70c632-ee53-2631-082e-8e572042f8ac', 'e267d8b5-b3f0-e6bb-77d8-8e5221405a5c', '9aa15944-a610-6968-9b7f-9277614febc3', 1) ON CONFLICT (product_id, inventory_item_id) DO UPDATE SET quantity = 1;
INSERT INTO product_recipes (id, product_id, inventory_item_id, quantity) VALUES ('58b4e09f-4bff-a9ad-3ec3-7d8cdf1d4292', 'e267d8b5-b3f0-e6bb-77d8-8e5221405a5c', '949deb9c-5296-2665-4b65-a94407473da3', 1) ON CONFLICT (product_id, inventory_item_id) DO UPDATE SET quantity = 1;
INSERT INTO products (id, category_id, name_ar, name_en, price, description_ar, description_en, is_available) VALUES ('a22e125e-1fe1-601d-536b-d2c7270ec822', 'c2222222-2222-2222-2222-222222222222', 'وجبة تشيكن كوردن بلو', 'وجبة تشيكن كوردن بلو', 210, 'شيت الوصفات الدفترية', 'Recipe Details', true) ON CONFLICT (id) DO UPDATE SET price = 210;
INSERT INTO product_recipes (id, product_id, inventory_item_id, quantity) VALUES ('b57f7961-d3eb-f19a-0073-b87e9f0a6926', 'a22e125e-1fe1-601d-536b-d2c7270ec822', '0ce118e0-1a1c-8361-aba5-dac14c663944', 0.4) ON CONFLICT (product_id, inventory_item_id) DO UPDATE SET quantity = 0.4;
INSERT INTO product_recipes (id, product_id, inventory_item_id, quantity) VALUES ('e611fcc9-fa26-e220-7487-f0d67f4d0fe9', 'a22e125e-1fe1-601d-536b-d2c7270ec822', '8fc83802-bc64-acbf-496a-c8f677e84b7a', 0.05) ON CONFLICT (product_id, inventory_item_id) DO UPDATE SET quantity = 0.05;
INSERT INTO product_recipes (id, product_id, inventory_item_id, quantity) VALUES ('fa3448c5-aa10-02b9-4591-7cd7adca6ec6', 'a22e125e-1fe1-601d-536b-d2c7270ec822', '5a81f286-c15b-fa5b-07c6-141b4570d57a', 0.05) ON CONFLICT (product_id, inventory_item_id) DO UPDATE SET quantity = 0.05;
INSERT INTO product_recipes (id, product_id, inventory_item_id, quantity) VALUES ('4ed4c171-8d18-a358-c146-91bdc96d3411', 'a22e125e-1fe1-601d-536b-d2c7270ec822', '2b62b794-e82e-85a9-416a-4c2df936bcda', 0.1) ON CONFLICT (product_id, inventory_item_id) DO UPDATE SET quantity = 0.1;
INSERT INTO product_recipes (id, product_id, inventory_item_id, quantity) VALUES ('d6929aec-cf46-dd09-d0ac-ebe63acd9e39', 'a22e125e-1fe1-601d-536b-d2c7270ec822', '84882022-85fe-cbdc-18b0-a0a863b54ddc', 0.2) ON CONFLICT (product_id, inventory_item_id) DO UPDATE SET quantity = 0.2;
INSERT INTO product_recipes (id, product_id, inventory_item_id, quantity) VALUES ('7555875c-9020-b466-365c-173a7ec7db7d', 'a22e125e-1fe1-601d-536b-d2c7270ec822', '269ded52-f79b-6011-edb1-af2f5ebdb8c8', 0.05) ON CONFLICT (product_id, inventory_item_id) DO UPDATE SET quantity = 0.05;
INSERT INTO product_recipes (id, product_id, inventory_item_id, quantity) VALUES ('49887ac2-49a4-a60f-3343-d2ce43a128e1', 'a22e125e-1fe1-601d-536b-d2c7270ec822', '19d91a11-8ddf-5c49-a775-f0dda75c902c', 1) ON CONFLICT (product_id, inventory_item_id) DO UPDATE SET quantity = 1;
INSERT INTO product_recipes (id, product_id, inventory_item_id, quantity) VALUES ('fbba5faa-c87c-1e1a-725a-8af92cc6443b', 'a22e125e-1fe1-601d-536b-d2c7270ec822', 'aac8bfe2-858c-2e68-591d-f641a7bb1c81', 1) ON CONFLICT (product_id, inventory_item_id) DO UPDATE SET quantity = 1;
INSERT INTO product_recipes (id, product_id, inventory_item_id, quantity) VALUES ('66d911ca-fa87-a985-2414-7cf50cac489f', 'a22e125e-1fe1-601d-536b-d2c7270ec822', '9aa15944-a610-6968-9b7f-9277614febc3', 1) ON CONFLICT (product_id, inventory_item_id) DO UPDATE SET quantity = 1;
INSERT INTO product_recipes (id, product_id, inventory_item_id, quantity) VALUES ('2d6d512f-3310-b887-d984-4bed70c5c102', 'a22e125e-1fe1-601d-536b-d2c7270ec822', '68e171ea-abc7-eda7-f74c-b6661d6bedf8', 1) ON CONFLICT (product_id, inventory_item_id) DO UPDATE SET quantity = 1;
INSERT INTO products (id, category_id, name_ar, name_en, price, description_ar, description_en, is_available) VALUES ('189beb34-dc29-44c3-c31e-46504e3766e4', 'c2222222-2222-2222-2222-222222222222', 'وجبة تشيكن فاهيتا', 'وجبة تشيكن فاهيتا', 195, 'شيت الوصفات الدفترية', 'Recipe Details', true) ON CONFLICT (id) DO UPDATE SET price = 195;
INSERT INTO product_recipes (id, product_id, inventory_item_id, quantity) VALUES ('d2526246-a0ac-d242-c3f1-b32b5a03d953', '189beb34-dc29-44c3-c31e-46504e3766e4', '8c553f99-d7d9-ad1f-f298-5f50aee88638', 0.25) ON CONFLICT (product_id, inventory_item_id) DO UPDATE SET quantity = 0.25;
INSERT INTO product_recipes (id, product_id, inventory_item_id, quantity) VALUES ('3ba704ae-1eb6-03ef-b2fc-5f9cc35379d8', '189beb34-dc29-44c3-c31e-46504e3766e4', '13571033-e3cb-f12a-cd14-2f4d6c7397a9', 0.05) ON CONFLICT (product_id, inventory_item_id) DO UPDATE SET quantity = 0.05;
INSERT INTO product_recipes (id, product_id, inventory_item_id, quantity) VALUES ('010695e8-47ad-1c6d-0d6c-130a62858116', '189beb34-dc29-44c3-c31e-46504e3766e4', 'b961f2b4-37cf-2892-8f0a-04bd149a02a7', 0.05) ON CONFLICT (product_id, inventory_item_id) DO UPDATE SET quantity = 0.05;
INSERT INTO product_recipes (id, product_id, inventory_item_id, quantity) VALUES ('d465e38a-32b4-9e71-3220-e951d9abf611', '189beb34-dc29-44c3-c31e-46504e3766e4', '69ce289b-c170-95a7-5aab-b45b344f2823', 0.005) ON CONFLICT (product_id, inventory_item_id) DO UPDATE SET quantity = 0.005;
INSERT INTO product_recipes (id, product_id, inventory_item_id, quantity) VALUES ('34daed77-2123-2dda-83a1-338244d5a377', '189beb34-dc29-44c3-c31e-46504e3766e4', '020e734d-f75a-dada-2036-6a79265e755b', 0.04) ON CONFLICT (product_id, inventory_item_id) DO UPDATE SET quantity = 0.04;
INSERT INTO product_recipes (id, product_id, inventory_item_id, quantity) VALUES ('841ddf07-7815-cf4a-499e-2ed4004c912d', '189beb34-dc29-44c3-c31e-46504e3766e4', 'dd67fc84-caff-9f31-7df4-62dd353074db', 0.03) ON CONFLICT (product_id, inventory_item_id) DO UPDATE SET quantity = 0.03;
INSERT INTO product_recipes (id, product_id, inventory_item_id, quantity) VALUES ('39819b9c-9bff-5b1d-f84d-1be95ecdfb90', '189beb34-dc29-44c3-c31e-46504e3766e4', '2b62b794-e82e-85a9-416a-4c2df936bcda', 0.1) ON CONFLICT (product_id, inventory_item_id) DO UPDATE SET quantity = 0.1;
INSERT INTO product_recipes (id, product_id, inventory_item_id, quantity) VALUES ('c45a19c7-38de-0e66-a20a-0203d9d65cfb', '189beb34-dc29-44c3-c31e-46504e3766e4', '84882022-85fe-cbdc-18b0-a0a863b54ddc', 0.2) ON CONFLICT (product_id, inventory_item_id) DO UPDATE SET quantity = 0.2;
INSERT INTO product_recipes (id, product_id, inventory_item_id, quantity) VALUES ('1f1ad86d-2cf5-fc07-c688-fab6348d0786', '189beb34-dc29-44c3-c31e-46504e3766e4', 'fa478525-19ec-bf9b-fc57-dd390a9e390a', 0.01) ON CONFLICT (product_id, inventory_item_id) DO UPDATE SET quantity = 0.01;
INSERT INTO product_recipes (id, product_id, inventory_item_id, quantity) VALUES ('0be74468-b67f-1dc4-ab1c-24c68c2de277', '189beb34-dc29-44c3-c31e-46504e3766e4', '83955f01-088d-21f2-8848-d2e2c75ff82a', 0.02) ON CONFLICT (product_id, inventory_item_id) DO UPDATE SET quantity = 0.02;
INSERT INTO product_recipes (id, product_id, inventory_item_id, quantity) VALUES ('3ef4d242-ca6b-8eb3-6205-674889fb5583', '189beb34-dc29-44c3-c31e-46504e3766e4', '25e8356d-29d5-475a-6404-e5d39aeff4e3', 0.02) ON CONFLICT (product_id, inventory_item_id) DO UPDATE SET quantity = 0.02;
INSERT INTO product_recipes (id, product_id, inventory_item_id, quantity) VALUES ('77ab0160-68ae-9774-a33a-43f9f0af9fc7', '189beb34-dc29-44c3-c31e-46504e3766e4', '19d91a11-8ddf-5c49-a775-f0dda75c902c', 1) ON CONFLICT (product_id, inventory_item_id) DO UPDATE SET quantity = 1;
INSERT INTO product_recipes (id, product_id, inventory_item_id, quantity) VALUES ('bddb9618-1707-1624-c3ec-1af5a04e575d', '189beb34-dc29-44c3-c31e-46504e3766e4', 'aac8bfe2-858c-2e68-591d-f641a7bb1c81', 1) ON CONFLICT (product_id, inventory_item_id) DO UPDATE SET quantity = 1;
INSERT INTO product_recipes (id, product_id, inventory_item_id, quantity) VALUES ('3f613268-277f-2319-a37b-6ae31ff0c857', '189beb34-dc29-44c3-c31e-46504e3766e4', '9aa15944-a610-6968-9b7f-9277614febc3', 1) ON CONFLICT (product_id, inventory_item_id) DO UPDATE SET quantity = 1;
INSERT INTO product_recipes (id, product_id, inventory_item_id, quantity) VALUES ('d714a596-1cd0-ba73-c1e0-badaa5d5ba09', '189beb34-dc29-44c3-c31e-46504e3766e4', '68e171ea-abc7-eda7-f74c-b6661d6bedf8', 1) ON CONFLICT (product_id, inventory_item_id) DO UPDATE SET quantity = 1;
INSERT INTO products (id, category_id, name_ar, name_en, price, description_ar, description_en, is_available) VALUES ('7bdb6d48-552a-e554-a627-a3f3b6b4093d', 'c2222222-2222-2222-2222-222222222222', 'وجبة لمونيت تشيكن', 'وجبة لمونيت تشيكن', 200, 'شيت الوصفات الدفترية', 'Recipe Details', true) ON CONFLICT (id) DO UPDATE SET price = 200;
INSERT INTO product_recipes (id, product_id, inventory_item_id, quantity) VALUES ('78479cca-e93c-a3b3-3d5b-2ca2638008ec', '7bdb6d48-552a-e554-a627-a3f3b6b4093d', 'ee7fc677-2c78-a355-e794-ec31ce0c9554', 0.2) ON CONFLICT (product_id, inventory_item_id) DO UPDATE SET quantity = 0.2;
INSERT INTO product_recipes (id, product_id, inventory_item_id, quantity) VALUES ('64833168-6f20-acc3-7c84-b8715f981852', '7bdb6d48-552a-e554-a627-a3f3b6b4093d', 'a013146d-9bf9-bab5-72ce-fd9b7769ab65', 0.01) ON CONFLICT (product_id, inventory_item_id) DO UPDATE SET quantity = 0.01;
INSERT INTO product_recipes (id, product_id, inventory_item_id, quantity) VALUES ('55c0fdcb-5ce2-8376-e901-eac6222ee466', '7bdb6d48-552a-e554-a627-a3f3b6b4093d', '4dd419c8-4e61-e449-5a65-6af054f0adfe', 0.02) ON CONFLICT (product_id, inventory_item_id) DO UPDATE SET quantity = 0.02;
INSERT INTO product_recipes (id, product_id, inventory_item_id, quantity) VALUES ('9679df43-4689-8441-949c-73c4e645ea0d', '7bdb6d48-552a-e554-a627-a3f3b6b4093d', '0de5dc0b-09a4-1ed8-04b6-233915c54169', 0.05) ON CONFLICT (product_id, inventory_item_id) DO UPDATE SET quantity = 0.05;
INSERT INTO product_recipes (id, product_id, inventory_item_id, quantity) VALUES ('a4c41cae-0b54-af7c-9d5d-6dc6de3ede97', '7bdb6d48-552a-e554-a627-a3f3b6b4093d', '2b62b794-e82e-85a9-416a-4c2df936bcda', 0.1) ON CONFLICT (product_id, inventory_item_id) DO UPDATE SET quantity = 0.1;
INSERT INTO product_recipes (id, product_id, inventory_item_id, quantity) VALUES ('47128374-148c-6cbd-0fcd-2d46cc2be0a9', '7bdb6d48-552a-e554-a627-a3f3b6b4093d', '84882022-85fe-cbdc-18b0-a0a863b54ddc', 0.2) ON CONFLICT (product_id, inventory_item_id) DO UPDATE SET quantity = 0.2;
INSERT INTO product_recipes (id, product_id, inventory_item_id, quantity) VALUES ('c75247c9-e299-f5b8-01c0-3acba8f99d0a', '7bdb6d48-552a-e554-a627-a3f3b6b4093d', '19d91a11-8ddf-5c49-a775-f0dda75c902c', 1) ON CONFLICT (product_id, inventory_item_id) DO UPDATE SET quantity = 1;
INSERT INTO product_recipes (id, product_id, inventory_item_id, quantity) VALUES ('8e3908c8-10ca-005a-4d44-de2b1c441213', '7bdb6d48-552a-e554-a627-a3f3b6b4093d', 'aac8bfe2-858c-2e68-591d-f641a7bb1c81', 1) ON CONFLICT (product_id, inventory_item_id) DO UPDATE SET quantity = 1;
INSERT INTO product_recipes (id, product_id, inventory_item_id, quantity) VALUES ('6f69bccf-c004-b2e8-c007-041eb82adf14', '7bdb6d48-552a-e554-a627-a3f3b6b4093d', '9aa15944-a610-6968-9b7f-9277614febc3', 1) ON CONFLICT (product_id, inventory_item_id) DO UPDATE SET quantity = 1;
INSERT INTO product_recipes (id, product_id, inventory_item_id, quantity) VALUES ('e88a6336-a423-1a24-7616-b2c53bad70c9', '7bdb6d48-552a-e554-a627-a3f3b6b4093d', '68e171ea-abc7-eda7-f74c-b6661d6bedf8', 1) ON CONFLICT (product_id, inventory_item_id) DO UPDATE SET quantity = 1;
INSERT INTO products (id, category_id, name_ar, name_en, price, description_ar, description_en, is_available) VALUES ('9b2ffdf1-bfdf-0dc1-8135-4b7e59e5d9b2', 'c2222222-2222-2222-2222-222222222222', 'وجبة حمام كداب', 'وجبة حمام كداب', 240, 'شيت الوصفات الدفترية', 'Recipe Details', true) ON CONFLICT (id) DO UPDATE SET price = 240;
INSERT INTO product_recipes (id, product_id, inventory_item_id, quantity) VALUES ('d55b9595-de0d-2a24-020b-a8127c4c69d9', '9b2ffdf1-bfdf-0dc1-8135-4b7e59e5d9b2', '22ee7d1e-7a3d-5f59-e0a1-16e22ff3817c', 0.44) ON CONFLICT (product_id, inventory_item_id) DO UPDATE SET quantity = 0.44;
INSERT INTO product_recipes (id, product_id, inventory_item_id, quantity) VALUES ('4c631e89-3e26-9461-a1e3-b23c68b6b5e8', '9b2ffdf1-bfdf-0dc1-8135-4b7e59e5d9b2', '2b62b794-e82e-85a9-416a-4c2df936bcda', 0.1) ON CONFLICT (product_id, inventory_item_id) DO UPDATE SET quantity = 0.1;
INSERT INTO product_recipes (id, product_id, inventory_item_id, quantity) VALUES ('c3646fae-0ffc-9d83-dfda-a4ca82a4aba2', '9b2ffdf1-bfdf-0dc1-8135-4b7e59e5d9b2', '84882022-85fe-cbdc-18b0-a0a863b54ddc', 0.2) ON CONFLICT (product_id, inventory_item_id) DO UPDATE SET quantity = 0.2;
INSERT INTO product_recipes (id, product_id, inventory_item_id, quantity) VALUES ('0ad59833-6e45-ad30-c139-ad7149f2cdaa', '9b2ffdf1-bfdf-0dc1-8135-4b7e59e5d9b2', '19d91a11-8ddf-5c49-a775-f0dda75c902c', 1) ON CONFLICT (product_id, inventory_item_id) DO UPDATE SET quantity = 1;
INSERT INTO product_recipes (id, product_id, inventory_item_id, quantity) VALUES ('9a99ef66-51d8-6d08-b9f1-f947e6e86de4', '9b2ffdf1-bfdf-0dc1-8135-4b7e59e5d9b2', 'aac8bfe2-858c-2e68-591d-f641a7bb1c81', 1) ON CONFLICT (product_id, inventory_item_id) DO UPDATE SET quantity = 1;
INSERT INTO product_recipes (id, product_id, inventory_item_id, quantity) VALUES ('8c39307e-0dc3-12fe-3802-a333662f4582', '9b2ffdf1-bfdf-0dc1-8135-4b7e59e5d9b2', '9aa15944-a610-6968-9b7f-9277614febc3', 1) ON CONFLICT (product_id, inventory_item_id) DO UPDATE SET quantity = 1;
INSERT INTO product_recipes (id, product_id, inventory_item_id, quantity) VALUES ('2f6dc38b-bc7b-e446-0c37-8eda1715e217', '9b2ffdf1-bfdf-0dc1-8135-4b7e59e5d9b2', '68e171ea-abc7-eda7-f74c-b6661d6bedf8', 1) ON CONFLICT (product_id, inventory_item_id) DO UPDATE SET quantity = 1;
INSERT INTO products (id, category_id, name_ar, name_en, price, description_ar, description_en, is_available) VALUES ('46b6eadb-358f-7815-16b5-72db6fd6f167', 'c2222222-2222-2222-2222-222222222222', 'وجبة بيق ستيك مشروم', 'وجبة بيق ستيك مشروم', 320, 'شيت الوصفات الدفترية', 'Recipe Details', true) ON CONFLICT (id) DO UPDATE SET price = 320;
INSERT INTO product_recipes (id, product_id, inventory_item_id, quantity) VALUES ('2537dba8-455b-b9d5-7d54-85848129e502', '46b6eadb-358f-7815-16b5-72db6fd6f167', '04dd5cb7-52da-8b3b-cc6b-6dff2800e567', 0.25) ON CONFLICT (product_id, inventory_item_id) DO UPDATE SET quantity = 0.25;
INSERT INTO product_recipes (id, product_id, inventory_item_id, quantity) VALUES ('1b61dbba-2f69-25d0-262e-e5089946806e', '46b6eadb-358f-7815-16b5-72db6fd6f167', '6fd656b0-eb3e-6f31-b08e-b7ffb833fe51', 0.2) ON CONFLICT (product_id, inventory_item_id) DO UPDATE SET quantity = 0.2;
INSERT INTO product_recipes (id, product_id, inventory_item_id, quantity) VALUES ('97bf0b3d-5ef0-db7d-7190-1bc22b1e02df', '46b6eadb-358f-7815-16b5-72db6fd6f167', 'dd67fc84-caff-9f31-7df4-62dd353074db', 0.06) ON CONFLICT (product_id, inventory_item_id) DO UPDATE SET quantity = 0.06;
INSERT INTO product_recipes (id, product_id, inventory_item_id, quantity) VALUES ('e25ecef0-c587-2bdb-eba4-b75c62d9b544', '46b6eadb-358f-7815-16b5-72db6fd6f167', 'c7b3b419-5077-bed7-aa75-adebc569eec2', 1) ON CONFLICT (product_id, inventory_item_id) DO UPDATE SET quantity = 1;
INSERT INTO product_recipes (id, product_id, inventory_item_id, quantity) VALUES ('d262276b-5a4d-308c-9d35-c8c9adf80d8f', '46b6eadb-358f-7815-16b5-72db6fd6f167', '511e4893-d064-54c8-d046-1a86ece0df81', 0.005) ON CONFLICT (product_id, inventory_item_id) DO UPDATE SET quantity = 0.005;
INSERT INTO product_recipes (id, product_id, inventory_item_id, quantity) VALUES ('7a22b210-6684-8d8b-4a56-a512570c5047', '46b6eadb-358f-7815-16b5-72db6fd6f167', '0de5dc0b-09a4-1ed8-04b6-233915c54169', 0.05) ON CONFLICT (product_id, inventory_item_id) DO UPDATE SET quantity = 0.05;
INSERT INTO product_recipes (id, product_id, inventory_item_id, quantity) VALUES ('bf55a5d3-bd82-c220-2233-46c2958f3bef', '46b6eadb-358f-7815-16b5-72db6fd6f167', '2b62b794-e82e-85a9-416a-4c2df936bcda', 0.1) ON CONFLICT (product_id, inventory_item_id) DO UPDATE SET quantity = 0.1;
INSERT INTO product_recipes (id, product_id, inventory_item_id, quantity) VALUES ('47c0b916-c3c0-67be-c762-be518c2a834a', '46b6eadb-358f-7815-16b5-72db6fd6f167', '5e7bfb3e-5758-0f34-cd6f-13cb4707d11e', 0.2) ON CONFLICT (product_id, inventory_item_id) DO UPDATE SET quantity = 0.2;
INSERT INTO product_recipes (id, product_id, inventory_item_id, quantity) VALUES ('4193bfab-d6c7-9974-3096-99e46aec3136', '46b6eadb-358f-7815-16b5-72db6fd6f167', '744bfcfc-4285-307d-4d14-20c9326223ba', 1) ON CONFLICT (product_id, inventory_item_id) DO UPDATE SET quantity = 1;
INSERT INTO product_recipes (id, product_id, inventory_item_id, quantity) VALUES ('160050ad-e220-eeb9-011b-7400aad4da1a', '46b6eadb-358f-7815-16b5-72db6fd6f167', '19d91a11-8ddf-5c49-a775-f0dda75c902c', 1) ON CONFLICT (product_id, inventory_item_id) DO UPDATE SET quantity = 1;
INSERT INTO product_recipes (id, product_id, inventory_item_id, quantity) VALUES ('d86b850b-dd2e-8bf8-8eff-20fed87ab084', '46b6eadb-358f-7815-16b5-72db6fd6f167', '9aa15944-a610-6968-9b7f-9277614febc3', 1) ON CONFLICT (product_id, inventory_item_id) DO UPDATE SET quantity = 1;
INSERT INTO product_recipes (id, product_id, inventory_item_id, quantity) VALUES ('450cf053-94c0-e57a-1ee0-18362c65f836', '46b6eadb-358f-7815-16b5-72db6fd6f167', 'aac8bfe2-858c-2e68-591d-f641a7bb1c81', 1) ON CONFLICT (product_id, inventory_item_id) DO UPDATE SET quantity = 1;
INSERT INTO products (id, category_id, name_ar, name_en, price, description_ar, description_en, is_available) VALUES ('3fd4dfcd-c4f0-ad4e-204d-2e0175fb177a', 'c2222222-2222-2222-2222-222222222222', 'وجبة تشكن جلافز', 'وجبة تشكن جلافز', 215, 'شيت الوصفات الدفترية', 'Recipe Details', true) ON CONFLICT (id) DO UPDATE SET price = 215;
INSERT INTO product_recipes (id, product_id, inventory_item_id, quantity) VALUES ('d03870d5-2a75-285f-594d-beec31817b5c', '3fd4dfcd-c4f0-ad4e-204d-2e0175fb177a', 'd097ad98-3121-21db-d07c-327f0b40619c', 0.25) ON CONFLICT (product_id, inventory_item_id) DO UPDATE SET quantity = 0.25;
INSERT INTO product_recipes (id, product_id, inventory_item_id, quantity) VALUES ('17d340a7-b69f-bb2b-aa70-b824abccdd8a', '3fd4dfcd-c4f0-ad4e-204d-2e0175fb177a', '923a6da7-ab63-4d69-2ef5-ddaed1b4d027', 0.1) ON CONFLICT (product_id, inventory_item_id) DO UPDATE SET quantity = 0.1;
INSERT INTO product_recipes (id, product_id, inventory_item_id, quantity) VALUES ('8f7f170d-4010-a9ae-b8d3-cdfe56d14929', '3fd4dfcd-c4f0-ad4e-204d-2e0175fb177a', 'eb877933-8522-3051-3a33-0703e314324b', 0.005) ON CONFLICT (product_id, inventory_item_id) DO UPDATE SET quantity = 0.005;
INSERT INTO product_recipes (id, product_id, inventory_item_id, quantity) VALUES ('c42bfe43-3558-fb31-baf4-35d0744c0743', '3fd4dfcd-c4f0-ad4e-204d-2e0175fb177a', '0de5dc0b-09a4-1ed8-04b6-233915c54169', 0.03) ON CONFLICT (product_id, inventory_item_id) DO UPDATE SET quantity = 0.03;
INSERT INTO product_recipes (id, product_id, inventory_item_id, quantity) VALUES ('82d9795d-fe89-2a98-edd2-1b0563eacb55', '3fd4dfcd-c4f0-ad4e-204d-2e0175fb177a', 'c7b3b419-5077-bed7-aa75-adebc569eec2', 1) ON CONFLICT (product_id, inventory_item_id) DO UPDATE SET quantity = 1;
INSERT INTO product_recipes (id, product_id, inventory_item_id, quantity) VALUES ('ff28aa45-691f-03f4-b295-c1c0b841718d', '3fd4dfcd-c4f0-ad4e-204d-2e0175fb177a', '511e4893-d064-54c8-d046-1a86ece0df81', 0.002) ON CONFLICT (product_id, inventory_item_id) DO UPDATE SET quantity = 0.002;
INSERT INTO product_recipes (id, product_id, inventory_item_id, quantity) VALUES ('c323eb06-963f-2114-44ce-8a9845db0116', '3fd4dfcd-c4f0-ad4e-204d-2e0175fb177a', '13571033-e3cb-f12a-cd14-2f4d6c7397a9', 0.08) ON CONFLICT (product_id, inventory_item_id) DO UPDATE SET quantity = 0.08;
INSERT INTO product_recipes (id, product_id, inventory_item_id, quantity) VALUES ('5aa5a2ff-c7c4-7421-879e-e02ad19ff326', '3fd4dfcd-c4f0-ad4e-204d-2e0175fb177a', 'b961f2b4-37cf-2892-8f0a-04bd149a02a7', 0.04) ON CONFLICT (product_id, inventory_item_id) DO UPDATE SET quantity = 0.04;
INSERT INTO product_recipes (id, product_id, inventory_item_id, quantity) VALUES ('51f02240-32d0-c14c-abb7-835e01e2665f', '3fd4dfcd-c4f0-ad4e-204d-2e0175fb177a', '2b62b794-e82e-85a9-416a-4c2df936bcda', 0.1) ON CONFLICT (product_id, inventory_item_id) DO UPDATE SET quantity = 0.1;
INSERT INTO product_recipes (id, product_id, inventory_item_id, quantity) VALUES ('349375cf-4542-8603-1597-dbf036e644e4', '3fd4dfcd-c4f0-ad4e-204d-2e0175fb177a', '84882022-85fe-cbdc-18b0-a0a863b54ddc', 0.1) ON CONFLICT (product_id, inventory_item_id) DO UPDATE SET quantity = 0.1;
INSERT INTO product_recipes (id, product_id, inventory_item_id, quantity) VALUES ('1d8079ba-8bbf-9263-7eff-f623efca3e7a', '3fd4dfcd-c4f0-ad4e-204d-2e0175fb177a', 'cacc8ffa-b6d4-0d24-22d9-2637a35cc4ff', 0.003) ON CONFLICT (product_id, inventory_item_id) DO UPDATE SET quantity = 0.003;
INSERT INTO product_recipes (id, product_id, inventory_item_id, quantity) VALUES ('43eebef7-d251-d683-7afd-6d0e8581f6cb', '3fd4dfcd-c4f0-ad4e-204d-2e0175fb177a', 'b9f70063-d95e-44cd-8ec0-930bb19d3d55', 0.003) ON CONFLICT (product_id, inventory_item_id) DO UPDATE SET quantity = 0.003;
INSERT INTO product_recipes (id, product_id, inventory_item_id, quantity) VALUES ('8b83af26-a943-9731-8bb8-7d05ced48783', '3fd4dfcd-c4f0-ad4e-204d-2e0175fb177a', '19d91a11-8ddf-5c49-a775-f0dda75c902c', 1) ON CONFLICT (product_id, inventory_item_id) DO UPDATE SET quantity = 1;
INSERT INTO product_recipes (id, product_id, inventory_item_id, quantity) VALUES ('2dd34926-a664-dbe5-de22-7cd5872a8c49', '3fd4dfcd-c4f0-ad4e-204d-2e0175fb177a', 'aac8bfe2-858c-2e68-591d-f641a7bb1c81', 1) ON CONFLICT (product_id, inventory_item_id) DO UPDATE SET quantity = 1;
INSERT INTO product_recipes (id, product_id, inventory_item_id, quantity) VALUES ('1dafc23e-cd24-24a0-f361-9fe79d171c81', '3fd4dfcd-c4f0-ad4e-204d-2e0175fb177a', '9aa15944-a610-6968-9b7f-9277614febc3', 1) ON CONFLICT (product_id, inventory_item_id) DO UPDATE SET quantity = 1;
INSERT INTO product_recipes (id, product_id, inventory_item_id, quantity) VALUES ('91b75eb2-56e4-7832-e620-4fc9a2c2cbd5', '3fd4dfcd-c4f0-ad4e-204d-2e0175fb177a', '68e171ea-abc7-eda7-f74c-b6661d6bedf8', 1) ON CONFLICT (product_id, inventory_item_id) DO UPDATE SET quantity = 1;
INSERT INTO products (id, category_id, name_ar, name_en, price, description_ar, description_en, is_available) VALUES ('cc601c57-d1e3-0b24-df53-22216383c18e', 'c2222222-2222-2222-2222-222222222222', 'وجبة بيف استرجانوف', 'وجبة بيف استرجانوف', 280, 'شيت الوصفات الدفترية', 'Recipe Details', true) ON CONFLICT (id) DO UPDATE SET price = 280;
INSERT INTO product_recipes (id, product_id, inventory_item_id, quantity) VALUES ('97772c64-e6a3-520d-6283-50bd3f03518a', 'cc601c57-d1e3-0b24-df53-22216383c18e', 'f087e2a9-fbdc-9d65-55b1-1e3f6a532e3d', 0.25) ON CONFLICT (product_id, inventory_item_id) DO UPDATE SET quantity = 0.25;
INSERT INTO product_recipes (id, product_id, inventory_item_id, quantity) VALUES ('cacb62d0-09ed-9d4e-01fa-37109bd62f8c', 'cc601c57-d1e3-0b24-df53-22216383c18e', '13571033-e3cb-f12a-cd14-2f4d6c7397a9', 0.1) ON CONFLICT (product_id, inventory_item_id) DO UPDATE SET quantity = 0.1;
INSERT INTO product_recipes (id, product_id, inventory_item_id, quantity) VALUES ('89db73fb-e1db-19b6-0be4-fb27f3680fb5', 'cc601c57-d1e3-0b24-df53-22216383c18e', 'b961f2b4-37cf-2892-8f0a-04bd149a02a7', 0.1) ON CONFLICT (product_id, inventory_item_id) DO UPDATE SET quantity = 0.1;
INSERT INTO product_recipes (id, product_id, inventory_item_id, quantity) VALUES ('fb0ce915-ef6b-e7d9-6f8f-6f01b1d44a16', 'cc601c57-d1e3-0b24-df53-22216383c18e', '6fd656b0-eb3e-6f31-b08e-b7ffb833fe51', 0.1) ON CONFLICT (product_id, inventory_item_id) DO UPDATE SET quantity = 0.1;
INSERT INTO product_recipes (id, product_id, inventory_item_id, quantity) VALUES ('d42836d3-96e8-73bb-2d1b-78863b1a10c8', 'cc601c57-d1e3-0b24-df53-22216383c18e', '2b62b794-e82e-85a9-416a-4c2df936bcda', 0.1) ON CONFLICT (product_id, inventory_item_id) DO UPDATE SET quantity = 0.1;
INSERT INTO product_recipes (id, product_id, inventory_item_id, quantity) VALUES ('473e9ef9-e251-79db-a29d-ca72503b107d', 'cc601c57-d1e3-0b24-df53-22216383c18e', '0de5dc0b-09a4-1ed8-04b6-233915c54169', 0.02) ON CONFLICT (product_id, inventory_item_id) DO UPDATE SET quantity = 0.02;
INSERT INTO product_recipes (id, product_id, inventory_item_id, quantity) VALUES ('4820570b-de2c-016d-2bbc-efda18134d89', 'cc601c57-d1e3-0b24-df53-22216383c18e', 'dd67fc84-caff-9f31-7df4-62dd353074db', 0.015) ON CONFLICT (product_id, inventory_item_id) DO UPDATE SET quantity = 0.015;
INSERT INTO product_recipes (id, product_id, inventory_item_id, quantity) VALUES ('bba55dcc-99e3-70ae-1b94-e865c8e608fb', 'cc601c57-d1e3-0b24-df53-22216383c18e', '84882022-85fe-cbdc-18b0-a0a863b54ddc', 0.2) ON CONFLICT (product_id, inventory_item_id) DO UPDATE SET quantity = 0.2;
INSERT INTO product_recipes (id, product_id, inventory_item_id, quantity) VALUES ('542fe6a8-a26e-b650-6f1b-7972a5fbc6c5', 'cc601c57-d1e3-0b24-df53-22216383c18e', '68e171ea-abc7-eda7-f74c-b6661d6bedf8', 1) ON CONFLICT (product_id, inventory_item_id) DO UPDATE SET quantity = 1;
INSERT INTO product_recipes (id, product_id, inventory_item_id, quantity) VALUES ('3fd12655-ac17-2977-b5c3-3a9c5f2b698b', 'cc601c57-d1e3-0b24-df53-22216383c18e', '19d91a11-8ddf-5c49-a775-f0dda75c902c', 1) ON CONFLICT (product_id, inventory_item_id) DO UPDATE SET quantity = 1;
INSERT INTO product_recipes (id, product_id, inventory_item_id, quantity) VALUES ('e0bc824a-878b-e1c7-ed09-73226ae7c9fc', 'cc601c57-d1e3-0b24-df53-22216383c18e', '9aa15944-a610-6968-9b7f-9277614febc3', 1) ON CONFLICT (product_id, inventory_item_id) DO UPDATE SET quantity = 1;
INSERT INTO product_recipes (id, product_id, inventory_item_id, quantity) VALUES ('8e9e62c0-dd3b-686b-442e-49520315abe3', 'cc601c57-d1e3-0b24-df53-22216383c18e', 'aac8bfe2-858c-2e68-591d-f641a7bb1c81', 1) ON CONFLICT (product_id, inventory_item_id) DO UPDATE SET quantity = 1;
INSERT INTO products (id, category_id, name_ar, name_en, price, description_ar, description_en, is_available) VALUES ('aa8252d4-d5dc-291d-4a37-e3be4aaa9a57', 'c2222222-2222-2222-2222-222222222222', 'مشويات ريش ضانى', 'مشويات ريش ضانى', 350, 'شيت الوصفات الدفترية', 'Recipe Details', true) ON CONFLICT (id) DO UPDATE SET price = 350;
INSERT INTO product_recipes (id, product_id, inventory_item_id, quantity) VALUES ('0cf7cbe0-6916-0bf6-9fd6-d55083129047', 'aa8252d4-d5dc-291d-4a37-e3be4aaa9a57', '3f506cc4-5737-d294-8bc8-6b79599640cd', 0.3) ON CONFLICT (product_id, inventory_item_id) DO UPDATE SET quantity = 0.3;
INSERT INTO product_recipes (id, product_id, inventory_item_id, quantity) VALUES ('2d2fcf43-9e10-7afb-e2bf-db75c3f7589c', 'aa8252d4-d5dc-291d-4a37-e3be4aaa9a57', '5d029631-7346-b13d-70f1-0fced463a752', 1) ON CONFLICT (product_id, inventory_item_id) DO UPDATE SET quantity = 1;
INSERT INTO product_recipes (id, product_id, inventory_item_id, quantity) VALUES ('5faa4e6d-c974-4218-dd71-6a2ce134ee61', 'aa8252d4-d5dc-291d-4a37-e3be4aaa9a57', '5934eb78-ac00-f064-0601-398807126496', 2) ON CONFLICT (product_id, inventory_item_id) DO UPDATE SET quantity = 2;
INSERT INTO product_recipes (id, product_id, inventory_item_id, quantity) VALUES ('b4596d54-b136-059e-5da2-5d6542038603', 'aa8252d4-d5dc-291d-4a37-e3be4aaa9a57', '84882022-85fe-cbdc-18b0-a0a863b54ddc', 0.15) ON CONFLICT (product_id, inventory_item_id) DO UPDATE SET quantity = 0.15;
INSERT INTO product_recipes (id, product_id, inventory_item_id, quantity) VALUES ('85a464d8-cb7e-2c17-b55b-96be90252a50', 'aa8252d4-d5dc-291d-4a37-e3be4aaa9a57', '5802b777-34dd-9f21-7946-76d2778ea2db', 0.1) ON CONFLICT (product_id, inventory_item_id) DO UPDATE SET quantity = 0.1;
INSERT INTO product_recipes (id, product_id, inventory_item_id, quantity) VALUES ('f2f455fe-3838-20ff-22cb-0979bec05850', 'aa8252d4-d5dc-291d-4a37-e3be4aaa9a57', '19d91a11-8ddf-5c49-a775-f0dda75c902c', 1) ON CONFLICT (product_id, inventory_item_id) DO UPDATE SET quantity = 1;
INSERT INTO product_recipes (id, product_id, inventory_item_id, quantity) VALUES ('1cc22c31-7723-ae3f-f0b9-7aa32052d6af', 'aa8252d4-d5dc-291d-4a37-e3be4aaa9a57', '8d364d2e-45ea-3f4f-8b2e-7ed4d8b75ae5', 1) ON CONFLICT (product_id, inventory_item_id) DO UPDATE SET quantity = 1;
INSERT INTO product_recipes (id, product_id, inventory_item_id, quantity) VALUES ('574f8d37-0e4c-4ed5-2cbf-2cfd31e50164', 'aa8252d4-d5dc-291d-4a37-e3be4aaa9a57', 'aac8bfe2-858c-2e68-591d-f641a7bb1c81', 1) ON CONFLICT (product_id, inventory_item_id) DO UPDATE SET quantity = 1;
INSERT INTO product_recipes (id, product_id, inventory_item_id, quantity) VALUES ('1f766138-3e7e-d70d-e7ae-54266f875b4f', 'aa8252d4-d5dc-291d-4a37-e3be4aaa9a57', '9aa15944-a610-6968-9b7f-9277614febc3', 1) ON CONFLICT (product_id, inventory_item_id) DO UPDATE SET quantity = 1;
INSERT INTO products (id, category_id, name_ar, name_en, price, description_ar, description_en, is_available) VALUES ('2282c82a-5cdb-f15c-d786-296096d162cc', 'c2222222-2222-2222-2222-222222222222', 'مشويات صدور دجاج', 'مشويات صدور دجاج', 190, 'شيت الوصفات الدفترية', 'Recipe Details', true) ON CONFLICT (id) DO UPDATE SET price = 190;
INSERT INTO product_recipes (id, product_id, inventory_item_id, quantity) VALUES ('9bfcd925-e076-0116-974e-f6f7e93e824c', '2282c82a-5cdb-f15c-d786-296096d162cc', 'ee7fc677-2c78-a355-e794-ec31ce0c9554', 0.25) ON CONFLICT (product_id, inventory_item_id) DO UPDATE SET quantity = 0.25;
INSERT INTO product_recipes (id, product_id, inventory_item_id, quantity) VALUES ('9bf4765c-71bd-255d-0ea5-a875b0d3e57d', '2282c82a-5cdb-f15c-d786-296096d162cc', '5934eb78-ac00-f064-0601-398807126496', 2) ON CONFLICT (product_id, inventory_item_id) DO UPDATE SET quantity = 2;
INSERT INTO product_recipes (id, product_id, inventory_item_id, quantity) VALUES ('862272df-a736-c467-1fb4-fb3a3c731b89', '2282c82a-5cdb-f15c-d786-296096d162cc', '5d029631-7346-b13d-70f1-0fced463a752', 1) ON CONFLICT (product_id, inventory_item_id) DO UPDATE SET quantity = 1;
INSERT INTO product_recipes (id, product_id, inventory_item_id, quantity) VALUES ('193aad72-feec-1c19-75bd-8c26cd678a55', '2282c82a-5cdb-f15c-d786-296096d162cc', '5802b777-34dd-9f21-7946-76d2778ea2db', 0.1) ON CONFLICT (product_id, inventory_item_id) DO UPDATE SET quantity = 0.1;
INSERT INTO product_recipes (id, product_id, inventory_item_id, quantity) VALUES ('35da998f-24e2-8636-610c-46f10d2ebe66', '2282c82a-5cdb-f15c-d786-296096d162cc', '84882022-85fe-cbdc-18b0-a0a863b54ddc', 0.15) ON CONFLICT (product_id, inventory_item_id) DO UPDATE SET quantity = 0.15;
INSERT INTO product_recipes (id, product_id, inventory_item_id, quantity) VALUES ('a53858e3-f626-05fa-83ef-89d34f0ff2e1', '2282c82a-5cdb-f15c-d786-296096d162cc', '19d91a11-8ddf-5c49-a775-f0dda75c902c', 1) ON CONFLICT (product_id, inventory_item_id) DO UPDATE SET quantity = 1;
INSERT INTO product_recipes (id, product_id, inventory_item_id, quantity) VALUES ('8f67cc69-7495-891f-fd00-6b1f6cf91165', '2282c82a-5cdb-f15c-d786-296096d162cc', '9aa15944-a610-6968-9b7f-9277614febc3', 1) ON CONFLICT (product_id, inventory_item_id) DO UPDATE SET quantity = 1;
INSERT INTO product_recipes (id, product_id, inventory_item_id, quantity) VALUES ('08fcc919-fa54-521f-6ad1-e1bc43a94637', '2282c82a-5cdb-f15c-d786-296096d162cc', 'aac8bfe2-858c-2e68-591d-f641a7bb1c81', 1) ON CONFLICT (product_id, inventory_item_id) DO UPDATE SET quantity = 1;
INSERT INTO product_recipes (id, product_id, inventory_item_id, quantity) VALUES ('65ad7f56-2c12-c460-d270-6b746df0d239', '2282c82a-5cdb-f15c-d786-296096d162cc', '8d364d2e-45ea-3f4f-8b2e-7ed4d8b75ae5', 1) ON CONFLICT (product_id, inventory_item_id) DO UPDATE SET quantity = 1;
INSERT INTO products (id, category_id, name_ar, name_en, price, description_ar, description_en, is_available) VALUES ('ac0c48cc-9b65-bc14-b702-7db87a823448', 'c2222222-2222-2222-2222-222222222222', 'مشويات مكس جريل', 'مشويات مكس جريل', 290, 'شيت الوصفات الدفترية', 'Recipe Details', true) ON CONFLICT (id) DO UPDATE SET price = 290;
INSERT INTO product_recipes (id, product_id, inventory_item_id, quantity) VALUES ('b58b005c-7e23-c77b-860a-7fc1b343a2d3', 'ac0c48cc-9b65-bc14-b702-7db87a823448', '85d6ec63-ce2e-3ced-0e89-ed0f7d69b586', 0.15) ON CONFLICT (product_id, inventory_item_id) DO UPDATE SET quantity = 0.15;
INSERT INTO product_recipes (id, product_id, inventory_item_id, quantity) VALUES ('7bcdf3cf-c575-3285-e049-9a8874d3e79f', 'ac0c48cc-9b65-bc14-b702-7db87a823448', '83ed9875-ea63-0cbc-517e-801c5fad22ce', 0.15) ON CONFLICT (product_id, inventory_item_id) DO UPDATE SET quantity = 0.15;
INSERT INTO product_recipes (id, product_id, inventory_item_id, quantity) VALUES ('ed0c9ed5-57fe-f564-85c6-aed90690534e', 'ac0c48cc-9b65-bc14-b702-7db87a823448', 'ee7fc677-2c78-a355-e794-ec31ce0c9554', 0.12) ON CONFLICT (product_id, inventory_item_id) DO UPDATE SET quantity = 0.12;
INSERT INTO product_recipes (id, product_id, inventory_item_id, quantity) VALUES ('3cd22cb4-3304-43e0-9e9f-61617b5b11f3', 'ac0c48cc-9b65-bc14-b702-7db87a823448', 'd097ad98-3121-21db-d07c-327f0b40619c', 0.08) ON CONFLICT (product_id, inventory_item_id) DO UPDATE SET quantity = 0.08;
INSERT INTO product_recipes (id, product_id, inventory_item_id, quantity) VALUES ('b0cee109-be87-9f25-7290-25d53ccb927b', 'ac0c48cc-9b65-bc14-b702-7db87a823448', '4158c913-7175-d7bc-cd16-71aea824ebc3', 0.03) ON CONFLICT (product_id, inventory_item_id) DO UPDATE SET quantity = 0.03;
INSERT INTO product_recipes (id, product_id, inventory_item_id, quantity) VALUES ('32917293-b180-0a30-f79d-195c8e34ad49', 'ac0c48cc-9b65-bc14-b702-7db87a823448', '5d029631-7346-b13d-70f1-0fced463a752', 1) ON CONFLICT (product_id, inventory_item_id) DO UPDATE SET quantity = 1;
INSERT INTO product_recipes (id, product_id, inventory_item_id, quantity) VALUES ('1749c332-2744-ecf1-5bf3-8824df999df7', 'ac0c48cc-9b65-bc14-b702-7db87a823448', '2b62b794-e82e-85a9-416a-4c2df936bcda', 0.1) ON CONFLICT (product_id, inventory_item_id) DO UPDATE SET quantity = 0.1;
INSERT INTO product_recipes (id, product_id, inventory_item_id, quantity) VALUES ('3e02e16e-b838-7482-300f-3b6271aa2aa9', 'ac0c48cc-9b65-bc14-b702-7db87a823448', '5e7bfb3e-5758-0f34-cd6f-13cb4707d11e', 0.2) ON CONFLICT (product_id, inventory_item_id) DO UPDATE SET quantity = 0.2;
INSERT INTO product_recipes (id, product_id, inventory_item_id, quantity) VALUES ('f1a244d9-2414-6ed1-17bd-efc4ccd010ae', 'ac0c48cc-9b65-bc14-b702-7db87a823448', '5934eb78-ac00-f064-0601-398807126496', 2) ON CONFLICT (product_id, inventory_item_id) DO UPDATE SET quantity = 2;
INSERT INTO product_recipes (id, product_id, inventory_item_id, quantity) VALUES ('1b280935-969c-adc1-f86c-e2112226cc04', 'ac0c48cc-9b65-bc14-b702-7db87a823448', '5802b777-34dd-9f21-7946-76d2778ea2db', 0.1) ON CONFLICT (product_id, inventory_item_id) DO UPDATE SET quantity = 0.1;
INSERT INTO product_recipes (id, product_id, inventory_item_id, quantity) VALUES ('edefa7b2-7528-5349-502a-96b057737398', 'ac0c48cc-9b65-bc14-b702-7db87a823448', '19d91a11-8ddf-5c49-a775-f0dda75c902c', 1) ON CONFLICT (product_id, inventory_item_id) DO UPDATE SET quantity = 1;
INSERT INTO product_recipes (id, product_id, inventory_item_id, quantity) VALUES ('9c516541-cd50-f9ef-c608-48554f414247', 'ac0c48cc-9b65-bc14-b702-7db87a823448', '9aa15944-a610-6968-9b7f-9277614febc3', 1) ON CONFLICT (product_id, inventory_item_id) DO UPDATE SET quantity = 1;
INSERT INTO product_recipes (id, product_id, inventory_item_id, quantity) VALUES ('9812bae7-1986-ff80-4cc5-6eadb3c56cff', 'ac0c48cc-9b65-bc14-b702-7db87a823448', 'aac8bfe2-858c-2e68-591d-f641a7bb1c81', 1) ON CONFLICT (product_id, inventory_item_id) DO UPDATE SET quantity = 1;
INSERT INTO product_recipes (id, product_id, inventory_item_id, quantity) VALUES ('08441032-4cb2-a47e-8ac0-2fcf3f9c92d3', 'ac0c48cc-9b65-bc14-b702-7db87a823448', '744bfcfc-4285-307d-4d14-20c9326223ba', 1) ON CONFLICT (product_id, inventory_item_id) DO UPDATE SET quantity = 1;
INSERT INTO product_recipes (id, product_id, inventory_item_id, quantity) VALUES ('de8f3156-6448-2e67-22c3-502ad1ba9c64', 'ac0c48cc-9b65-bc14-b702-7db87a823448', '8d364d2e-45ea-3f4f-8b2e-7ed4d8b75ae5', 1) ON CONFLICT (product_id, inventory_item_id) DO UPDATE SET quantity = 1;
INSERT INTO products (id, category_id, name_ar, name_en, price, description_ar, description_en, is_available) VALUES ('61cce75f-2df2-c2bf-192f-ec16c9b40c76', 'c2222222-2222-2222-2222-222222222222', 'مشويات نصف دجاجة', 'مشويات نصف دجاجة', 185, 'شيت الوصفات الدفترية', 'Recipe Details', true) ON CONFLICT (id) DO UPDATE SET price = 185;
INSERT INTO product_recipes (id, product_id, inventory_item_id, quantity) VALUES ('808c3010-018b-e792-40d8-c3d227558df2', '61cce75f-2df2-c2bf-192f-ec16c9b40c76', 'ee7fc677-2c78-a355-e794-ec31ce0c9554', 0.5) ON CONFLICT (product_id, inventory_item_id) DO UPDATE SET quantity = 0.5;
INSERT INTO product_recipes (id, product_id, inventory_item_id, quantity) VALUES ('2bd52238-94b1-5902-6544-09f8be799cfe', '61cce75f-2df2-c2bf-192f-ec16c9b40c76', '5d029631-7346-b13d-70f1-0fced463a752', 1) ON CONFLICT (product_id, inventory_item_id) DO UPDATE SET quantity = 1;
INSERT INTO product_recipes (id, product_id, inventory_item_id, quantity) VALUES ('cad99272-b712-502d-fb88-15e6fb56c5c7', '61cce75f-2df2-c2bf-192f-ec16c9b40c76', '4158c913-7175-d7bc-cd16-71aea824ebc3', 0.03) ON CONFLICT (product_id, inventory_item_id) DO UPDATE SET quantity = 0.03;
INSERT INTO product_recipes (id, product_id, inventory_item_id, quantity) VALUES ('76936ea6-2fb6-443c-f1c4-0e289942749e', '61cce75f-2df2-c2bf-192f-ec16c9b40c76', 'ac615a7a-c1c2-29a1-0c84-f238dac2444c', 0.15) ON CONFLICT (product_id, inventory_item_id) DO UPDATE SET quantity = 0.15;
INSERT INTO product_recipes (id, product_id, inventory_item_id, quantity) VALUES ('5b4b45e5-7d6f-8cc0-7d0a-5d12d652e9a0', '61cce75f-2df2-c2bf-192f-ec16c9b40c76', '5934eb78-ac00-f064-0601-398807126496', 2) ON CONFLICT (product_id, inventory_item_id) DO UPDATE SET quantity = 2;
INSERT INTO product_recipes (id, product_id, inventory_item_id, quantity) VALUES ('70b14f07-e253-628e-4698-3b4f86538242', '61cce75f-2df2-c2bf-192f-ec16c9b40c76', '5802b777-34dd-9f21-7946-76d2778ea2db', 0.1) ON CONFLICT (product_id, inventory_item_id) DO UPDATE SET quantity = 0.1;
INSERT INTO product_recipes (id, product_id, inventory_item_id, quantity) VALUES ('7381fb62-d878-1dc8-4d1d-2cc53753ffff', '61cce75f-2df2-c2bf-192f-ec16c9b40c76', '19d91a11-8ddf-5c49-a775-f0dda75c902c', 1) ON CONFLICT (product_id, inventory_item_id) DO UPDATE SET quantity = 1;
INSERT INTO product_recipes (id, product_id, inventory_item_id, quantity) VALUES ('d99eaae7-0f02-a9dd-85b9-5693a5fcd5ab', '61cce75f-2df2-c2bf-192f-ec16c9b40c76', '9aa15944-a610-6968-9b7f-9277614febc3', 1) ON CONFLICT (product_id, inventory_item_id) DO UPDATE SET quantity = 1;
INSERT INTO product_recipes (id, product_id, inventory_item_id, quantity) VALUES ('5af3bd9c-2a72-c94d-74bb-34446460bf5a', '61cce75f-2df2-c2bf-192f-ec16c9b40c76', '5e2417a3-397e-6cc3-326d-401c208bcd00', 1) ON CONFLICT (product_id, inventory_item_id) DO UPDATE SET quantity = 1;
INSERT INTO product_recipes (id, product_id, inventory_item_id, quantity) VALUES ('b5e48198-3381-62dc-aa93-365061823b07', '61cce75f-2df2-c2bf-192f-ec16c9b40c76', '8d364d2e-45ea-3f4f-8b2e-7ed4d8b75ae5', 1) ON CONFLICT (product_id, inventory_item_id) DO UPDATE SET quantity = 1;
INSERT INTO products (id, category_id, name_ar, name_en, price, description_ar, description_en, is_available) VALUES ('8dbdc7a2-f309-7c5b-eac2-e5f2960fb19b', 'c2222222-2222-2222-2222-222222222222', 'مشويات ثلث كباب وكفته', 'مشويات ثلث كباب وكفته', 220, 'شيت الوصفات الدفترية', 'Recipe Details', true) ON CONFLICT (id) DO UPDATE SET price = 220;
INSERT INTO product_recipes (id, product_id, inventory_item_id, quantity) VALUES ('8bd3c7c7-4bba-3352-ba52-f34aff297339', '8dbdc7a2-f309-7c5b-eac2-e5f2960fb19b', '85d6ec63-ce2e-3ced-0e89-ed0f7d69b586', 0.175) ON CONFLICT (product_id, inventory_item_id) DO UPDATE SET quantity = 0.175;
INSERT INTO product_recipes (id, product_id, inventory_item_id, quantity) VALUES ('a5039eaa-a79c-0edf-3b03-a9dc747889b7', '8dbdc7a2-f309-7c5b-eac2-e5f2960fb19b', 'f087e2a9-fbdc-9d65-55b1-1e3f6a532e3d', 0.175) ON CONFLICT (product_id, inventory_item_id) DO UPDATE SET quantity = 0.175;
INSERT INTO product_recipes (id, product_id, inventory_item_id, quantity) VALUES ('99b2af46-3b4d-d904-5080-2195401dcceb', '8dbdc7a2-f309-7c5b-eac2-e5f2960fb19b', '5d029631-7346-b13d-70f1-0fced463a752', 1) ON CONFLICT (product_id, inventory_item_id) DO UPDATE SET quantity = 1;
INSERT INTO product_recipes (id, product_id, inventory_item_id, quantity) VALUES ('6c1d9d7f-7b14-135a-447a-2b8169e532d5', '8dbdc7a2-f309-7c5b-eac2-e5f2960fb19b', '5934eb78-ac00-f064-0601-398807126496', 2) ON CONFLICT (product_id, inventory_item_id) DO UPDATE SET quantity = 2;
INSERT INTO product_recipes (id, product_id, inventory_item_id, quantity) VALUES ('e0586fbe-d8b2-8e8c-ac5d-63cf4a4f1798', '8dbdc7a2-f309-7c5b-eac2-e5f2960fb19b', 'ac615a7a-c1c2-29a1-0c84-f238dac2444c', 0.15) ON CONFLICT (product_id, inventory_item_id) DO UPDATE SET quantity = 0.15;
INSERT INTO product_recipes (id, product_id, inventory_item_id, quantity) VALUES ('df2ffa9b-43d5-db51-37a1-85c217c3e232', '8dbdc7a2-f309-7c5b-eac2-e5f2960fb19b', '5802b777-34dd-9f21-7946-76d2778ea2db', 0.1) ON CONFLICT (product_id, inventory_item_id) DO UPDATE SET quantity = 0.1;
INSERT INTO product_recipes (id, product_id, inventory_item_id, quantity) VALUES ('8cd9e4d2-0efa-5c32-10f4-9746543e32e9', '8dbdc7a2-f309-7c5b-eac2-e5f2960fb19b', '19d91a11-8ddf-5c49-a775-f0dda75c902c', 1) ON CONFLICT (product_id, inventory_item_id) DO UPDATE SET quantity = 1;
INSERT INTO product_recipes (id, product_id, inventory_item_id, quantity) VALUES ('c1453ad0-b4a7-dec9-5536-4ccc6d218918', '8dbdc7a2-f309-7c5b-eac2-e5f2960fb19b', '8d364d2e-45ea-3f4f-8b2e-7ed4d8b75ae5', 1) ON CONFLICT (product_id, inventory_item_id) DO UPDATE SET quantity = 1;
INSERT INTO product_recipes (id, product_id, inventory_item_id, quantity) VALUES ('4ec4c55d-165b-81e0-aa41-798a1f8e4aa6', '8dbdc7a2-f309-7c5b-eac2-e5f2960fb19b', 'aac8bfe2-858c-2e68-591d-f641a7bb1c81', 1) ON CONFLICT (product_id, inventory_item_id) DO UPDATE SET quantity = 1;
INSERT INTO product_recipes (id, product_id, inventory_item_id, quantity) VALUES ('eff83302-9757-42b0-c758-2496b7a8ccc8', '8dbdc7a2-f309-7c5b-eac2-e5f2960fb19b', '9aa15944-a610-6968-9b7f-9277614febc3', 1) ON CONFLICT (product_id, inventory_item_id) DO UPDATE SET quantity = 1;
INSERT INTO products (id, category_id, name_ar, name_en, price, description_ar, description_en, is_available) VALUES ('b549113f-b9f3-5641-2930-0c8049606763', 'c2222222-2222-2222-2222-222222222222', 'مشويات مكس دجاج', 'مشويات مكس دجاج', 230, 'شيت الوصفات الدفترية', 'Recipe Details', true) ON CONFLICT (id) DO UPDATE SET price = 230;
INSERT INTO product_recipes (id, product_id, inventory_item_id, quantity) VALUES ('4ac7cf0d-c6b4-3d21-83a2-c3d238c60203', 'b549113f-b9f3-5641-2930-0c8049606763', 'f61d1d8f-a7fb-bf49-942e-94efbec97780', 0.15) ON CONFLICT (product_id, inventory_item_id) DO UPDATE SET quantity = 0.15;
INSERT INTO product_recipes (id, product_id, inventory_item_id, quantity) VALUES ('990ec343-4231-640a-72bb-094304b1cd53', 'b549113f-b9f3-5641-2930-0c8049606763', 'ee7fc677-2c78-a355-e794-ec31ce0c9554', 0.25) ON CONFLICT (product_id, inventory_item_id) DO UPDATE SET quantity = 0.25;
INSERT INTO product_recipes (id, product_id, inventory_item_id, quantity) VALUES ('990ec343-4231-640a-72bb-094304b1cd53', 'b549113f-b9f3-5641-2930-0c8049606763', 'ee7fc677-2c78-a355-e794-ec31ce0c9554', 0.12) ON CONFLICT (product_id, inventory_item_id) DO UPDATE SET quantity = 0.12;
INSERT INTO product_recipes (id, product_id, inventory_item_id, quantity) VALUES ('77aaf07a-b646-b1cd-18b7-3cd5efa59b0e', 'b549113f-b9f3-5641-2930-0c8049606763', 'd097ad98-3121-21db-d07c-327f0b40619c', 0.08) ON CONFLICT (product_id, inventory_item_id) DO UPDATE SET quantity = 0.08;
INSERT INTO product_recipes (id, product_id, inventory_item_id, quantity) VALUES ('4278d56a-424d-775a-e065-b6f2e86cf16b', 'b549113f-b9f3-5641-2930-0c8049606763', '5d029631-7346-b13d-70f1-0fced463a752', 1) ON CONFLICT (product_id, inventory_item_id) DO UPDATE SET quantity = 1;
INSERT INTO product_recipes (id, product_id, inventory_item_id, quantity) VALUES ('d9b71302-89bb-c2f2-90bb-fffa9041e8be', 'b549113f-b9f3-5641-2930-0c8049606763', '2b62b794-e82e-85a9-416a-4c2df936bcda', 0.1) ON CONFLICT (product_id, inventory_item_id) DO UPDATE SET quantity = 0.1;
INSERT INTO product_recipes (id, product_id, inventory_item_id, quantity) VALUES ('e9e484d9-2aa1-cfc2-a638-85623e20dde9', 'b549113f-b9f3-5641-2930-0c8049606763', '5e7bfb3e-5758-0f34-cd6f-13cb4707d11e', 0.2) ON CONFLICT (product_id, inventory_item_id) DO UPDATE SET quantity = 0.2;
INSERT INTO product_recipes (id, product_id, inventory_item_id, quantity) VALUES ('c9055689-6d7d-062e-45c3-ed8272d3122d', 'b549113f-b9f3-5641-2930-0c8049606763', 'd532fcf2-90b1-c110-24e3-481c954f72e7', 2) ON CONFLICT (product_id, inventory_item_id) DO UPDATE SET quantity = 2;
INSERT INTO product_recipes (id, product_id, inventory_item_id, quantity) VALUES ('c287714c-f91a-04b3-b00e-66723e09d4fe', 'b549113f-b9f3-5641-2930-0c8049606763', '5802b777-34dd-9f21-7946-76d2778ea2db', 0.1) ON CONFLICT (product_id, inventory_item_id) DO UPDATE SET quantity = 0.1;
INSERT INTO product_recipes (id, product_id, inventory_item_id, quantity) VALUES ('164183df-1eb8-683e-68ff-a663f8df0520', 'b549113f-b9f3-5641-2930-0c8049606763', '19d91a11-8ddf-5c49-a775-f0dda75c902c', 1) ON CONFLICT (product_id, inventory_item_id) DO UPDATE SET quantity = 1;
INSERT INTO product_recipes (id, product_id, inventory_item_id, quantity) VALUES ('2a805186-c237-c9fb-dbeb-6f790e29aef4', 'b549113f-b9f3-5641-2930-0c8049606763', '9aa15944-a610-6968-9b7f-9277614febc3', 1) ON CONFLICT (product_id, inventory_item_id) DO UPDATE SET quantity = 1;
INSERT INTO product_recipes (id, product_id, inventory_item_id, quantity) VALUES ('5de76c84-6040-5d98-e730-d7cd4a8c15e9', 'b549113f-b9f3-5641-2930-0c8049606763', 'aac8bfe2-858c-2e68-591d-f641a7bb1c81', 1) ON CONFLICT (product_id, inventory_item_id) DO UPDATE SET quantity = 1;
INSERT INTO product_recipes (id, product_id, inventory_item_id, quantity) VALUES ('f9335332-1b5d-9aff-b180-4192a244ef65', 'b549113f-b9f3-5641-2930-0c8049606763', '744bfcfc-4285-307d-4d14-20c9326223ba', 1) ON CONFLICT (product_id, inventory_item_id) DO UPDATE SET quantity = 1;
INSERT INTO product_recipes (id, product_id, inventory_item_id, quantity) VALUES ('34858d7e-9f84-5bba-9933-d699f87a1a43', 'b549113f-b9f3-5641-2930-0c8049606763', '8d364d2e-45ea-3f4f-8b2e-7ed4d8b75ae5', 1) ON CONFLICT (product_id, inventory_item_id) DO UPDATE SET quantity = 1;
INSERT INTO products (id, category_id, name_ar, name_en, price, description_ar, description_en, is_available) VALUES ('1824c1b5-f071-7b23-7d71-a4e8fe423902', 'c2222222-2222-2222-2222-222222222222', 'مشويات كفتة فراخ', 'مشويات كفتة فراخ', 170, 'شيت الوصفات الدفترية', 'Recipe Details', true) ON CONFLICT (id) DO UPDATE SET price = 170;
INSERT INTO product_recipes (id, product_id, inventory_item_id, quantity) VALUES ('9466293c-ba48-cce9-94d2-8e1cec22bfa3', '1824c1b5-f071-7b23-7d71-a4e8fe423902', '83ed9875-ea63-0cbc-517e-801c5fad22ce', 0.25) ON CONFLICT (product_id, inventory_item_id) DO UPDATE SET quantity = 0.25;
INSERT INTO product_recipes (id, product_id, inventory_item_id, quantity) VALUES ('78e86b22-b8dd-414d-8b73-a8ffec417c91', '1824c1b5-f071-7b23-7d71-a4e8fe423902', '5d029631-7346-b13d-70f1-0fced463a752', 1) ON CONFLICT (product_id, inventory_item_id) DO UPDATE SET quantity = 1;
INSERT INTO product_recipes (id, product_id, inventory_item_id, quantity) VALUES ('ae7c5f06-94d3-9fff-897f-353b6a1abf0a', '1824c1b5-f071-7b23-7d71-a4e8fe423902', '4158c913-7175-d7bc-cd16-71aea824ebc3', 0.03) ON CONFLICT (product_id, inventory_item_id) DO UPDATE SET quantity = 0.03;
INSERT INTO product_recipes (id, product_id, inventory_item_id, quantity) VALUES ('4e0f27c2-b2c5-3edc-cb8e-518ae734db66', '1824c1b5-f071-7b23-7d71-a4e8fe423902', '5934eb78-ac00-f064-0601-398807126496', 2) ON CONFLICT (product_id, inventory_item_id) DO UPDATE SET quantity = 2;
INSERT INTO product_recipes (id, product_id, inventory_item_id, quantity) VALUES ('ee7723cd-469a-edf1-837c-31f6694403da', '1824c1b5-f071-7b23-7d71-a4e8fe423902', 'ac615a7a-c1c2-29a1-0c84-f238dac2444c', 0.15) ON CONFLICT (product_id, inventory_item_id) DO UPDATE SET quantity = 0.15;
INSERT INTO product_recipes (id, product_id, inventory_item_id, quantity) VALUES ('7715bae3-f873-0829-a0c9-f7eaaf962131', '1824c1b5-f071-7b23-7d71-a4e8fe423902', '5802b777-34dd-9f21-7946-76d2778ea2db', 0.1) ON CONFLICT (product_id, inventory_item_id) DO UPDATE SET quantity = 0.1;
INSERT INTO product_recipes (id, product_id, inventory_item_id, quantity) VALUES ('2ac4d507-6908-b035-3d97-385b2fee8ab8', '1824c1b5-f071-7b23-7d71-a4e8fe423902', '19d91a11-8ddf-5c49-a775-f0dda75c902c', 1) ON CONFLICT (product_id, inventory_item_id) DO UPDATE SET quantity = 1;
INSERT INTO product_recipes (id, product_id, inventory_item_id, quantity) VALUES ('86c68350-1d38-49fe-6b22-c03341df5b83', '1824c1b5-f071-7b23-7d71-a4e8fe423902', 'aac8bfe2-858c-2e68-591d-f641a7bb1c81', 1) ON CONFLICT (product_id, inventory_item_id) DO UPDATE SET quantity = 1;
INSERT INTO product_recipes (id, product_id, inventory_item_id, quantity) VALUES ('0d4f7f9a-6ce0-9646-b8c8-cdf5015649bd', '1824c1b5-f071-7b23-7d71-a4e8fe423902', '9aa15944-a610-6968-9b7f-9277614febc3', 1) ON CONFLICT (product_id, inventory_item_id) DO UPDATE SET quantity = 1;
INSERT INTO product_recipes (id, product_id, inventory_item_id, quantity) VALUES ('75e0f065-d77f-d8b6-274e-83608d6edbaa', '1824c1b5-f071-7b23-7d71-a4e8fe423902', '8d364d2e-45ea-3f4f-8b2e-7ed4d8b75ae5', 1) ON CONFLICT (product_id, inventory_item_id) DO UPDATE SET quantity = 1;
INSERT INTO products (id, category_id, name_ar, name_en, price, description_ar, description_en, is_available) VALUES ('9faa342a-416b-69e1-1259-a3423e86554d', 'c2222222-2222-2222-2222-222222222222', 'مشويات كفتة لحمة', 'مشويات كفتة لحمة', 180, 'شيت الوصفات الدفترية', 'Recipe Details', true) ON CONFLICT (id) DO UPDATE SET price = 180;
INSERT INTO product_recipes (id, product_id, inventory_item_id, quantity) VALUES ('ccdc9ba1-26ce-1a35-7c14-58a08ad70020', '9faa342a-416b-69e1-1259-a3423e86554d', '85d6ec63-ce2e-3ced-0e89-ed0f7d69b586', 0.25) ON CONFLICT (product_id, inventory_item_id) DO UPDATE SET quantity = 0.25;
INSERT INTO product_recipes (id, product_id, inventory_item_id, quantity) VALUES ('efe0638c-804d-cc21-619a-cff4306f2157', '9faa342a-416b-69e1-1259-a3423e86554d', '5d029631-7346-b13d-70f1-0fced463a752', 1) ON CONFLICT (product_id, inventory_item_id) DO UPDATE SET quantity = 1;
INSERT INTO product_recipes (id, product_id, inventory_item_id, quantity) VALUES ('f138b64c-de93-c041-7cc5-23eb3df01cd3', '9faa342a-416b-69e1-1259-a3423e86554d', '4158c913-7175-d7bc-cd16-71aea824ebc3', 0.02) ON CONFLICT (product_id, inventory_item_id) DO UPDATE SET quantity = 0.02;
INSERT INTO product_recipes (id, product_id, inventory_item_id, quantity) VALUES ('dcfa0ff8-bc76-67ce-2012-b53e976c313d', '9faa342a-416b-69e1-1259-a3423e86554d', '5934eb78-ac00-f064-0601-398807126496', 2) ON CONFLICT (product_id, inventory_item_id) DO UPDATE SET quantity = 2;
INSERT INTO product_recipes (id, product_id, inventory_item_id, quantity) VALUES ('32b16826-2540-9f30-bbef-52234ed0e81c', '9faa342a-416b-69e1-1259-a3423e86554d', 'ac615a7a-c1c2-29a1-0c84-f238dac2444c', 0.15) ON CONFLICT (product_id, inventory_item_id) DO UPDATE SET quantity = 0.15;
INSERT INTO product_recipes (id, product_id, inventory_item_id, quantity) VALUES ('fa7ad2bc-38fe-c0c2-8824-563b8dd7fcae', '9faa342a-416b-69e1-1259-a3423e86554d', '5802b777-34dd-9f21-7946-76d2778ea2db', 0.1) ON CONFLICT (product_id, inventory_item_id) DO UPDATE SET quantity = 0.1;
INSERT INTO product_recipes (id, product_id, inventory_item_id, quantity) VALUES ('96c36e77-af21-a7d4-41db-1722036e7706', '9faa342a-416b-69e1-1259-a3423e86554d', '19d91a11-8ddf-5c49-a775-f0dda75c902c', 1) ON CONFLICT (product_id, inventory_item_id) DO UPDATE SET quantity = 1;
INSERT INTO product_recipes (id, product_id, inventory_item_id, quantity) VALUES ('264d4e65-b940-dc54-0173-0553063bda0a', '9faa342a-416b-69e1-1259-a3423e86554d', 'aac8bfe2-858c-2e68-591d-f641a7bb1c81', 1) ON CONFLICT (product_id, inventory_item_id) DO UPDATE SET quantity = 1;
INSERT INTO product_recipes (id, product_id, inventory_item_id, quantity) VALUES ('2393aca6-447e-6d62-bc03-3098be40ab75', '9faa342a-416b-69e1-1259-a3423e86554d', '9aa15944-a610-6968-9b7f-9277614febc3', 1) ON CONFLICT (product_id, inventory_item_id) DO UPDATE SET quantity = 1;
INSERT INTO product_recipes (id, product_id, inventory_item_id, quantity) VALUES ('d7a346dc-af68-66d2-53c8-d6b6a64a0ade', '9faa342a-416b-69e1-1259-a3423e86554d', '8d364d2e-45ea-3f4f-8b2e-7ed4d8b75ae5', 1) ON CONFLICT (product_id, inventory_item_id) DO UPDATE SET quantity = 1;
INSERT INTO products (id, category_id, name_ar, name_en, price, description_ar, description_en, is_available) VALUES ('6b3adee2-7bf3-2580-8868-ee859f14bc85', 'c2222222-2222-2222-2222-222222222222', 'مشويات فراخ تندورى', 'مشويات فراخ تندورى', 190, 'شيت الوصفات الدفترية', 'Recipe Details', true) ON CONFLICT (id) DO UPDATE SET price = 190;
INSERT INTO product_recipes (id, product_id, inventory_item_id, quantity) VALUES ('d8579b98-9712-14f5-f821-dbabade867f5', '6b3adee2-7bf3-2580-8868-ee859f14bc85', 'ee7fc677-2c78-a355-e794-ec31ce0c9554', 0.25) ON CONFLICT (product_id, inventory_item_id) DO UPDATE SET quantity = 0.25;
INSERT INTO product_recipes (id, product_id, inventory_item_id, quantity) VALUES ('1ca34481-2c85-fc04-9dba-1cd8f605eb04', '6b3adee2-7bf3-2580-8868-ee859f14bc85', '5e7bfb3e-5758-0f34-cd6f-13cb4707d11e', 0.2) ON CONFLICT (product_id, inventory_item_id) DO UPDATE SET quantity = 0.2;
INSERT INTO product_recipes (id, product_id, inventory_item_id, quantity) VALUES ('96693084-70f0-dfaf-df89-5bcbc7425364', '6b3adee2-7bf3-2580-8868-ee859f14bc85', '5d029631-7346-b13d-70f1-0fced463a752', 1) ON CONFLICT (product_id, inventory_item_id) DO UPDATE SET quantity = 1;
INSERT INTO product_recipes (id, product_id, inventory_item_id, quantity) VALUES ('0db2dc85-7c36-54c8-c3bd-e7da63519996', '6b3adee2-7bf3-2580-8868-ee859f14bc85', '5802b777-34dd-9f21-7946-76d2778ea2db', 0.1) ON CONFLICT (product_id, inventory_item_id) DO UPDATE SET quantity = 0.1;
INSERT INTO product_recipes (id, product_id, inventory_item_id, quantity) VALUES ('5d756577-58fd-e892-3b0b-c98cb3965457', '6b3adee2-7bf3-2580-8868-ee859f14bc85', '5934eb78-ac00-f064-0601-398807126496', 2) ON CONFLICT (product_id, inventory_item_id) DO UPDATE SET quantity = 2;
INSERT INTO product_recipes (id, product_id, inventory_item_id, quantity) VALUES ('fe73a04b-9104-475e-4959-5962e90be443', '6b3adee2-7bf3-2580-8868-ee859f14bc85', '19d91a11-8ddf-5c49-a775-f0dda75c902c', 1) ON CONFLICT (product_id, inventory_item_id) DO UPDATE SET quantity = 1;
INSERT INTO product_recipes (id, product_id, inventory_item_id, quantity) VALUES ('22e4af29-34dc-a582-e775-e3081ff64f6c', '6b3adee2-7bf3-2580-8868-ee859f14bc85', '9aa15944-a610-6968-9b7f-9277614febc3', 1) ON CONFLICT (product_id, inventory_item_id) DO UPDATE SET quantity = 1;
INSERT INTO product_recipes (id, product_id, inventory_item_id, quantity) VALUES ('f7b895b3-8a35-bf71-1f53-5d85ea0f0610', '6b3adee2-7bf3-2580-8868-ee859f14bc85', 'aac8bfe2-858c-2e68-591d-f641a7bb1c81', 1) ON CONFLICT (product_id, inventory_item_id) DO UPDATE SET quantity = 1;
INSERT INTO product_recipes (id, product_id, inventory_item_id, quantity) VALUES ('b608bf20-fd4a-c17d-bfc7-3af58094e562', '6b3adee2-7bf3-2580-8868-ee859f14bc85', '8d364d2e-45ea-3f4f-8b2e-7ed4d8b75ae5', 1) ON CONFLICT (product_id, inventory_item_id) DO UPDATE SET quantity = 1;
INSERT INTO products (id, category_id, name_ar, name_en, price, description_ar, description_en, is_available) VALUES ('6ca48fbe-dba6-b899-020b-5b3ee3ca536c', 'c3333333-3333-3333-3333-333333333333', 'باستا لازانيا بيف', 'باستا لازانيا بيف', 150, 'شيت الوصفات الدفترية', 'Recipe Details', true) ON CONFLICT (id) DO UPDATE SET price = 150;
INSERT INTO product_recipes (id, product_id, inventory_item_id, quantity) VALUES ('cf5cade4-c54a-fe45-5cad-b60b53899dd4', '6ca48fbe-dba6-b899-020b-5b3ee3ca536c', '17d3be51-0258-c588-5520-dbe4db11f26a', 0.25) ON CONFLICT (product_id, inventory_item_id) DO UPDATE SET quantity = 0.25;
INSERT INTO product_recipes (id, product_id, inventory_item_id, quantity) VALUES ('af2ecc3f-4d82-a959-a7e6-ffa190b49949', '6ca48fbe-dba6-b899-020b-5b3ee3ca536c', '85d6ec63-ce2e-3ced-0e89-ed0f7d69b586', 0.15) ON CONFLICT (product_id, inventory_item_id) DO UPDATE SET quantity = 0.15;
INSERT INTO product_recipes (id, product_id, inventory_item_id, quantity) VALUES ('d2d939b2-cbd3-1d8a-6e03-5542df0ebe57', '6ca48fbe-dba6-b899-020b-5b3ee3ca536c', '13571033-e3cb-f12a-cd14-2f4d6c7397a9', 0.01) ON CONFLICT (product_id, inventory_item_id) DO UPDATE SET quantity = 0.01;
INSERT INTO product_recipes (id, product_id, inventory_item_id, quantity) VALUES ('d2d939b2-cbd3-1d8a-6e03-5542df0ebe57', '6ca48fbe-dba6-b899-020b-5b3ee3ca536c', '13571033-e3cb-f12a-cd14-2f4d6c7397a9', 0.015) ON CONFLICT (product_id, inventory_item_id) DO UPDATE SET quantity = 0.015;
INSERT INTO product_recipes (id, product_id, inventory_item_id, quantity) VALUES ('4c042158-9878-474e-e92e-4800252f2da3', '6ca48fbe-dba6-b899-020b-5b3ee3ca536c', '6f6d4b0c-d09a-457a-2ff5-b87005f7a46c', 0.15) ON CONFLICT (product_id, inventory_item_id) DO UPDATE SET quantity = 0.15;
INSERT INTO product_recipes (id, product_id, inventory_item_id, quantity) VALUES ('57dfcef9-1f28-aa10-3944-5e513ffc3ad0', '6ca48fbe-dba6-b899-020b-5b3ee3ca536c', 'c7b3b419-5077-bed7-aa75-adebc569eec2', 1) ON CONFLICT (product_id, inventory_item_id) DO UPDATE SET quantity = 1;
INSERT INTO product_recipes (id, product_id, inventory_item_id, quantity) VALUES ('74fe037b-1c2f-6254-f331-f656a5377af0', '6ca48fbe-dba6-b899-020b-5b3ee3ca536c', 'c6b32d7f-5a46-1615-216e-b11b08e4a2c9', 0.1) ON CONFLICT (product_id, inventory_item_id) DO UPDATE SET quantity = 0.1;
INSERT INTO product_recipes (id, product_id, inventory_item_id, quantity) VALUES ('ac11bc94-53fd-7972-c1fa-5d6ac5f1df1d', '6ca48fbe-dba6-b899-020b-5b3ee3ca536c', '35535e60-0a5e-2e27-b363-03d706fee6fa', 0.065) ON CONFLICT (product_id, inventory_item_id) DO UPDATE SET quantity = 0.065;
INSERT INTO product_recipes (id, product_id, inventory_item_id, quantity) VALUES ('6d3a5e2f-6b19-6003-4975-1b7a4e8d84ec', '6ca48fbe-dba6-b899-020b-5b3ee3ca536c', '82c1af44-684b-3b18-fb01-150063b95d50', 0.035) ON CONFLICT (product_id, inventory_item_id) DO UPDATE SET quantity = 0.035;
INSERT INTO product_recipes (id, product_id, inventory_item_id, quantity) VALUES ('c56317a7-3b85-edf7-f611-596617109cee', '6ca48fbe-dba6-b899-020b-5b3ee3ca536c', '5e2417a3-397e-6cc3-326d-401c208bcd00', 1) ON CONFLICT (product_id, inventory_item_id) DO UPDATE SET quantity = 1;
INSERT INTO product_recipes (id, product_id, inventory_item_id, quantity) VALUES ('9dde32a4-a75a-e45f-c380-882dce4a2003', '6ca48fbe-dba6-b899-020b-5b3ee3ca536c', '19d91a11-8ddf-5c49-a775-f0dda75c902c', 1) ON CONFLICT (product_id, inventory_item_id) DO UPDATE SET quantity = 1;
INSERT INTO product_recipes (id, product_id, inventory_item_id, quantity) VALUES ('512a5bcb-364f-5d98-8bae-ea9f5501bb80', '6ca48fbe-dba6-b899-020b-5b3ee3ca536c', '9aa15944-a610-6968-9b7f-9277614febc3', 1) ON CONFLICT (product_id, inventory_item_id) DO UPDATE SET quantity = 1;
INSERT INTO products (id, category_id, name_ar, name_en, price, description_ar, description_en, is_available) VALUES ('b916e905-d1a2-9118-8936-a5f6210cd93f', 'c3333333-3333-3333-3333-333333333333', 'باستا فلوكانو تشيز تشيكن', 'باستا فلوكانو تشيز تشيكن', 140, 'شيت الوصفات الدفترية', 'Recipe Details', true) ON CONFLICT (id) DO UPDATE SET price = 140;
INSERT INTO product_recipes (id, product_id, inventory_item_id, quantity) VALUES ('b6b59567-40bf-f8d1-df6c-0740980d8879', 'b916e905-d1a2-9118-8936-a5f6210cd93f', 'fc4039ff-7282-6096-166d-b29ded64ca8a', 0.1) ON CONFLICT (product_id, inventory_item_id) DO UPDATE SET quantity = 0.1;
INSERT INTO product_recipes (id, product_id, inventory_item_id, quantity) VALUES ('a2bb20d1-23f9-7473-10b4-03f78966a96a', 'b916e905-d1a2-9118-8936-a5f6210cd93f', '9b641fe0-65b3-767f-cf4d-687ceb60fa9f', 0.15) ON CONFLICT (product_id, inventory_item_id) DO UPDATE SET quantity = 0.15;
INSERT INTO product_recipes (id, product_id, inventory_item_id, quantity) VALUES ('5d6f980b-f8bf-5dbd-1ab4-a4b229891af6', 'b916e905-d1a2-9118-8936-a5f6210cd93f', '269ded52-f79b-6011-edb1-af2f5ebdb8c8', 0.2) ON CONFLICT (product_id, inventory_item_id) DO UPDATE SET quantity = 0.2;
INSERT INTO product_recipes (id, product_id, inventory_item_id, quantity) VALUES ('c3679be5-a9aa-fc57-2ce4-f82e96915491', 'b916e905-d1a2-9118-8936-a5f6210cd93f', '37945459-5b34-465e-4a48-f95b4f6e838c', 0.05) ON CONFLICT (product_id, inventory_item_id) DO UPDATE SET quantity = 0.05;
INSERT INTO product_recipes (id, product_id, inventory_item_id, quantity) VALUES ('96362e88-3721-58ef-4af0-aaabfc976192', 'b916e905-d1a2-9118-8936-a5f6210cd93f', 'c7b3b419-5077-bed7-aa75-adebc569eec2', 1) ON CONFLICT (product_id, inventory_item_id) DO UPDATE SET quantity = 1;
INSERT INTO product_recipes (id, product_id, inventory_item_id, quantity) VALUES ('ab2c8bb9-bd1b-799a-ecb6-6edd9d1d5557', 'b916e905-d1a2-9118-8936-a5f6210cd93f', '4efd044e-747f-e805-1ebe-cc5c701ded7c', 1) ON CONFLICT (product_id, inventory_item_id) DO UPDATE SET quantity = 1;
INSERT INTO product_recipes (id, product_id, inventory_item_id, quantity) VALUES ('700716ae-ec43-56d5-3036-4e5fcbf7ddff', 'b916e905-d1a2-9118-8936-a5f6210cd93f', '19d91a11-8ddf-5c49-a775-f0dda75c902c', 1) ON CONFLICT (product_id, inventory_item_id) DO UPDATE SET quantity = 1;
INSERT INTO product_recipes (id, product_id, inventory_item_id, quantity) VALUES ('46ffe9bd-c80a-36aa-39c3-57091669c5aa', 'b916e905-d1a2-9118-8936-a5f6210cd93f', '277db35c-34de-6a88-abba-bc66af410c0c', 1) ON CONFLICT (product_id, inventory_item_id) DO UPDATE SET quantity = 1;
INSERT INTO products (id, category_id, name_ar, name_en, price, description_ar, description_en, is_available) VALUES ('df8b9646-2cd2-2643-6f49-899e4c6d1a53', 'c3333333-3333-3333-3333-333333333333', 'باستا نجرسكو', 'باستا نجرسكو', 140, 'شيت الوصفات الدفترية', 'Recipe Details', true) ON CONFLICT (id) DO UPDATE SET price = 140;
INSERT INTO product_recipes (id, product_id, inventory_item_id, quantity) VALUES ('bc70d752-f251-d4ee-5ec5-3b1cab9b30cf', 'df8b9646-2cd2-2643-6f49-899e4c6d1a53', 'fc4039ff-7282-6096-166d-b29ded64ca8a', 0.1) ON CONFLICT (product_id, inventory_item_id) DO UPDATE SET quantity = 0.1;
INSERT INTO product_recipes (id, product_id, inventory_item_id, quantity) VALUES ('0ac88f0b-152e-b0ba-2f23-7aff403cb5b8', 'df8b9646-2cd2-2643-6f49-899e4c6d1a53', '8c553f99-d7d9-ad1f-f298-5f50aee88638', 0.15) ON CONFLICT (product_id, inventory_item_id) DO UPDATE SET quantity = 0.15;
INSERT INTO product_recipes (id, product_id, inventory_item_id, quantity) VALUES ('f2e93090-d137-2b25-9350-3ffecd20cfdd', 'df8b9646-2cd2-2643-6f49-899e4c6d1a53', 'dd67fc84-caff-9f31-7df4-62dd353074db', 0.015) ON CONFLICT (product_id, inventory_item_id) DO UPDATE SET quantity = 0.015;
INSERT INTO product_recipes (id, product_id, inventory_item_id, quantity) VALUES ('59a5a24f-77dd-de68-9e6f-d5dafb9a04c5', 'df8b9646-2cd2-2643-6f49-899e4c6d1a53', 'fa478525-19ec-bf9b-fc57-dd390a9e390a', 0.005) ON CONFLICT (product_id, inventory_item_id) DO UPDATE SET quantity = 0.005;
INSERT INTO product_recipes (id, product_id, inventory_item_id, quantity) VALUES ('de343436-51e4-9fd2-d02c-45f78c916fef', 'df8b9646-2cd2-2643-6f49-899e4c6d1a53', '37945459-5b34-465e-4a48-f95b4f6e838c', 0.05) ON CONFLICT (product_id, inventory_item_id) DO UPDATE SET quantity = 0.05;
INSERT INTO product_recipes (id, product_id, inventory_item_id, quantity) VALUES ('0cf14d1e-eb5d-9a59-0a5f-1e8093e60654', 'df8b9646-2cd2-2643-6f49-899e4c6d1a53', '0de5dc0b-09a4-1ed8-04b6-233915c54169', 0.03) ON CONFLICT (product_id, inventory_item_id) DO UPDATE SET quantity = 0.03;
INSERT INTO product_recipes (id, product_id, inventory_item_id, quantity) VALUES ('67f83a04-48d9-4f2f-28eb-6a4482f3ea52', 'df8b9646-2cd2-2643-6f49-899e4c6d1a53', 'c6b32d7f-5a46-1615-216e-b11b08e4a2c9', 0.1) ON CONFLICT (product_id, inventory_item_id) DO UPDATE SET quantity = 0.1;
INSERT INTO product_recipes (id, product_id, inventory_item_id, quantity) VALUES ('e48f190f-0240-b569-a1fb-666226c05e96', 'df8b9646-2cd2-2643-6f49-899e4c6d1a53', 'c7b3b419-5077-bed7-aa75-adebc569eec2', 1) ON CONFLICT (product_id, inventory_item_id) DO UPDATE SET quantity = 1;
INSERT INTO product_recipes (id, product_id, inventory_item_id, quantity) VALUES ('0328f598-eee9-5893-0c73-e931cd9c55bc', 'df8b9646-2cd2-2643-6f49-899e4c6d1a53', '13571033-e3cb-f12a-cd14-2f4d6c7397a9', 0.005) ON CONFLICT (product_id, inventory_item_id) DO UPDATE SET quantity = 0.005;
INSERT INTO product_recipes (id, product_id, inventory_item_id, quantity) VALUES ('13994295-d97a-5813-c7e7-734203d66710', 'df8b9646-2cd2-2643-6f49-899e4c6d1a53', 'b961f2b4-37cf-2892-8f0a-04bd149a02a7', 0.003) ON CONFLICT (product_id, inventory_item_id) DO UPDATE SET quantity = 0.003;
INSERT INTO product_recipes (id, product_id, inventory_item_id, quantity) VALUES ('42b61a71-96b1-9ac9-b98f-f74dc9418021', 'df8b9646-2cd2-2643-6f49-899e4c6d1a53', '35535e60-0a5e-2e27-b363-03d706fee6fa', 0.065) ON CONFLICT (product_id, inventory_item_id) DO UPDATE SET quantity = 0.065;
INSERT INTO product_recipes (id, product_id, inventory_item_id, quantity) VALUES ('625e4c2f-6266-8ac6-6994-4f1cdb00b851', 'df8b9646-2cd2-2643-6f49-899e4c6d1a53', '82c1af44-684b-3b18-fb01-150063b95d50', 0.035) ON CONFLICT (product_id, inventory_item_id) DO UPDATE SET quantity = 0.035;
INSERT INTO product_recipes (id, product_id, inventory_item_id, quantity) VALUES ('2f462891-ac07-e18e-5c54-b424f4d713f5', 'df8b9646-2cd2-2643-6f49-899e4c6d1a53', '0084638f-9d14-4ae5-5753-3be5dde30a91', 1) ON CONFLICT (product_id, inventory_item_id) DO UPDATE SET quantity = 1;
INSERT INTO product_recipes (id, product_id, inventory_item_id, quantity) VALUES ('fd0f26aa-8c9f-5d73-213d-b4e3259430a3', 'df8b9646-2cd2-2643-6f49-899e4c6d1a53', '19d91a11-8ddf-5c49-a775-f0dda75c902c', 1) ON CONFLICT (product_id, inventory_item_id) DO UPDATE SET quantity = 1;
INSERT INTO product_recipes (id, product_id, inventory_item_id, quantity) VALUES ('1c193c7f-9830-9dc9-e671-ccdc0e5b096f', 'df8b9646-2cd2-2643-6f49-899e4c6d1a53', '277db35c-34de-6a88-abba-bc66af410c0c', 1) ON CONFLICT (product_id, inventory_item_id) DO UPDATE SET quantity = 1;
INSERT INTO products (id, category_id, name_ar, name_en, price, description_ar, description_en, is_available) VALUES ('1767eca5-9e97-c216-118b-344d2225c038', 'c3333333-3333-3333-3333-333333333333', 'باستا فيتوشينى ألفريدو', 'باستا فيتوشينى ألفريدو', 140, 'شيت الوصفات الدفترية', 'Recipe Details', true) ON CONFLICT (id) DO UPDATE SET price = 140;
INSERT INTO product_recipes (id, product_id, inventory_item_id, quantity) VALUES ('4c886bbe-dece-4322-7df1-9f4d61cc0b44', '1767eca5-9e97-c216-118b-344d2225c038', '44b65de1-9b67-5847-86ea-83a9c39b80b2', 0.1) ON CONFLICT (product_id, inventory_item_id) DO UPDATE SET quantity = 0.1;
INSERT INTO product_recipes (id, product_id, inventory_item_id, quantity) VALUES ('f01a0c95-0755-0274-b1d1-4c0f34e9767a', '1767eca5-9e97-c216-118b-344d2225c038', '8c553f99-d7d9-ad1f-f298-5f50aee88638', 0.15) ON CONFLICT (product_id, inventory_item_id) DO UPDATE SET quantity = 0.15;
INSERT INTO product_recipes (id, product_id, inventory_item_id, quantity) VALUES ('51b32ca2-00cf-621d-6534-830066a13d97', '1767eca5-9e97-c216-118b-344d2225c038', 'dd67fc84-caff-9f31-7df4-62dd353074db', 0.015) ON CONFLICT (product_id, inventory_item_id) DO UPDATE SET quantity = 0.015;
INSERT INTO product_recipes (id, product_id, inventory_item_id, quantity) VALUES ('f2624e55-60fb-4e80-15f9-691b68c275f0', '1767eca5-9e97-c216-118b-344d2225c038', '37945459-5b34-465e-4a48-f95b4f6e838c', 0.05) ON CONFLICT (product_id, inventory_item_id) DO UPDATE SET quantity = 0.05;
INSERT INTO product_recipes (id, product_id, inventory_item_id, quantity) VALUES ('914ba962-5bec-8da3-3cc4-c95ca4b6efbc', '1767eca5-9e97-c216-118b-344d2225c038', '0de5dc0b-09a4-1ed8-04b6-233915c54169', 0.03) ON CONFLICT (product_id, inventory_item_id) DO UPDATE SET quantity = 0.03;
INSERT INTO product_recipes (id, product_id, inventory_item_id, quantity) VALUES ('ce2c3cd6-6640-bb0d-c680-1016f05fb099', '1767eca5-9e97-c216-118b-344d2225c038', 'c6b32d7f-5a46-1615-216e-b11b08e4a2c9', 0.1) ON CONFLICT (product_id, inventory_item_id) DO UPDATE SET quantity = 0.1;
INSERT INTO product_recipes (id, product_id, inventory_item_id, quantity) VALUES ('c6eae84a-52ca-c0cb-1eea-a660b2a7d507', '1767eca5-9e97-c216-118b-344d2225c038', 'c7b3b419-5077-bed7-aa75-adebc569eec2', 1) ON CONFLICT (product_id, inventory_item_id) DO UPDATE SET quantity = 1;
INSERT INTO product_recipes (id, product_id, inventory_item_id, quantity) VALUES ('605dba09-302d-e0af-4d9f-61c6e55b6f23', '1767eca5-9e97-c216-118b-344d2225c038', 'b961f2b4-37cf-2892-8f0a-04bd149a02a7', 0.003) ON CONFLICT (product_id, inventory_item_id) DO UPDATE SET quantity = 0.003;
INSERT INTO product_recipes (id, product_id, inventory_item_id, quantity) VALUES ('8e6408d0-894d-b078-bd1f-775f75d94111', '1767eca5-9e97-c216-118b-344d2225c038', '744bfcfc-4285-307d-4d14-20c9326223ba', 1) ON CONFLICT (product_id, inventory_item_id) DO UPDATE SET quantity = 1;
INSERT INTO product_recipes (id, product_id, inventory_item_id, quantity) VALUES ('7667c2d8-d48d-1dc1-666e-a8f8c53a011f', '1767eca5-9e97-c216-118b-344d2225c038', '19d91a11-8ddf-5c49-a775-f0dda75c902c', 1) ON CONFLICT (product_id, inventory_item_id) DO UPDATE SET quantity = 1;
INSERT INTO product_recipes (id, product_id, inventory_item_id, quantity) VALUES ('1474ceae-06b2-b2fd-6cd6-32f6b4d84049', '1767eca5-9e97-c216-118b-344d2225c038', '277db35c-34de-6a88-abba-bc66af410c0c', 1) ON CONFLICT (product_id, inventory_item_id) DO UPDATE SET quantity = 1;
INSERT INTO products (id, category_id, name_ar, name_en, price, description_ar, description_en, is_available) VALUES ('b832fd2c-27c8-fa0f-20f8-dd18a32c5acd', 'c3333333-3333-3333-3333-333333333333', 'باستا سى فود فورنو', 'باستا سى فود فورنو', 170, 'شيت الوصفات الدفترية', 'Recipe Details', true) ON CONFLICT (id) DO UPDATE SET price = 170;
INSERT INTO product_recipes (id, product_id, inventory_item_id, quantity) VALUES ('5a1cd119-08e1-0298-61fc-60381e2c4ae2', 'b832fd2c-27c8-fa0f-20f8-dd18a32c5acd', 'fc4039ff-7282-6096-166d-b29ded64ca8a', 0.1) ON CONFLICT (product_id, inventory_item_id) DO UPDATE SET quantity = 0.1;
INSERT INTO product_recipes (id, product_id, inventory_item_id, quantity) VALUES ('b96c8b29-60aa-8941-c72b-52232c0eccc3', 'b832fd2c-27c8-fa0f-20f8-dd18a32c5acd', '62698a04-b6f7-52b9-ab75-89f7b10e5b1e', 0.1) ON CONFLICT (product_id, inventory_item_id) DO UPDATE SET quantity = 0.1;
INSERT INTO product_recipes (id, product_id, inventory_item_id, quantity) VALUES ('13f9d595-fd69-a4c3-4981-6d67e67c8292', 'b832fd2c-27c8-fa0f-20f8-dd18a32c5acd', '1088c082-c19a-1565-3378-352514e37749', 0.1) ON CONFLICT (product_id, inventory_item_id) DO UPDATE SET quantity = 0.1;
INSERT INTO product_recipes (id, product_id, inventory_item_id, quantity) VALUES ('be1281d1-9847-831b-ef60-58177ecbc6a0', 'b832fd2c-27c8-fa0f-20f8-dd18a32c5acd', '5637a28d-6a23-3b06-789b-06e72febc15f', 0.02) ON CONFLICT (product_id, inventory_item_id) DO UPDATE SET quantity = 0.02;
INSERT INTO product_recipes (id, product_id, inventory_item_id, quantity) VALUES ('add0b3ea-8619-5147-4c39-0074750e1d9d', 'b832fd2c-27c8-fa0f-20f8-dd18a32c5acd', '0de5dc0b-09a4-1ed8-04b6-233915c54169', 0.03) ON CONFLICT (product_id, inventory_item_id) DO UPDATE SET quantity = 0.03;
INSERT INTO product_recipes (id, product_id, inventory_item_id, quantity) VALUES ('93a107d6-ab8e-2922-5a59-54501fd92097', 'b832fd2c-27c8-fa0f-20f8-dd18a32c5acd', '37945459-5b34-465e-4a48-f95b4f6e838c', 0.05) ON CONFLICT (product_id, inventory_item_id) DO UPDATE SET quantity = 0.05;
INSERT INTO product_recipes (id, product_id, inventory_item_id, quantity) VALUES ('c7b31a31-730e-c0fb-d6d0-9b599cee32d0', 'b832fd2c-27c8-fa0f-20f8-dd18a32c5acd', 'c6b32d7f-5a46-1615-216e-b11b08e4a2c9', 0.1) ON CONFLICT (product_id, inventory_item_id) DO UPDATE SET quantity = 0.1;
INSERT INTO product_recipes (id, product_id, inventory_item_id, quantity) VALUES ('5aa499b0-8c31-d9a8-b969-1a61a384f178', 'b832fd2c-27c8-fa0f-20f8-dd18a32c5acd', 'c7b3b419-5077-bed7-aa75-adebc569eec2', 1) ON CONFLICT (product_id, inventory_item_id) DO UPDATE SET quantity = 1;
INSERT INTO product_recipes (id, product_id, inventory_item_id, quantity) VALUES ('24cd55de-5a3d-1eb0-261d-73e89b190e09', 'b832fd2c-27c8-fa0f-20f8-dd18a32c5acd', '35535e60-0a5e-2e27-b363-03d706fee6fa', 0.065) ON CONFLICT (product_id, inventory_item_id) DO UPDATE SET quantity = 0.065;
INSERT INTO product_recipes (id, product_id, inventory_item_id, quantity) VALUES ('76e87243-8372-79fb-fab3-9ca11e958eda', 'b832fd2c-27c8-fa0f-20f8-dd18a32c5acd', '82c1af44-684b-3b18-fb01-150063b95d50', 0.035) ON CONFLICT (product_id, inventory_item_id) DO UPDATE SET quantity = 0.035;
INSERT INTO product_recipes (id, product_id, inventory_item_id, quantity) VALUES ('fc6c84ef-4377-b373-485e-179cb3d04c06', 'b832fd2c-27c8-fa0f-20f8-dd18a32c5acd', 'b961f2b4-37cf-2892-8f0a-04bd149a02a7', 0.003) ON CONFLICT (product_id, inventory_item_id) DO UPDATE SET quantity = 0.003;
INSERT INTO product_recipes (id, product_id, inventory_item_id, quantity) VALUES ('08daaee6-4319-6981-533d-daf95e2cc38a', 'b832fd2c-27c8-fa0f-20f8-dd18a32c5acd', '0084638f-9d14-4ae5-5753-3be5dde30a91', 1) ON CONFLICT (product_id, inventory_item_id) DO UPDATE SET quantity = 1;
INSERT INTO product_recipes (id, product_id, inventory_item_id, quantity) VALUES ('94bbc8d2-48b9-1f8a-a632-ba0affa0d003', 'b832fd2c-27c8-fa0f-20f8-dd18a32c5acd', '19d91a11-8ddf-5c49-a775-f0dda75c902c', 1) ON CONFLICT (product_id, inventory_item_id) DO UPDATE SET quantity = 1;
INSERT INTO product_recipes (id, product_id, inventory_item_id, quantity) VALUES ('ccffe5ec-28f9-63c3-0b88-46d2da10b4ee', 'b832fd2c-27c8-fa0f-20f8-dd18a32c5acd', '277db35c-34de-6a88-abba-bc66af410c0c', 1) ON CONFLICT (product_id, inventory_item_id) DO UPDATE SET quantity = 1;
INSERT INTO products (id, category_id, name_ar, name_en, price, description_ar, description_en, is_available) VALUES ('8d699a4f-f940-b3d6-9144-3b927e41d805', 'c3333333-3333-3333-3333-333333333333', 'باستا لازانيا سى فود', 'باستا لازانيا سى فود', 180, 'شيت الوصفات الدفترية', 'Recipe Details', true) ON CONFLICT (id) DO UPDATE SET price = 180;
INSERT INTO product_recipes (id, product_id, inventory_item_id, quantity) VALUES ('525fdf74-4025-b206-e504-feb63afea9a4', '8d699a4f-f940-b3d6-9144-3b927e41d805', '17d3be51-0258-c588-5520-dbe4db11f26a', 0.25) ON CONFLICT (product_id, inventory_item_id) DO UPDATE SET quantity = 0.25;
INSERT INTO product_recipes (id, product_id, inventory_item_id, quantity) VALUES ('5bc304c4-fbf0-e57b-595a-a7ad5ee0937b', '8d699a4f-f940-b3d6-9144-3b927e41d805', '13571033-e3cb-f12a-cd14-2f4d6c7397a9', 0.015) ON CONFLICT (product_id, inventory_item_id) DO UPDATE SET quantity = 0.015;
INSERT INTO product_recipes (id, product_id, inventory_item_id, quantity) VALUES ('5bc304c4-fbf0-e57b-595a-a7ad5ee0937b', '8d699a4f-f940-b3d6-9144-3b927e41d805', '13571033-e3cb-f12a-cd14-2f4d6c7397a9', 0.01) ON CONFLICT (product_id, inventory_item_id) DO UPDATE SET quantity = 0.01;
INSERT INTO product_recipes (id, product_id, inventory_item_id, quantity) VALUES ('7d0e41b7-c283-75a2-06fa-ca5e0058efd5', '8d699a4f-f940-b3d6-9144-3b927e41d805', '62698a04-b6f7-52b9-ab75-89f7b10e5b1e', 0.1) ON CONFLICT (product_id, inventory_item_id) DO UPDATE SET quantity = 0.1;
INSERT INTO product_recipes (id, product_id, inventory_item_id, quantity) VALUES ('51b6b29e-d946-129e-999f-f15248b65fff', '8d699a4f-f940-b3d6-9144-3b927e41d805', '1088c082-c19a-1565-3378-352514e37749', 0.1) ON CONFLICT (product_id, inventory_item_id) DO UPDATE SET quantity = 0.1;
INSERT INTO product_recipes (id, product_id, inventory_item_id, quantity) VALUES ('567e734a-33af-d7e5-a728-b344942fc2e0', '8d699a4f-f940-b3d6-9144-3b927e41d805', '5637a28d-6a23-3b06-789b-06e72febc15f', 0.02) ON CONFLICT (product_id, inventory_item_id) DO UPDATE SET quantity = 0.02;
INSERT INTO product_recipes (id, product_id, inventory_item_id, quantity) VALUES ('09afa4d9-486b-2c36-4ba1-f5f74182a3ac', '8d699a4f-f940-b3d6-9144-3b927e41d805', '6f6d4b0c-d09a-457a-2ff5-b87005f7a46c', 0.15) ON CONFLICT (product_id, inventory_item_id) DO UPDATE SET quantity = 0.15;
INSERT INTO product_recipes (id, product_id, inventory_item_id, quantity) VALUES ('87109e06-1969-b447-a3b7-571286dd7a01', '8d699a4f-f940-b3d6-9144-3b927e41d805', 'c6b32d7f-5a46-1615-216e-b11b08e4a2c9', 0.1) ON CONFLICT (product_id, inventory_item_id) DO UPDATE SET quantity = 0.1;
INSERT INTO product_recipes (id, product_id, inventory_item_id, quantity) VALUES ('f970563c-d6b4-610f-3c4a-3c6c1b8c21ed', '8d699a4f-f940-b3d6-9144-3b927e41d805', 'c7b3b419-5077-bed7-aa75-adebc569eec2', 1) ON CONFLICT (product_id, inventory_item_id) DO UPDATE SET quantity = 1;
INSERT INTO product_recipes (id, product_id, inventory_item_id, quantity) VALUES ('0eef5f09-4c00-7318-a1bd-fb1fd3053c92', '8d699a4f-f940-b3d6-9144-3b927e41d805', '35535e60-0a5e-2e27-b363-03d706fee6fa', 0.065) ON CONFLICT (product_id, inventory_item_id) DO UPDATE SET quantity = 0.065;
INSERT INTO product_recipes (id, product_id, inventory_item_id, quantity) VALUES ('5a76c68c-65a5-a162-2a0a-6b87dd2a67ee', '8d699a4f-f940-b3d6-9144-3b927e41d805', '82c1af44-684b-3b18-fb01-150063b95d50', 0.035) ON CONFLICT (product_id, inventory_item_id) DO UPDATE SET quantity = 0.035;
INSERT INTO product_recipes (id, product_id, inventory_item_id, quantity) VALUES ('42da3f36-d479-10f0-0020-777d28ca7d95', '8d699a4f-f940-b3d6-9144-3b927e41d805', 'b961f2b4-37cf-2892-8f0a-04bd149a02a7', 0.003) ON CONFLICT (product_id, inventory_item_id) DO UPDATE SET quantity = 0.003;
INSERT INTO product_recipes (id, product_id, inventory_item_id, quantity) VALUES ('508c2252-7525-be89-f3c4-f14adb50a097', '8d699a4f-f940-b3d6-9144-3b927e41d805', '228f5c8f-5007-5c37-013f-5b51a54642ff', 1) ON CONFLICT (product_id, inventory_item_id) DO UPDATE SET quantity = 1;
INSERT INTO product_recipes (id, product_id, inventory_item_id, quantity) VALUES ('a7a65874-f8af-ee3b-2ea8-aff768560b0f', '8d699a4f-f940-b3d6-9144-3b927e41d805', '19d91a11-8ddf-5c49-a775-f0dda75c902c', 1) ON CONFLICT (product_id, inventory_item_id) DO UPDATE SET quantity = 1;
INSERT INTO product_recipes (id, product_id, inventory_item_id, quantity) VALUES ('207bed2f-c624-f061-4e81-6b8e7a15e394', '8d699a4f-f940-b3d6-9144-3b927e41d805', '277db35c-34de-6a88-abba-bc66af410c0c', 1) ON CONFLICT (product_id, inventory_item_id) DO UPDATE SET quantity = 1;
INSERT INTO products (id, category_id, name_ar, name_en, price, description_ar, description_en, is_available) VALUES ('60264190-0c81-4255-d6ff-abf3245b39bf', 'c1111111-1111-1111-1111-111111111111', 'مقبلات تشيز فرايز', 'مقبلات تشيز فرايز', 80, 'شيت الوصفات الدفترية', 'Recipe Details', true) ON CONFLICT (id) DO UPDATE SET price = 80;
INSERT INTO product_recipes (id, product_id, inventory_item_id, quantity) VALUES ('a8787d2a-f2df-6332-8fe4-859cc3cac3fc', '60264190-0c81-4255-d6ff-abf3245b39bf', 'ac615a7a-c1c2-29a1-0c84-f238dac2444c', 0.2) ON CONFLICT (product_id, inventory_item_id) DO UPDATE SET quantity = 0.2;
INSERT INTO product_recipes (id, product_id, inventory_item_id, quantity) VALUES ('32c69bb5-387a-b262-fbb7-7c75c7180561', '60264190-0c81-4255-d6ff-abf3245b39bf', '269ded52-f79b-6011-edb1-af2f5ebdb8c8', 0.15) ON CONFLICT (product_id, inventory_item_id) DO UPDATE SET quantity = 0.15;
INSERT INTO product_recipes (id, product_id, inventory_item_id, quantity) VALUES ('02f5f08f-0fe2-f285-76a8-07cd4d260a05', '60264190-0c81-4255-d6ff-abf3245b39bf', 'f06c2637-4dd3-5940-5094-363581d208e5', 0.01) ON CONFLICT (product_id, inventory_item_id) DO UPDATE SET quantity = 0.01;
INSERT INTO product_recipes (id, product_id, inventory_item_id, quantity) VALUES ('bc1a483b-d214-eddc-ab97-ab7d1e2aa888', '60264190-0c81-4255-d6ff-abf3245b39bf', '228f5c8f-5007-5c37-013f-5b51a54642ff', 1) ON CONFLICT (product_id, inventory_item_id) DO UPDATE SET quantity = 1;
INSERT INTO product_recipes (id, product_id, inventory_item_id, quantity) VALUES ('6d3fd048-d3ec-818d-e3b8-deb121e2a4f9', '60264190-0c81-4255-d6ff-abf3245b39bf', '277db35c-34de-6a88-abba-bc66af410c0c', 1) ON CONFLICT (product_id, inventory_item_id) DO UPDATE SET quantity = 1;
INSERT INTO product_recipes (id, product_id, inventory_item_id, quantity) VALUES ('9fa73e58-c8d5-773d-8e87-9e46875a5a9a', '60264190-0c81-4255-d6ff-abf3245b39bf', '19d91a11-8ddf-5c49-a775-f0dda75c902c', 1) ON CONFLICT (product_id, inventory_item_id) DO UPDATE SET quantity = 1;
INSERT INTO products (id, category_id, name_ar, name_en, price, description_ar, description_en, is_available) VALUES ('6b21dec7-ff6f-8da5-babc-c45484a79633', 'c1111111-1111-1111-1111-111111111111', 'مقبلات تشكن فرايز سبايسى', 'مقبلات تشكن فرايز سبايسى', 110, 'شيت الوصفات الدفترية', 'Recipe Details', true) ON CONFLICT (id) DO UPDATE SET price = 110;
INSERT INTO product_recipes (id, product_id, inventory_item_id, quantity) VALUES ('6221f184-7154-14c7-c40b-a9e82b0ddccf', '6b21dec7-ff6f-8da5-babc-c45484a79633', '9b641fe0-65b3-767f-cf4d-687ceb60fa9f', 0.15) ON CONFLICT (product_id, inventory_item_id) DO UPDATE SET quantity = 0.15;
INSERT INTO product_recipes (id, product_id, inventory_item_id, quantity) VALUES ('ab210dd6-f28f-6cea-03aa-f222c93430af', '6b21dec7-ff6f-8da5-babc-c45484a79633', 'ac615a7a-c1c2-29a1-0c84-f238dac2444c', 0.2) ON CONFLICT (product_id, inventory_item_id) DO UPDATE SET quantity = 0.2;
INSERT INTO product_recipes (id, product_id, inventory_item_id, quantity) VALUES ('9d59e24d-9ceb-4e7b-5519-8145cfca93d4', '6b21dec7-ff6f-8da5-babc-c45484a79633', '269ded52-f79b-6011-edb1-af2f5ebdb8c8', 0.15) ON CONFLICT (product_id, inventory_item_id) DO UPDATE SET quantity = 0.15;
INSERT INTO product_recipes (id, product_id, inventory_item_id, quantity) VALUES ('59b8b9ff-bf20-24b7-57a1-10302325881e', '6b21dec7-ff6f-8da5-babc-c45484a79633', '228f5c8f-5007-5c37-013f-5b51a54642ff', 1) ON CONFLICT (product_id, inventory_item_id) DO UPDATE SET quantity = 1;
INSERT INTO product_recipes (id, product_id, inventory_item_id, quantity) VALUES ('e8144226-645e-2f67-121a-5300b0655fc1', '6b21dec7-ff6f-8da5-babc-c45484a79633', '277db35c-34de-6a88-abba-bc66af410c0c', 1) ON CONFLICT (product_id, inventory_item_id) DO UPDATE SET quantity = 1;
INSERT INTO product_recipes (id, product_id, inventory_item_id, quantity) VALUES ('1170f1f1-7cc6-7a92-0899-b9ae286be752', '6b21dec7-ff6f-8da5-babc-c45484a79633', '19d91a11-8ddf-5c49-a775-f0dda75c902c', 1) ON CONFLICT (product_id, inventory_item_id) DO UPDATE SET quantity = 1;
INSERT INTO products (id, category_id, name_ar, name_en, price, description_ar, description_en, is_available) VALUES ('fafe6ff5-0647-6cbc-c8f9-5eaacc51756e', 'c1111111-1111-1111-1111-111111111111', 'مقبلات تاكو اللحم', 'مقبلات تاكو اللحم', 95, 'شيت الوصفات الدفترية', 'Recipe Details', true) ON CONFLICT (id) DO UPDATE SET price = 95;
INSERT INTO product_recipes (id, product_id, inventory_item_id, quantity) VALUES ('baea20da-6f87-b826-79f7-d3b329f2ce01', 'fafe6ff5-0647-6cbc-c8f9-5eaacc51756e', '85d6ec63-ce2e-3ced-0e89-ed0f7d69b586', 0.12) ON CONFLICT (product_id, inventory_item_id) DO UPDATE SET quantity = 0.12;
INSERT INTO product_recipes (id, product_id, inventory_item_id, quantity) VALUES ('c539ee47-2ce0-9287-2b33-36e5d13e9197', 'fafe6ff5-0647-6cbc-c8f9-5eaacc51756e', '13571033-e3cb-f12a-cd14-2f4d6c7397a9', 0.02) ON CONFLICT (product_id, inventory_item_id) DO UPDATE SET quantity = 0.02;
INSERT INTO product_recipes (id, product_id, inventory_item_id, quantity) VALUES ('c43ed07a-20ec-9363-6541-6e7e6015830a', 'fafe6ff5-0647-6cbc-c8f9-5eaacc51756e', 'fa478525-19ec-bf9b-fc57-dd390a9e390a', 0.005) ON CONFLICT (product_id, inventory_item_id) DO UPDATE SET quantity = 0.005;
INSERT INTO product_recipes (id, product_id, inventory_item_id, quantity) VALUES ('f4c470ea-7e75-b63a-0374-b4af476a68bd', 'fafe6ff5-0647-6cbc-c8f9-5eaacc51756e', '83955f01-088d-21f2-8848-d2e2c75ff82a', 0.005) ON CONFLICT (product_id, inventory_item_id) DO UPDATE SET quantity = 0.005;
INSERT INTO product_recipes (id, product_id, inventory_item_id, quantity) VALUES ('790934df-3e07-1df7-563d-e62f4057f160', 'fafe6ff5-0647-6cbc-c8f9-5eaacc51756e', '25e8356d-29d5-475a-6404-e5d39aeff4e3', 0.005) ON CONFLICT (product_id, inventory_item_id) DO UPDATE SET quantity = 0.005;
INSERT INTO product_recipes (id, product_id, inventory_item_id, quantity) VALUES ('a019440f-8f63-8842-53bf-6c790a0d14d7', 'fafe6ff5-0647-6cbc-c8f9-5eaacc51756e', '35535e60-0a5e-2e27-b363-03d706fee6fa', 0.065) ON CONFLICT (product_id, inventory_item_id) DO UPDATE SET quantity = 0.065;
INSERT INTO product_recipes (id, product_id, inventory_item_id, quantity) VALUES ('1a8a07aa-26a5-3c48-3682-82450ba4d8b6', 'fafe6ff5-0647-6cbc-c8f9-5eaacc51756e', '82c1af44-684b-3b18-fb01-150063b95d50', 0.035) ON CONFLICT (product_id, inventory_item_id) DO UPDATE SET quantity = 0.035;
INSERT INTO product_recipes (id, product_id, inventory_item_id, quantity) VALUES ('46a60a05-34df-ce05-e67f-5ef7329d4e91', 'fafe6ff5-0647-6cbc-c8f9-5eaacc51756e', '269ded52-f79b-6011-edb1-af2f5ebdb8c8', 0.02) ON CONFLICT (product_id, inventory_item_id) DO UPDATE SET quantity = 0.02;
INSERT INTO product_recipes (id, product_id, inventory_item_id, quantity) VALUES ('92840802-4c06-8fb7-a581-a1926fc44dd7', 'fafe6ff5-0647-6cbc-c8f9-5eaacc51756e', '4c65b802-38ae-7548-6a3e-5f148d1562bb', 1) ON CONFLICT (product_id, inventory_item_id) DO UPDATE SET quantity = 1;
INSERT INTO product_recipes (id, product_id, inventory_item_id, quantity) VALUES ('ab0d1de4-1403-6b5d-7fad-b4e9728b1364', 'fafe6ff5-0647-6cbc-c8f9-5eaacc51756e', '6f6d4b0c-d09a-457a-2ff5-b87005f7a46c', 0.02) ON CONFLICT (product_id, inventory_item_id) DO UPDATE SET quantity = 0.02;
INSERT INTO product_recipes (id, product_id, inventory_item_id, quantity) VALUES ('6cdfdf5a-2b6a-1025-5fb5-6a340e506e9b', 'fafe6ff5-0647-6cbc-c8f9-5eaacc51756e', '8177960e-9c3e-d22e-da38-60e044f44583', 0.5) ON CONFLICT (product_id, inventory_item_id) DO UPDATE SET quantity = 0.5;
INSERT INTO product_recipes (id, product_id, inventory_item_id, quantity) VALUES ('a07be7cc-79f9-79d3-5a3b-294ec7009b5d', 'fafe6ff5-0647-6cbc-c8f9-5eaacc51756e', '19d91a11-8ddf-5c49-a775-f0dda75c902c', 1) ON CONFLICT (product_id, inventory_item_id) DO UPDATE SET quantity = 1;
INSERT INTO product_recipes (id, product_id, inventory_item_id, quantity) VALUES ('f7e8ee15-268f-b43b-a197-158127ef121c', 'fafe6ff5-0647-6cbc-c8f9-5eaacc51756e', '277db35c-34de-6a88-abba-bc66af410c0c', 1) ON CONFLICT (product_id, inventory_item_id) DO UPDATE SET quantity = 1;
INSERT INTO product_recipes (id, product_id, inventory_item_id, quantity) VALUES ('dc806fee-4783-08f8-ca0b-ad3a36f9ef68', 'fafe6ff5-0647-6cbc-c8f9-5eaacc51756e', '451e1426-3271-fc95-6fce-6824b3e28e7d', 1) ON CONFLICT (product_id, inventory_item_id) DO UPDATE SET quantity = 1;
INSERT INTO products (id, category_id, name_ar, name_en, price, description_ar, description_en, is_available) VALUES ('f1e4cb6f-7593-a698-0048-70dcb695d178', 'c1111111-1111-1111-1111-111111111111', 'مقبلات تكساس فرايز', 'مقبلات تكساس فرايز', 105, 'شيت الوصفات الدفترية', 'Recipe Details', true) ON CONFLICT (id) DO UPDATE SET price = 105;
INSERT INTO product_recipes (id, product_id, inventory_item_id, quantity) VALUES ('02c7562c-094d-a8f6-8f8e-69f26bd95574', 'f1e4cb6f-7593-a698-0048-70dcb695d178', 'ac615a7a-c1c2-29a1-0c84-f238dac2444c', 0.2) ON CONFLICT (product_id, inventory_item_id) DO UPDATE SET quantity = 0.2;
INSERT INTO product_recipes (id, product_id, inventory_item_id, quantity) VALUES ('4653ce9a-eab3-ef84-d068-f14e3d338841', 'f1e4cb6f-7593-a698-0048-70dcb695d178', '85d6ec63-ce2e-3ced-0e89-ed0f7d69b586', 0.12) ON CONFLICT (product_id, inventory_item_id) DO UPDATE SET quantity = 0.12;
INSERT INTO product_recipes (id, product_id, inventory_item_id, quantity) VALUES ('851c91d3-21cb-baac-47c3-80e101d5111d', 'f1e4cb6f-7593-a698-0048-70dcb695d178', '6f6d4b0c-d09a-457a-2ff5-b87005f7a46c', 0.03) ON CONFLICT (product_id, inventory_item_id) DO UPDATE SET quantity = 0.03;
INSERT INTO product_recipes (id, product_id, inventory_item_id, quantity) VALUES ('f62b50f8-34cc-5bbb-b8c5-a9de68964685', 'f1e4cb6f-7593-a698-0048-70dcb695d178', '269ded52-f79b-6011-edb1-af2f5ebdb8c8', 0.15) ON CONFLICT (product_id, inventory_item_id) DO UPDATE SET quantity = 0.15;
INSERT INTO product_recipes (id, product_id, inventory_item_id, quantity) VALUES ('9cefa30c-3e3e-942d-23a5-d3bbce3f22db', 'f1e4cb6f-7593-a698-0048-70dcb695d178', 'f06c2637-4dd3-5940-5094-363581d208e5', 0.005) ON CONFLICT (product_id, inventory_item_id) DO UPDATE SET quantity = 0.005;
INSERT INTO product_recipes (id, product_id, inventory_item_id, quantity) VALUES ('4e35e072-2722-ce5c-76b9-ac0d7e7d446a', 'f1e4cb6f-7593-a698-0048-70dcb695d178', '228f5c8f-5007-5c37-013f-5b51a54642ff', 1) ON CONFLICT (product_id, inventory_item_id) DO UPDATE SET quantity = 1;
INSERT INTO product_recipes (id, product_id, inventory_item_id, quantity) VALUES ('ab81cd05-2e64-25de-053e-8cd4332e84f3', 'f1e4cb6f-7593-a698-0048-70dcb695d178', '277db35c-34de-6a88-abba-bc66af410c0c', 1) ON CONFLICT (product_id, inventory_item_id) DO UPDATE SET quantity = 1;
INSERT INTO product_recipes (id, product_id, inventory_item_id, quantity) VALUES ('c7742a13-db51-04f7-ab2d-aca1fe1aab76', 'f1e4cb6f-7593-a698-0048-70dcb695d178', '19d91a11-8ddf-5c49-a775-f0dda75c902c', 1) ON CONFLICT (product_id, inventory_item_id) DO UPDATE SET quantity = 1;
INSERT INTO products (id, category_id, name_ar, name_en, price, description_ar, description_en, is_available) VALUES ('857d675f-3342-dbcd-99ec-739763df768d', 'c1111111-1111-1111-1111-111111111111', 'مقبلات تشكن بول', 'مقبلات تشكن بول', 90, 'شيت الوصفات الدفترية', 'Recipe Details', true) ON CONFLICT (id) DO UPDATE SET price = 90;
INSERT INTO product_recipes (id, product_id, inventory_item_id, quantity) VALUES ('c3190c78-f06c-9484-900a-d49b03c69e80', '857d675f-3342-dbcd-99ec-739763df768d', '83ed9875-ea63-0cbc-517e-801c5fad22ce', 0.15) ON CONFLICT (product_id, inventory_item_id) DO UPDATE SET quantity = 0.15;
INSERT INTO product_recipes (id, product_id, inventory_item_id, quantity) VALUES ('b24eb8df-a995-2a4b-b672-8290e13aae0e', '857d675f-3342-dbcd-99ec-739763df768d', '35535e60-0a5e-2e27-b363-03d706fee6fa', 0.04) ON CONFLICT (product_id, inventory_item_id) DO UPDATE SET quantity = 0.04;
INSERT INTO product_recipes (id, product_id, inventory_item_id, quantity) VALUES ('6eb4dfa1-3e10-938e-03f4-3fc43b91e4d0', '857d675f-3342-dbcd-99ec-739763df768d', '82c1af44-684b-3b18-fb01-150063b95d50', 0.02) ON CONFLICT (product_id, inventory_item_id) DO UPDATE SET quantity = 0.02;
INSERT INTO product_recipes (id, product_id, inventory_item_id, quantity) VALUES ('84d4db67-7556-9d94-530e-83b1f6134306', '857d675f-3342-dbcd-99ec-739763df768d', '5a81f286-c15b-fa5b-07c6-141b4570d57a', 0.05) ON CONFLICT (product_id, inventory_item_id) DO UPDATE SET quantity = 0.05;
INSERT INTO product_recipes (id, product_id, inventory_item_id, quantity) VALUES ('524eb6f5-b955-a626-232e-c2f5817e02e2', '857d675f-3342-dbcd-99ec-739763df768d', '8fc83802-bc64-acbf-496a-c8f677e84b7a', 0.05) ON CONFLICT (product_id, inventory_item_id) DO UPDATE SET quantity = 0.05;
INSERT INTO product_recipes (id, product_id, inventory_item_id, quantity) VALUES ('3c805741-da68-b1a4-5e80-065e07089cea', '857d675f-3342-dbcd-99ec-739763df768d', '269ded52-f79b-6011-edb1-af2f5ebdb8c8', 0.02) ON CONFLICT (product_id, inventory_item_id) DO UPDATE SET quantity = 0.02;
INSERT INTO product_recipes (id, product_id, inventory_item_id, quantity) VALUES ('01e22453-1946-c405-9314-03e9c098f814', '857d675f-3342-dbcd-99ec-739763df768d', '19d91a11-8ddf-5c49-a775-f0dda75c902c', 1) ON CONFLICT (product_id, inventory_item_id) DO UPDATE SET quantity = 1;
INSERT INTO product_recipes (id, product_id, inventory_item_id, quantity) VALUES ('b31e4cb1-9349-acaa-4c42-4f72d92a94c2', '857d675f-3342-dbcd-99ec-739763df768d', '277db35c-34de-6a88-abba-bc66af410c0c', 1) ON CONFLICT (product_id, inventory_item_id) DO UPDATE SET quantity = 1;
INSERT INTO product_recipes (id, product_id, inventory_item_id, quantity) VALUES ('f9700af0-805e-b0e1-a86a-7af85ee5c76f', '857d675f-3342-dbcd-99ec-739763df768d', '744bfcfc-4285-307d-4d14-20c9326223ba', 1) ON CONFLICT (product_id, inventory_item_id) DO UPDATE SET quantity = 1;
INSERT INTO products (id, category_id, name_ar, name_en, price, description_ar, description_en, is_available) VALUES ('d934b742-ad07-db65-9d71-02d0bb0e41eb', 'c1111111-1111-1111-1111-111111111111', 'مقبلات تاكو الدجاج', 'مقبلات تاكو الدجاج', 95, 'شيت الوصفات الدفترية', 'Recipe Details', true) ON CONFLICT (id) DO UPDATE SET price = 95;
INSERT INTO product_recipes (id, product_id, inventory_item_id, quantity) VALUES ('675abd9b-440d-46bf-ed3e-fbbb3c71cb6a', 'd934b742-ad07-db65-9d71-02d0bb0e41eb', 'd097ad98-3121-21db-d07c-327f0b40619c', 0.12) ON CONFLICT (product_id, inventory_item_id) DO UPDATE SET quantity = 0.12;
INSERT INTO product_recipes (id, product_id, inventory_item_id, quantity) VALUES ('d7c2e689-9536-3edc-d56a-d3c44872054a', 'd934b742-ad07-db65-9d71-02d0bb0e41eb', '13571033-e3cb-f12a-cd14-2f4d6c7397a9', 0.02) ON CONFLICT (product_id, inventory_item_id) DO UPDATE SET quantity = 0.02;
INSERT INTO product_recipes (id, product_id, inventory_item_id, quantity) VALUES ('c204e890-1812-a84a-1742-499528b7293f', 'd934b742-ad07-db65-9d71-02d0bb0e41eb', 'fa478525-19ec-bf9b-fc57-dd390a9e390a', 0.005) ON CONFLICT (product_id, inventory_item_id) DO UPDATE SET quantity = 0.005;
INSERT INTO product_recipes (id, product_id, inventory_item_id, quantity) VALUES ('fb315ce8-3408-4e36-3e4a-b7f7ee31714f', 'd934b742-ad07-db65-9d71-02d0bb0e41eb', '83955f01-088d-21f2-8848-d2e2c75ff82a', 0.005) ON CONFLICT (product_id, inventory_item_id) DO UPDATE SET quantity = 0.005;
INSERT INTO product_recipes (id, product_id, inventory_item_id, quantity) VALUES ('64d3e6a9-80da-487b-fab0-a692136eeb7a', 'd934b742-ad07-db65-9d71-02d0bb0e41eb', '25e8356d-29d5-475a-6404-e5d39aeff4e3', 0.005) ON CONFLICT (product_id, inventory_item_id) DO UPDATE SET quantity = 0.005;
INSERT INTO product_recipes (id, product_id, inventory_item_id, quantity) VALUES ('aa5ccd91-7460-6f52-733e-a677b980b20b', 'd934b742-ad07-db65-9d71-02d0bb0e41eb', '35535e60-0a5e-2e27-b363-03d706fee6fa', 0.065) ON CONFLICT (product_id, inventory_item_id) DO UPDATE SET quantity = 0.065;
INSERT INTO product_recipes (id, product_id, inventory_item_id, quantity) VALUES ('953a3258-6043-a196-d7d9-a20cf2293edc', 'd934b742-ad07-db65-9d71-02d0bb0e41eb', '82c1af44-684b-3b18-fb01-150063b95d50', 0.035) ON CONFLICT (product_id, inventory_item_id) DO UPDATE SET quantity = 0.035;
INSERT INTO product_recipes (id, product_id, inventory_item_id, quantity) VALUES ('f2ecf48c-0e41-ff37-6a3e-afe084b5e4cc', 'd934b742-ad07-db65-9d71-02d0bb0e41eb', '269ded52-f79b-6011-edb1-af2f5ebdb8c8', 0.02) ON CONFLICT (product_id, inventory_item_id) DO UPDATE SET quantity = 0.02;
INSERT INTO product_recipes (id, product_id, inventory_item_id, quantity) VALUES ('8df07e67-a556-884c-3634-e0fb6759bf94', 'd934b742-ad07-db65-9d71-02d0bb0e41eb', '4c65b802-38ae-7548-6a3e-5f148d1562bb', 1) ON CONFLICT (product_id, inventory_item_id) DO UPDATE SET quantity = 1;
INSERT INTO product_recipes (id, product_id, inventory_item_id, quantity) VALUES ('51238788-d010-3948-3a9d-89b8451185e5', 'd934b742-ad07-db65-9d71-02d0bb0e41eb', '6f6d4b0c-d09a-457a-2ff5-b87005f7a46c', 0.02) ON CONFLICT (product_id, inventory_item_id) DO UPDATE SET quantity = 0.02;
INSERT INTO product_recipes (id, product_id, inventory_item_id, quantity) VALUES ('5ad808c9-4312-679c-758f-c08532b68c3a', 'd934b742-ad07-db65-9d71-02d0bb0e41eb', '8177960e-9c3e-d22e-da38-60e044f44583', 0.5) ON CONFLICT (product_id, inventory_item_id) DO UPDATE SET quantity = 0.5;
INSERT INTO product_recipes (id, product_id, inventory_item_id, quantity) VALUES ('dc3e69a3-50c5-253a-fa92-99168f370aa4', 'd934b742-ad07-db65-9d71-02d0bb0e41eb', '19d91a11-8ddf-5c49-a775-f0dda75c902c', 1) ON CONFLICT (product_id, inventory_item_id) DO UPDATE SET quantity = 1;
INSERT INTO product_recipes (id, product_id, inventory_item_id, quantity) VALUES ('841dc3c3-63ee-5822-7db2-cdea955127b1', 'd934b742-ad07-db65-9d71-02d0bb0e41eb', '277db35c-34de-6a88-abba-bc66af410c0c', 1) ON CONFLICT (product_id, inventory_item_id) DO UPDATE SET quantity = 1;
INSERT INTO product_recipes (id, product_id, inventory_item_id, quantity) VALUES ('b2738ee7-d867-f3bc-bd27-5572b00ef7b0', 'd934b742-ad07-db65-9d71-02d0bb0e41eb', '451e1426-3271-fc95-6fce-6824b3e28e7d', 1) ON CONFLICT (product_id, inventory_item_id) DO UPDATE SET quantity = 1;
INSERT INTO products (id, category_id, name_ar, name_en, price, description_ar, description_en, is_available) VALUES ('07ba0e7d-6bac-cb43-b916-d2987b4797c2', 'c1111111-1111-1111-1111-111111111111', 'مقبلات كاساديا دجاج', 'مقبلات كاساديا دجاج', 115, 'شيت الوصفات الدفترية', 'Recipe Details', true) ON CONFLICT (id) DO UPDATE SET price = 115;
INSERT INTO product_recipes (id, product_id, inventory_item_id, quantity) VALUES ('d5dbd746-4772-b22c-a2a3-c2cc3ae5baf7', '07ba0e7d-6bac-cb43-b916-d2987b4797c2', 'd097ad98-3121-21db-d07c-327f0b40619c', 0.12) ON CONFLICT (product_id, inventory_item_id) DO UPDATE SET quantity = 0.12;
INSERT INTO product_recipes (id, product_id, inventory_item_id, quantity) VALUES ('1fb1ad4d-b5d6-1ced-71a5-c9f9b268b0ea', '07ba0e7d-6bac-cb43-b916-d2987b4797c2', '13571033-e3cb-f12a-cd14-2f4d6c7397a9', 0.02) ON CONFLICT (product_id, inventory_item_id) DO UPDATE SET quantity = 0.02;
INSERT INTO product_recipes (id, product_id, inventory_item_id, quantity) VALUES ('d0e3582b-fbef-cb60-f514-6265a7eba5ba', '07ba0e7d-6bac-cb43-b916-d2987b4797c2', 'fa478525-19ec-bf9b-fc57-dd390a9e390a', 0.005) ON CONFLICT (product_id, inventory_item_id) DO UPDATE SET quantity = 0.005;
INSERT INTO product_recipes (id, product_id, inventory_item_id, quantity) VALUES ('ba57d687-5dfa-36a3-48c3-14a8d1260db2', '07ba0e7d-6bac-cb43-b916-d2987b4797c2', '83955f01-088d-21f2-8848-d2e2c75ff82a', 0.005) ON CONFLICT (product_id, inventory_item_id) DO UPDATE SET quantity = 0.005;
INSERT INTO product_recipes (id, product_id, inventory_item_id, quantity) VALUES ('b5fa8849-658d-1d14-e7ad-7dc41301beb0', '07ba0e7d-6bac-cb43-b916-d2987b4797c2', '25e8356d-29d5-475a-6404-e5d39aeff4e3', 0.005) ON CONFLICT (product_id, inventory_item_id) DO UPDATE SET quantity = 0.005;
INSERT INTO product_recipes (id, product_id, inventory_item_id, quantity) VALUES ('b1fb9182-e6f4-192b-285d-5b63616bc5aa', '07ba0e7d-6bac-cb43-b916-d2987b4797c2', '35535e60-0a5e-2e27-b363-03d706fee6fa', 0.065) ON CONFLICT (product_id, inventory_item_id) DO UPDATE SET quantity = 0.065;
INSERT INTO product_recipes (id, product_id, inventory_item_id, quantity) VALUES ('e2e7e976-af72-2727-2a89-34833c13c0e3', '07ba0e7d-6bac-cb43-b916-d2987b4797c2', '82c1af44-684b-3b18-fb01-150063b95d50', 0.035) ON CONFLICT (product_id, inventory_item_id) DO UPDATE SET quantity = 0.035;
INSERT INTO product_recipes (id, product_id, inventory_item_id, quantity) VALUES ('9c52d6cd-c8fa-1d9d-9d9f-f6c746efe3e0', '07ba0e7d-6bac-cb43-b916-d2987b4797c2', '269ded52-f79b-6011-edb1-af2f5ebdb8c8', 0.02) ON CONFLICT (product_id, inventory_item_id) DO UPDATE SET quantity = 0.02;
INSERT INTO product_recipes (id, product_id, inventory_item_id, quantity) VALUES ('ccd7467e-afb4-87ba-492a-748494b2dbc9', '07ba0e7d-6bac-cb43-b916-d2987b4797c2', '4c65b802-38ae-7548-6a3e-5f148d1562bb', 2) ON CONFLICT (product_id, inventory_item_id) DO UPDATE SET quantity = 2;
INSERT INTO product_recipes (id, product_id, inventory_item_id, quantity) VALUES ('04d3f8b0-6422-54fd-adbc-82578d0105cb', '07ba0e7d-6bac-cb43-b916-d2987b4797c2', '19d91a11-8ddf-5c49-a775-f0dda75c902c', 1) ON CONFLICT (product_id, inventory_item_id) DO UPDATE SET quantity = 1;
INSERT INTO product_recipes (id, product_id, inventory_item_id, quantity) VALUES ('4fdf4e03-c6f5-4d00-06cb-013b0fa8b82a', '07ba0e7d-6bac-cb43-b916-d2987b4797c2', '277db35c-34de-6a88-abba-bc66af410c0c', 1) ON CONFLICT (product_id, inventory_item_id) DO UPDATE SET quantity = 1;
INSERT INTO product_recipes (id, product_id, inventory_item_id, quantity) VALUES ('d9d612d2-ac47-ddab-1ad5-953d5139ecac', '07ba0e7d-6bac-cb43-b916-d2987b4797c2', '5e2417a3-397e-6cc3-326d-401c208bcd00', 1) ON CONFLICT (product_id, inventory_item_id) DO UPDATE SET quantity = 1;
INSERT INTO products (id, category_id, name_ar, name_en, price, description_ar, description_en, is_available) VALUES ('da01df45-fa04-7237-f191-a9b1ac852961', 'c2222222-2222-2222-2222-222222222222', 'برجر تشكن كرانشى رانش', 'برجر تشكن كرانشى رانش', 140, 'شيت الوصفات الدفترية', 'Recipe Details', true) ON CONFLICT (id) DO UPDATE SET price = 140;
INSERT INTO product_recipes (id, product_id, inventory_item_id, quantity) VALUES ('048c5efc-4eb6-e9b0-2a41-b34afe9e2fa3', 'da01df45-fa04-7237-f191-a9b1ac852961', 'b6cda741-a570-9145-bac1-0c558d71b7a4', 1) ON CONFLICT (product_id, inventory_item_id) DO UPDATE SET quantity = 1;
INSERT INTO product_recipes (id, product_id, inventory_item_id, quantity) VALUES ('7b1f2f30-78a2-d7a4-0e9a-aa94217ebdce', 'da01df45-fa04-7237-f191-a9b1ac852961', '9b641fe0-65b3-767f-cf4d-687ceb60fa9f', 0.15) ON CONFLICT (product_id, inventory_item_id) DO UPDATE SET quantity = 0.15;
INSERT INTO product_recipes (id, product_id, inventory_item_id, quantity) VALUES ('05bd927d-43d1-5b7d-f739-3fd7bb005b1b', 'da01df45-fa04-7237-f191-a9b1ac852961', 'b584fa1a-e1ce-132c-38a7-cace1578bb9d', 0.06) ON CONFLICT (product_id, inventory_item_id) DO UPDATE SET quantity = 0.06;
INSERT INTO product_recipes (id, product_id, inventory_item_id, quantity) VALUES ('811bfb3f-4b91-a1a3-e92e-444ca961c9b1', 'da01df45-fa04-7237-f191-a9b1ac852961', '90174069-2536-7884-e816-9e0c68be3d70', 0.02) ON CONFLICT (product_id, inventory_item_id) DO UPDATE SET quantity = 0.02;
INSERT INTO product_recipes (id, product_id, inventory_item_id, quantity) VALUES ('e753372b-f21d-2a95-815c-6b7c436492f3', 'da01df45-fa04-7237-f191-a9b1ac852961', 'ef7a1102-f9e7-07ac-65dc-e70ef2db82dd', 0.015) ON CONFLICT (product_id, inventory_item_id) DO UPDATE SET quantity = 0.015;
INSERT INTO product_recipes (id, product_id, inventory_item_id, quantity) VALUES ('fe33fd83-d4e4-053c-76b6-614c48727629', 'da01df45-fa04-7237-f191-a9b1ac852961', '269ded52-f79b-6011-edb1-af2f5ebdb8c8', 0.02) ON CONFLICT (product_id, inventory_item_id) DO UPDATE SET quantity = 0.02;
INSERT INTO product_recipes (id, product_id, inventory_item_id, quantity) VALUES ('c03a735f-ef95-2735-c055-da21dc9bb4d8', 'da01df45-fa04-7237-f191-a9b1ac852961', 'b2dfe843-884b-6022-b5e8-6d8ef780a390', 0.05) ON CONFLICT (product_id, inventory_item_id) DO UPDATE SET quantity = 0.05;
INSERT INTO product_recipes (id, product_id, inventory_item_id, quantity) VALUES ('219a83f7-47f6-222a-0caf-da3ed8e54cc3', 'da01df45-fa04-7237-f191-a9b1ac852961', '40361330-1a7f-1f78-1009-cf9265aaa139', 0.06) ON CONFLICT (product_id, inventory_item_id) DO UPDATE SET quantity = 0.06;
INSERT INTO product_recipes (id, product_id, inventory_item_id, quantity) VALUES ('7a10af01-c6e4-f5bc-b2f4-482d11b19933', 'da01df45-fa04-7237-f191-a9b1ac852961', '5a81f286-c15b-fa5b-07c6-141b4570d57a', 0.05) ON CONFLICT (product_id, inventory_item_id) DO UPDATE SET quantity = 0.05;
INSERT INTO product_recipes (id, product_id, inventory_item_id, quantity) VALUES ('6e63d672-9b53-77f7-f2b8-fe7b1cf7b4f5', 'da01df45-fa04-7237-f191-a9b1ac852961', '451e1426-3271-fc95-6fce-6824b3e28e7d', 1) ON CONFLICT (product_id, inventory_item_id) DO UPDATE SET quantity = 1;
INSERT INTO product_recipes (id, product_id, inventory_item_id, quantity) VALUES ('526263bc-0369-9e49-7699-41a12ed4b902', 'da01df45-fa04-7237-f191-a9b1ac852961', '04b8f15b-d20e-42ed-69e7-53f91a7919ad', 1) ON CONFLICT (product_id, inventory_item_id) DO UPDATE SET quantity = 1;
INSERT INTO product_recipes (id, product_id, inventory_item_id, quantity) VALUES ('be3db9fb-39b1-43e8-178b-66ccae4bd754', 'da01df45-fa04-7237-f191-a9b1ac852961', '8d364d2e-45ea-3f4f-8b2e-7ed4d8b75ae5', 2) ON CONFLICT (product_id, inventory_item_id) DO UPDATE SET quantity = 2;
INSERT INTO product_recipes (id, product_id, inventory_item_id, quantity) VALUES ('fbb2a861-2503-0d21-caaf-44cab1ccb25a', 'da01df45-fa04-7237-f191-a9b1ac852961', '277db35c-34de-6a88-abba-bc66af410c0c', 1) ON CONFLICT (product_id, inventory_item_id) DO UPDATE SET quantity = 1;
INSERT INTO product_recipes (id, product_id, inventory_item_id, quantity) VALUES ('97578e9d-8b4a-d66e-05ef-c50d422fe689', 'da01df45-fa04-7237-f191-a9b1ac852961', '19d91a11-8ddf-5c49-a775-f0dda75c902c', 1) ON CONFLICT (product_id, inventory_item_id) DO UPDATE SET quantity = 1;
INSERT INTO products (id, category_id, name_ar, name_en, price, description_ar, description_en, is_available) VALUES ('cf37b641-faae-842a-2bdf-4fbab7741e65', 'c2222222-2222-2222-2222-222222222222', 'برجر تشكن', 'برجر تشكن', 135, 'شيت الوصفات الدفترية', 'Recipe Details', true) ON CONFLICT (id) DO UPDATE SET price = 135;
INSERT INTO product_recipes (id, product_id, inventory_item_id, quantity) VALUES ('936d3980-aedb-a0ac-7f96-c8a4f83b014c', 'cf37b641-faae-842a-2bdf-4fbab7741e65', 'b6cda741-a570-9145-bac1-0c558d71b7a4', 1) ON CONFLICT (product_id, inventory_item_id) DO UPDATE SET quantity = 1;
INSERT INTO product_recipes (id, product_id, inventory_item_id, quantity) VALUES ('9c625db7-eab6-545e-46eb-86deb71ca451', 'cf37b641-faae-842a-2bdf-4fbab7741e65', '3f8d8c22-e348-2003-51c2-6e116b54ad62', 0.18) ON CONFLICT (product_id, inventory_item_id) DO UPDATE SET quantity = 0.18;
INSERT INTO product_recipes (id, product_id, inventory_item_id, quantity) VALUES ('57c15278-c171-18e6-13f1-6db25e489476', 'cf37b641-faae-842a-2bdf-4fbab7741e65', '5a81f286-c15b-fa5b-07c6-141b4570d57a', 0.05) ON CONFLICT (product_id, inventory_item_id) DO UPDATE SET quantity = 0.05;
INSERT INTO product_recipes (id, product_id, inventory_item_id, quantity) VALUES ('373d14d5-10bc-da8a-8baf-d77d3da21f48', 'cf37b641-faae-842a-2bdf-4fbab7741e65', '8fc83802-bc64-acbf-496a-c8f677e84b7a', 0.05) ON CONFLICT (product_id, inventory_item_id) DO UPDATE SET quantity = 0.05;
INSERT INTO product_recipes (id, product_id, inventory_item_id, quantity) VALUES ('da4681d9-0366-7d54-15bf-e7f9c5b31ea5', 'cf37b641-faae-842a-2bdf-4fbab7741e65', 'be42987c-b89d-7e37-6038-dc7fb24cf190', 0.02) ON CONFLICT (product_id, inventory_item_id) DO UPDATE SET quantity = 0.02;
INSERT INTO product_recipes (id, product_id, inventory_item_id, quantity) VALUES ('8a97348b-b11a-4b49-1ade-c1e13e24c43b', 'cf37b641-faae-842a-2bdf-4fbab7741e65', '90174069-2536-7884-e816-9e0c68be3d70', 0.02) ON CONFLICT (product_id, inventory_item_id) DO UPDATE SET quantity = 0.02;
INSERT INTO product_recipes (id, product_id, inventory_item_id, quantity) VALUES ('3e9f7e41-7292-6b44-dc35-662910e09336', 'cf37b641-faae-842a-2bdf-4fbab7741e65', 'ef7a1102-f9e7-07ac-65dc-e70ef2db82dd', 0.015) ON CONFLICT (product_id, inventory_item_id) DO UPDATE SET quantity = 0.015;
INSERT INTO product_recipes (id, product_id, inventory_item_id, quantity) VALUES ('dd2b763e-724d-68e6-34fb-47d07b772c3f', 'cf37b641-faae-842a-2bdf-4fbab7741e65', '269ded52-f79b-6011-edb1-af2f5ebdb8c8', 0.02) ON CONFLICT (product_id, inventory_item_id) DO UPDATE SET quantity = 0.02;
INSERT INTO product_recipes (id, product_id, inventory_item_id, quantity) VALUES ('70cf0659-0bd2-d008-271d-589c69480b75', 'cf37b641-faae-842a-2bdf-4fbab7741e65', 'b2dfe843-884b-6022-b5e8-6d8ef780a390', 0.05) ON CONFLICT (product_id, inventory_item_id) DO UPDATE SET quantity = 0.05;
INSERT INTO product_recipes (id, product_id, inventory_item_id, quantity) VALUES ('54039ca8-4631-09e6-ecc7-d6558bff5754', 'cf37b641-faae-842a-2bdf-4fbab7741e65', '40361330-1a7f-1f78-1009-cf9265aaa139', 0.06) ON CONFLICT (product_id, inventory_item_id) DO UPDATE SET quantity = 0.06;
INSERT INTO product_recipes (id, product_id, inventory_item_id, quantity) VALUES ('1d3df495-af81-4c3c-00d4-667600013e8e', 'cf37b641-faae-842a-2bdf-4fbab7741e65', '86cd3e99-8564-9fbb-9e11-a5f008e206c8', 0.02) ON CONFLICT (product_id, inventory_item_id) DO UPDATE SET quantity = 0.02;
INSERT INTO product_recipes (id, product_id, inventory_item_id, quantity) VALUES ('0093d383-cbac-17ca-78ef-580c9f7d8dd1', 'cf37b641-faae-842a-2bdf-4fbab7741e65', '451e1426-3271-fc95-6fce-6824b3e28e7d', 1) ON CONFLICT (product_id, inventory_item_id) DO UPDATE SET quantity = 1;
INSERT INTO product_recipes (id, product_id, inventory_item_id, quantity) VALUES ('bfeeafc5-13c3-2108-dfdf-854587835b0b', 'cf37b641-faae-842a-2bdf-4fbab7741e65', '04b8f15b-d20e-42ed-69e7-53f91a7919ad', 1) ON CONFLICT (product_id, inventory_item_id) DO UPDATE SET quantity = 1;
INSERT INTO product_recipes (id, product_id, inventory_item_id, quantity) VALUES ('033e9810-4d1a-0d15-59ee-5c7c911343bb', 'cf37b641-faae-842a-2bdf-4fbab7741e65', '8d364d2e-45ea-3f4f-8b2e-7ed4d8b75ae5', 2) ON CONFLICT (product_id, inventory_item_id) DO UPDATE SET quantity = 2;
INSERT INTO product_recipes (id, product_id, inventory_item_id, quantity) VALUES ('6bcfc99b-068a-9f17-276b-d86e15d4b94c', 'cf37b641-faae-842a-2bdf-4fbab7741e65', '277db35c-34de-6a88-abba-bc66af410c0c', 1) ON CONFLICT (product_id, inventory_item_id) DO UPDATE SET quantity = 1;
INSERT INTO product_recipes (id, product_id, inventory_item_id, quantity) VALUES ('66518d6b-3d26-c3b0-6b0e-329aeda08735', 'cf37b641-faae-842a-2bdf-4fbab7741e65', '19d91a11-8ddf-5c49-a775-f0dda75c902c', 1) ON CONFLICT (product_id, inventory_item_id) DO UPDATE SET quantity = 1;
INSERT INTO products (id, category_id, name_ar, name_en, price, description_ar, description_en, is_available) VALUES ('98b2fed8-1bb2-c051-19f8-3cefbfeaf190', 'c2222222-2222-2222-2222-222222222222', 'برجر مشروم صوص', 'برجر مشروم صوص', 155, 'شيت الوصفات الدفترية', 'Recipe Details', true) ON CONFLICT (id) DO UPDATE SET price = 155;
INSERT INTO product_recipes (id, product_id, inventory_item_id, quantity) VALUES ('d5247c93-d780-36b2-e0ca-fe98a1f6f362', '98b2fed8-1bb2-c051-19f8-3cefbfeaf190', 'b6cda741-a570-9145-bac1-0c558d71b7a4', 1) ON CONFLICT (product_id, inventory_item_id) DO UPDATE SET quantity = 1;
INSERT INTO product_recipes (id, product_id, inventory_item_id, quantity) VALUES ('dce14d9b-030c-8706-5ef6-559423ea09d6', '98b2fed8-1bb2-c051-19f8-3cefbfeaf190', '48fcd13c-2ab1-e264-f606-b2efe2db8284', 0.15) ON CONFLICT (product_id, inventory_item_id) DO UPDATE SET quantity = 0.15;
INSERT INTO product_recipes (id, product_id, inventory_item_id, quantity) VALUES ('c565014b-b827-bdc8-434f-3e898781c275', '98b2fed8-1bb2-c051-19f8-3cefbfeaf190', 'dd67fc84-caff-9f31-7df4-62dd353074db', 0.01) ON CONFLICT (product_id, inventory_item_id) DO UPDATE SET quantity = 0.01;
INSERT INTO product_recipes (id, product_id, inventory_item_id, quantity) VALUES ('4423c106-7ced-8b34-7c91-08797f57832d', '98b2fed8-1bb2-c051-19f8-3cefbfeaf190', '90174069-2536-7884-e816-9e0c68be3d70', 0.02) ON CONFLICT (product_id, inventory_item_id) DO UPDATE SET quantity = 0.02;
INSERT INTO product_recipes (id, product_id, inventory_item_id, quantity) VALUES ('20a7f849-5622-1da9-31a8-9206a950514d', '98b2fed8-1bb2-c051-19f8-3cefbfeaf190', 'be42987c-b89d-7e37-6038-dc7fb24cf190', 0.02) ON CONFLICT (product_id, inventory_item_id) DO UPDATE SET quantity = 0.02;
INSERT INTO product_recipes (id, product_id, inventory_item_id, quantity) VALUES ('c9962c11-6076-f340-eb8b-e3bfb2c9deb6', '98b2fed8-1bb2-c051-19f8-3cefbfeaf190', 'ef7a1102-f9e7-07ac-65dc-e70ef2db82dd', 0.015) ON CONFLICT (product_id, inventory_item_id) DO UPDATE SET quantity = 0.015;
INSERT INTO product_recipes (id, product_id, inventory_item_id, quantity) VALUES ('75ee2370-ff1b-9843-2a51-84d68afacfff', '98b2fed8-1bb2-c051-19f8-3cefbfeaf190', 'b2dfe843-884b-6022-b5e8-6d8ef780a390', 0.05) ON CONFLICT (product_id, inventory_item_id) DO UPDATE SET quantity = 0.05;
INSERT INTO product_recipes (id, product_id, inventory_item_id, quantity) VALUES ('f90937b6-744e-610e-8743-16958a966b3b', '98b2fed8-1bb2-c051-19f8-3cefbfeaf190', '40361330-1a7f-1f78-1009-cf9265aaa139', 0.06) ON CONFLICT (product_id, inventory_item_id) DO UPDATE SET quantity = 0.06;
INSERT INTO product_recipes (id, product_id, inventory_item_id, quantity) VALUES ('2fb0318e-fd44-16b9-9590-ef8c68a80966', '98b2fed8-1bb2-c051-19f8-3cefbfeaf190', '269ded52-f79b-6011-edb1-af2f5ebdb8c8', 0.02) ON CONFLICT (product_id, inventory_item_id) DO UPDATE SET quantity = 0.02;
INSERT INTO product_recipes (id, product_id, inventory_item_id, quantity) VALUES ('5c94b45c-abb4-a5f6-6f11-d1fd22d4b8fa', '98b2fed8-1bb2-c051-19f8-3cefbfeaf190', '6fd656b0-eb3e-6f31-b08e-b7ffb833fe51', 0.05) ON CONFLICT (product_id, inventory_item_id) DO UPDATE SET quantity = 0.05;
INSERT INTO product_recipes (id, product_id, inventory_item_id, quantity) VALUES ('a075402d-db4e-12c3-f882-5c47af4bfc9f', '98b2fed8-1bb2-c051-19f8-3cefbfeaf190', '14e5a62b-f56b-ed81-0cfd-e02d243474fc', 0.02) ON CONFLICT (product_id, inventory_item_id) DO UPDATE SET quantity = 0.02;
INSERT INTO product_recipes (id, product_id, inventory_item_id, quantity) VALUES ('bedcf87f-e5dd-8e82-cc0c-81705dfe65d3', '98b2fed8-1bb2-c051-19f8-3cefbfeaf190', '451e1426-3271-fc95-6fce-6824b3e28e7d', 1) ON CONFLICT (product_id, inventory_item_id) DO UPDATE SET quantity = 1;
INSERT INTO product_recipes (id, product_id, inventory_item_id, quantity) VALUES ('3f213cb9-62f7-2def-4347-f13686681d3b', '98b2fed8-1bb2-c051-19f8-3cefbfeaf190', '04b8f15b-d20e-42ed-69e7-53f91a7919ad', 1) ON CONFLICT (product_id, inventory_item_id) DO UPDATE SET quantity = 1;
INSERT INTO product_recipes (id, product_id, inventory_item_id, quantity) VALUES ('be9a8a6f-26da-b23b-a90c-2a1cf3997f2c', '98b2fed8-1bb2-c051-19f8-3cefbfeaf190', '8d364d2e-45ea-3f4f-8b2e-7ed4d8b75ae5', 2) ON CONFLICT (product_id, inventory_item_id) DO UPDATE SET quantity = 2;
INSERT INTO product_recipes (id, product_id, inventory_item_id, quantity) VALUES ('86c2dea9-599f-1646-0d9d-e4f3010ddd04', '98b2fed8-1bb2-c051-19f8-3cefbfeaf190', '277db35c-34de-6a88-abba-bc66af410c0c', 1) ON CONFLICT (product_id, inventory_item_id) DO UPDATE SET quantity = 1;
INSERT INTO product_recipes (id, product_id, inventory_item_id, quantity) VALUES ('8e7cec15-0ff7-5d34-0f15-1e7a22aeb76b', '98b2fed8-1bb2-c051-19f8-3cefbfeaf190', '19d91a11-8ddf-5c49-a775-f0dda75c902c', 1) ON CONFLICT (product_id, inventory_item_id) DO UPDATE SET quantity = 1;
INSERT INTO products (id, category_id, name_ar, name_en, price, description_ar, description_en, is_available) VALUES ('80cc3d70-638e-b98b-39b5-ef35bb5e3c4b', 'c2222222-2222-2222-2222-222222222222', 'برجر سماش', 'برجر سماش', 160, 'شيت الوصفات الدفترية', 'Recipe Details', true) ON CONFLICT (id) DO UPDATE SET price = 160;
INSERT INTO product_recipes (id, product_id, inventory_item_id, quantity) VALUES ('97e94225-f317-4a9d-f08d-da45f310b2be', '80cc3d70-638e-b98b-39b5-ef35bb5e3c4b', 'b6cda741-a570-9145-bac1-0c558d71b7a4', 1) ON CONFLICT (product_id, inventory_item_id) DO UPDATE SET quantity = 1;
INSERT INTO product_recipes (id, product_id, inventory_item_id, quantity) VALUES ('d46fd5a8-2f37-6dbe-49fb-e6f715ca8177', '80cc3d70-638e-b98b-39b5-ef35bb5e3c4b', '85d6ec63-ce2e-3ced-0e89-ed0f7d69b586', 0.15) ON CONFLICT (product_id, inventory_item_id) DO UPDATE SET quantity = 0.15;
INSERT INTO product_recipes (id, product_id, inventory_item_id, quantity) VALUES ('f3cb53c8-ca09-87b6-b029-9ac93996224d', '80cc3d70-638e-b98b-39b5-ef35bb5e3c4b', '8fd23325-71f6-95c1-5bb1-67314d551191', 0.05) ON CONFLICT (product_id, inventory_item_id) DO UPDATE SET quantity = 0.05;
INSERT INTO product_recipes (id, product_id, inventory_item_id, quantity) VALUES ('2cd23fb8-74ab-cbad-fbe9-37a3d964e071', '80cc3d70-638e-b98b-39b5-ef35bb5e3c4b', '90174069-2536-7884-e816-9e0c68be3d70', 0.02) ON CONFLICT (product_id, inventory_item_id) DO UPDATE SET quantity = 0.02;
INSERT INTO product_recipes (id, product_id, inventory_item_id, quantity) VALUES ('54c4f98e-1f7b-f4c1-9b6d-6e9e2752d523', '80cc3d70-638e-b98b-39b5-ef35bb5e3c4b', 'be42987c-b89d-7e37-6038-dc7fb24cf190', 0.02) ON CONFLICT (product_id, inventory_item_id) DO UPDATE SET quantity = 0.02;
INSERT INTO product_recipes (id, product_id, inventory_item_id, quantity) VALUES ('dff39c07-d2f3-fd67-ee79-68a93845fff1', '80cc3d70-638e-b98b-39b5-ef35bb5e3c4b', 'b2dfe843-884b-6022-b5e8-6d8ef780a390', 0.05) ON CONFLICT (product_id, inventory_item_id) DO UPDATE SET quantity = 0.05;
INSERT INTO product_recipes (id, product_id, inventory_item_id, quantity) VALUES ('ac76c797-adf3-f2f6-e1c6-abe053942dba', '80cc3d70-638e-b98b-39b5-ef35bb5e3c4b', '40361330-1a7f-1f78-1009-cf9265aaa139', 0.06) ON CONFLICT (product_id, inventory_item_id) DO UPDATE SET quantity = 0.06;
INSERT INTO product_recipes (id, product_id, inventory_item_id, quantity) VALUES ('9600f3d5-3ee3-36b8-623c-834d0e66ad49', '80cc3d70-638e-b98b-39b5-ef35bb5e3c4b', 'cd23d8fb-4b93-d689-8d78-77e4f9dd0f6c', 0.06) ON CONFLICT (product_id, inventory_item_id) DO UPDATE SET quantity = 0.06;
INSERT INTO product_recipes (id, product_id, inventory_item_id, quantity) VALUES ('aa65a4de-75f4-bc19-6369-08ba83d6b1a1', '80cc3d70-638e-b98b-39b5-ef35bb5e3c4b', '35e8aefd-e837-2bd5-32f1-49cfcd00c212', 0.003) ON CONFLICT (product_id, inventory_item_id) DO UPDATE SET quantity = 0.003;
INSERT INTO product_recipes (id, product_id, inventory_item_id, quantity) VALUES ('4d091004-1f43-b709-2f39-0091f98be6c9', '80cc3d70-638e-b98b-39b5-ef35bb5e3c4b', '05ae617f-743b-7386-ccd7-f0aa056acddc', 0.001) ON CONFLICT (product_id, inventory_item_id) DO UPDATE SET quantity = 0.001;
INSERT INTO product_recipes (id, product_id, inventory_item_id, quantity) VALUES ('eface5b0-a01d-90aa-1dcd-54d46cb5cbcf', '80cc3d70-638e-b98b-39b5-ef35bb5e3c4b', '451e1426-3271-fc95-6fce-6824b3e28e7d', 1) ON CONFLICT (product_id, inventory_item_id) DO UPDATE SET quantity = 1;
INSERT INTO product_recipes (id, product_id, inventory_item_id, quantity) VALUES ('e46c86e7-0b49-cb19-99ec-533474820e4f', '80cc3d70-638e-b98b-39b5-ef35bb5e3c4b', '04b8f15b-d20e-42ed-69e7-53f91a7919ad', 1) ON CONFLICT (product_id, inventory_item_id) DO UPDATE SET quantity = 1;
INSERT INTO product_recipes (id, product_id, inventory_item_id, quantity) VALUES ('7b626910-3118-13c2-59a5-3654bb0207f5', '80cc3d70-638e-b98b-39b5-ef35bb5e3c4b', '8d364d2e-45ea-3f4f-8b2e-7ed4d8b75ae5', 2) ON CONFLICT (product_id, inventory_item_id) DO UPDATE SET quantity = 2;
INSERT INTO product_recipes (id, product_id, inventory_item_id, quantity) VALUES ('599bf833-ea0b-24e9-aaa8-ff534b513658', '80cc3d70-638e-b98b-39b5-ef35bb5e3c4b', '277db35c-34de-6a88-abba-bc66af410c0c', 1) ON CONFLICT (product_id, inventory_item_id) DO UPDATE SET quantity = 1;
INSERT INTO product_recipes (id, product_id, inventory_item_id, quantity) VALUES ('c1d05515-5e2e-68ce-fbec-4707eb036678', '80cc3d70-638e-b98b-39b5-ef35bb5e3c4b', '19d91a11-8ddf-5c49-a775-f0dda75c902c', 1) ON CONFLICT (product_id, inventory_item_id) DO UPDATE SET quantity = 1;
INSERT INTO products (id, category_id, name_ar, name_en, price, description_ar, description_en, is_available) VALUES ('c5bdd770-1876-c2f9-18bf-b9ad161726ad', 'c2222222-2222-2222-2222-222222222222', 'برجر كلاسيك بيف', 'برجر كلاسيك بيف', 130, 'شيت الوصفات الدفترية', 'Recipe Details', true) ON CONFLICT (id) DO UPDATE SET price = 130;
INSERT INTO product_recipes (id, product_id, inventory_item_id, quantity) VALUES ('f5866ddb-3fef-feb0-b3a6-3c48cf1498f6', 'c5bdd770-1876-c2f9-18bf-b9ad161726ad', 'b6cda741-a570-9145-bac1-0c558d71b7a4', 1) ON CONFLICT (product_id, inventory_item_id) DO UPDATE SET quantity = 1;
INSERT INTO product_recipes (id, product_id, inventory_item_id, quantity) VALUES ('0f55d2f8-7dc0-1e96-e6c1-008867e3cb07', 'c5bdd770-1876-c2f9-18bf-b9ad161726ad', '48fcd13c-2ab1-e264-f606-b2efe2db8284', 0.15) ON CONFLICT (product_id, inventory_item_id) DO UPDATE SET quantity = 0.15;
INSERT INTO product_recipes (id, product_id, inventory_item_id, quantity) VALUES ('f130db3d-2c83-fcff-61d2-0842980d9054', 'c5bdd770-1876-c2f9-18bf-b9ad161726ad', '90174069-2536-7884-e816-9e0c68be3d70', 0.02) ON CONFLICT (product_id, inventory_item_id) DO UPDATE SET quantity = 0.02;
INSERT INTO product_recipes (id, product_id, inventory_item_id, quantity) VALUES ('ce81b273-3a2c-2ccf-f46e-a4eec44b2e5f', 'c5bdd770-1876-c2f9-18bf-b9ad161726ad', 'be42987c-b89d-7e37-6038-dc7fb24cf190', 0.02) ON CONFLICT (product_id, inventory_item_id) DO UPDATE SET quantity = 0.02;
INSERT INTO product_recipes (id, product_id, inventory_item_id, quantity) VALUES ('4934825d-7607-9937-69fa-4cb81b7debcd', 'c5bdd770-1876-c2f9-18bf-b9ad161726ad', 'ef7a1102-f9e7-07ac-65dc-e70ef2db82dd', 0.015) ON CONFLICT (product_id, inventory_item_id) DO UPDATE SET quantity = 0.015;
INSERT INTO product_recipes (id, product_id, inventory_item_id, quantity) VALUES ('7157b967-1d16-e798-b6c0-29c4af46af10', 'c5bdd770-1876-c2f9-18bf-b9ad161726ad', 'b2dfe843-884b-6022-b5e8-6d8ef780a390', 0.05) ON CONFLICT (product_id, inventory_item_id) DO UPDATE SET quantity = 0.05;
INSERT INTO product_recipes (id, product_id, inventory_item_id, quantity) VALUES ('8a6f40a3-7965-a224-f336-ac994ba90aaf', 'c5bdd770-1876-c2f9-18bf-b9ad161726ad', '40361330-1a7f-1f78-1009-cf9265aaa139', 0.06) ON CONFLICT (product_id, inventory_item_id) DO UPDATE SET quantity = 0.06;
INSERT INTO product_recipes (id, product_id, inventory_item_id, quantity) VALUES ('3125ae66-562c-af4b-9955-a0a435552c34', 'c5bdd770-1876-c2f9-18bf-b9ad161726ad', '14e5a62b-f56b-ed81-0cfd-e02d243474fc', 0.02) ON CONFLICT (product_id, inventory_item_id) DO UPDATE SET quantity = 0.02;
INSERT INTO product_recipes (id, product_id, inventory_item_id, quantity) VALUES ('6bda82a3-99bb-cfcd-68d1-dfc5a7f20f87', 'c5bdd770-1876-c2f9-18bf-b9ad161726ad', '451e1426-3271-fc95-6fce-6824b3e28e7d', 1) ON CONFLICT (product_id, inventory_item_id) DO UPDATE SET quantity = 1;
INSERT INTO product_recipes (id, product_id, inventory_item_id, quantity) VALUES ('a9166852-ff02-4a1c-15ef-2ded3a6b526d', 'c5bdd770-1876-c2f9-18bf-b9ad161726ad', '04b8f15b-d20e-42ed-69e7-53f91a7919ad', 1) ON CONFLICT (product_id, inventory_item_id) DO UPDATE SET quantity = 1;
INSERT INTO product_recipes (id, product_id, inventory_item_id, quantity) VALUES ('ba0486fa-6586-dfc7-255f-5bdbcaa0fea3', 'c5bdd770-1876-c2f9-18bf-b9ad161726ad', '8d364d2e-45ea-3f4f-8b2e-7ed4d8b75ae5', 2) ON CONFLICT (product_id, inventory_item_id) DO UPDATE SET quantity = 2;
INSERT INTO product_recipes (id, product_id, inventory_item_id, quantity) VALUES ('b92d1818-eaac-6894-4b25-a19fc216d124', 'c5bdd770-1876-c2f9-18bf-b9ad161726ad', '277db35c-34de-6a88-abba-bc66af410c0c', 1) ON CONFLICT (product_id, inventory_item_id) DO UPDATE SET quantity = 1;
INSERT INTO product_recipes (id, product_id, inventory_item_id, quantity) VALUES ('f6f6e557-4c0b-5083-6373-88744bfe2c8d', 'c5bdd770-1876-c2f9-18bf-b9ad161726ad', '19d91a11-8ddf-5c49-a775-f0dda75c902c', 1) ON CONFLICT (product_id, inventory_item_id) DO UPDATE SET quantity = 1;
INSERT INTO products (id, category_id, name_ar, name_en, price, description_ar, description_en, is_available) VALUES ('4cf70f2d-92cf-ba23-97b6-eb17eebeab24', 'c2222222-2222-2222-2222-222222222222', 'برجر فولكانو', 'برجر فولكانو', 170, 'شيت الوصفات الدفترية', 'Recipe Details', true) ON CONFLICT (id) DO UPDATE SET price = 170;
INSERT INTO product_recipes (id, product_id, inventory_item_id, quantity) VALUES ('353ea03b-e776-f677-f4a4-e92ed8c4cd65', '4cf70f2d-92cf-ba23-97b6-eb17eebeab24', 'b6cda741-a570-9145-bac1-0c558d71b7a4', 1) ON CONFLICT (product_id, inventory_item_id) DO UPDATE SET quantity = 1;
INSERT INTO product_recipes (id, product_id, inventory_item_id, quantity) VALUES ('8691252d-0238-5012-22dd-38cc69078738', '4cf70f2d-92cf-ba23-97b6-eb17eebeab24', '48fcd13c-2ab1-e264-f606-b2efe2db8284', 0.15) ON CONFLICT (product_id, inventory_item_id) DO UPDATE SET quantity = 0.15;
INSERT INTO product_recipes (id, product_id, inventory_item_id, quantity) VALUES ('8d3cd616-03db-99cd-6b2c-4b52e6fcc5a7', '4cf70f2d-92cf-ba23-97b6-eb17eebeab24', '14e5a62b-f56b-ed81-0cfd-e02d243474fc', 0.02) ON CONFLICT (product_id, inventory_item_id) DO UPDATE SET quantity = 0.02;
INSERT INTO product_recipes (id, product_id, inventory_item_id, quantity) VALUES ('08f0c4a6-f4bc-b211-dc01-259f37a4a3d1', '4cf70f2d-92cf-ba23-97b6-eb17eebeab24', '35535e60-0a5e-2e27-b363-03d706fee6fa', 0.047) ON CONFLICT (product_id, inventory_item_id) DO UPDATE SET quantity = 0.047;
INSERT INTO product_recipes (id, product_id, inventory_item_id, quantity) VALUES ('efe3adab-e22f-09b7-838a-6ff483e65525', '4cf70f2d-92cf-ba23-97b6-eb17eebeab24', '82c1af44-684b-3b18-fb01-150063b95d50', 0.023) ON CONFLICT (product_id, inventory_item_id) DO UPDATE SET quantity = 0.023;
INSERT INTO product_recipes (id, product_id, inventory_item_id, quantity) VALUES ('95b58e46-54b3-61e0-622c-3434e98973b4', '4cf70f2d-92cf-ba23-97b6-eb17eebeab24', '0fbb6d00-c659-85bd-2fd7-3f300af700d7', 0.02) ON CONFLICT (product_id, inventory_item_id) DO UPDATE SET quantity = 0.02;
INSERT INTO product_recipes (id, product_id, inventory_item_id, quantity) VALUES ('89981b64-2688-d1f2-8f62-8da80e4d96b1', '4cf70f2d-92cf-ba23-97b6-eb17eebeab24', 'ef7a1102-f9e7-07ac-65dc-e70ef2db82dd', 0.015) ON CONFLICT (product_id, inventory_item_id) DO UPDATE SET quantity = 0.015;
INSERT INTO product_recipes (id, product_id, inventory_item_id, quantity) VALUES ('3d08ee40-d9f8-18ab-7285-734cac300133', '4cf70f2d-92cf-ba23-97b6-eb17eebeab24', 'b2dfe843-884b-6022-b5e8-6d8ef780a390', 0.05) ON CONFLICT (product_id, inventory_item_id) DO UPDATE SET quantity = 0.05;
INSERT INTO product_recipes (id, product_id, inventory_item_id, quantity) VALUES ('f164ac39-d6d2-43c4-5c26-d29215235b0f', '4cf70f2d-92cf-ba23-97b6-eb17eebeab24', '40361330-1a7f-1f78-1009-cf9265aaa139', 0.06) ON CONFLICT (product_id, inventory_item_id) DO UPDATE SET quantity = 0.06;
INSERT INTO product_recipes (id, product_id, inventory_item_id, quantity) VALUES ('b79b1d0a-e15f-aac4-4139-d8a376ef4f07', '4cf70f2d-92cf-ba23-97b6-eb17eebeab24', '451e1426-3271-fc95-6fce-6824b3e28e7d', 1) ON CONFLICT (product_id, inventory_item_id) DO UPDATE SET quantity = 1;
INSERT INTO product_recipes (id, product_id, inventory_item_id, quantity) VALUES ('655be138-16d5-23b8-af13-081adfb70b96', '4cf70f2d-92cf-ba23-97b6-eb17eebeab24', '04b8f15b-d20e-42ed-69e7-53f91a7919ad', 1) ON CONFLICT (product_id, inventory_item_id) DO UPDATE SET quantity = 1;
INSERT INTO product_recipes (id, product_id, inventory_item_id, quantity) VALUES ('f4e48861-5917-ddc9-af84-3f774a927cb5', '4cf70f2d-92cf-ba23-97b6-eb17eebeab24', '8d364d2e-45ea-3f4f-8b2e-7ed4d8b75ae5', 2) ON CONFLICT (product_id, inventory_item_id) DO UPDATE SET quantity = 2;
INSERT INTO product_recipes (id, product_id, inventory_item_id, quantity) VALUES ('1be18690-9395-10fc-8b3f-255968518dbf', '4cf70f2d-92cf-ba23-97b6-eb17eebeab24', '277db35c-34de-6a88-abba-bc66af410c0c', 1) ON CONFLICT (product_id, inventory_item_id) DO UPDATE SET quantity = 1;
INSERT INTO product_recipes (id, product_id, inventory_item_id, quantity) VALUES ('1620b4b7-e9d2-7fdd-9741-9f4bae0d500b', '4cf70f2d-92cf-ba23-97b6-eb17eebeab24', '19d91a11-8ddf-5c49-a775-f0dda75c902c', 1) ON CONFLICT (product_id, inventory_item_id) DO UPDATE SET quantity = 1;
INSERT INTO products (id, category_id, name_ar, name_en, price, description_ar, description_en, is_available) VALUES ('9e5c5203-f5d2-88c3-5c68-f691b1687534', 'c2222222-2222-2222-2222-222222222222', 'ساندوتش كفتة', 'ساندوتش كفتة', 110, 'شيت الوصفات الدفترية', 'Recipe Details', true) ON CONFLICT (id) DO UPDATE SET price = 110;
INSERT INTO product_recipes (id, product_id, inventory_item_id, quantity) VALUES ('1afedaa9-6f19-5d2a-a099-0874ee3b090a', '9e5c5203-f5d2-88c3-5c68-f691b1687534', '28fbd4e0-d455-e33e-abe8-c16c07b91da4', 1) ON CONFLICT (product_id, inventory_item_id) DO UPDATE SET quantity = 1;
INSERT INTO product_recipes (id, product_id, inventory_item_id, quantity) VALUES ('e4a45585-14a1-1867-aa34-35aef9992642', '9e5c5203-f5d2-88c3-5c68-f691b1687534', '85d6ec63-ce2e-3ced-0e89-ed0f7d69b586', 0.15) ON CONFLICT (product_id, inventory_item_id) DO UPDATE SET quantity = 0.15;
INSERT INTO product_recipes (id, product_id, inventory_item_id, quantity) VALUES ('1c6bcde1-162d-320f-7eca-92bd8ef5d37c', '9e5c5203-f5d2-88c3-5c68-f691b1687534', '5802b777-34dd-9f21-7946-76d2778ea2db', 0.01) ON CONFLICT (product_id, inventory_item_id) DO UPDATE SET quantity = 0.01;
INSERT INTO product_recipes (id, product_id, inventory_item_id, quantity) VALUES ('67a66d46-f5cd-61c2-21f5-045a05847f15', '9e5c5203-f5d2-88c3-5c68-f691b1687534', '62cc7b0b-6f25-7f71-8cde-4f2ec003a9d0', 0.005) ON CONFLICT (product_id, inventory_item_id) DO UPDATE SET quantity = 0.005;
INSERT INTO product_recipes (id, product_id, inventory_item_id, quantity) VALUES ('14f2f43c-7ffa-37f1-0817-4b28c7a18070', '9e5c5203-f5d2-88c3-5c68-f691b1687534', 'ef7a1102-f9e7-07ac-65dc-e70ef2db82dd', 0.02) ON CONFLICT (product_id, inventory_item_id) DO UPDATE SET quantity = 0.02;
INSERT INTO product_recipes (id, product_id, inventory_item_id, quantity) VALUES ('d9ba3b24-0c4a-8913-50b2-a8a384867aa1', '9e5c5203-f5d2-88c3-5c68-f691b1687534', 'b2dfe843-884b-6022-b5e8-6d8ef780a390', 0.05) ON CONFLICT (product_id, inventory_item_id) DO UPDATE SET quantity = 0.05;
INSERT INTO product_recipes (id, product_id, inventory_item_id, quantity) VALUES ('3a9e4e21-924a-45cf-272b-e5e64b8b56c2', '9e5c5203-f5d2-88c3-5c68-f691b1687534', '40361330-1a7f-1f78-1009-cf9265aaa139', 0.06) ON CONFLICT (product_id, inventory_item_id) DO UPDATE SET quantity = 0.06;
INSERT INTO product_recipes (id, product_id, inventory_item_id, quantity) VALUES ('14e613c7-9226-290f-eb92-18c1995949da', '9e5c5203-f5d2-88c3-5c68-f691b1687534', '787d46e4-7071-3b60-fb05-a28dc4565a91', 1) ON CONFLICT (product_id, inventory_item_id) DO UPDATE SET quantity = 1;
INSERT INTO product_recipes (id, product_id, inventory_item_id, quantity) VALUES ('89b62d95-eadb-3e01-175d-46a0f8664177', '9e5c5203-f5d2-88c3-5c68-f691b1687534', '277db35c-34de-6a88-abba-bc66af410c0c', 1) ON CONFLICT (product_id, inventory_item_id) DO UPDATE SET quantity = 1;
INSERT INTO product_recipes (id, product_id, inventory_item_id, quantity) VALUES ('158acc1d-397f-a090-bde1-617ada331192', '9e5c5203-f5d2-88c3-5c68-f691b1687534', '19d91a11-8ddf-5c49-a775-f0dda75c902c', 1) ON CONFLICT (product_id, inventory_item_id) DO UPDATE SET quantity = 1;
INSERT INTO product_recipes (id, product_id, inventory_item_id, quantity) VALUES ('4bcd1674-7f0f-d626-c492-a643593b710e', '9e5c5203-f5d2-88c3-5c68-f691b1687534', '8d364d2e-45ea-3f4f-8b2e-7ed4d8b75ae5', 2) ON CONFLICT (product_id, inventory_item_id) DO UPDATE SET quantity = 2;
INSERT INTO product_recipes (id, product_id, inventory_item_id, quantity) VALUES ('137c7b0a-c758-e9b8-ea47-a74e59c5eb89', '9e5c5203-f5d2-88c3-5c68-f691b1687534', '01d9cfa6-be99-0651-0290-8e34a8bd6064', 1) ON CONFLICT (product_id, inventory_item_id) DO UPDATE SET quantity = 1;
INSERT INTO products (id, category_id, name_ar, name_en, price, description_ar, description_en, is_available) VALUES ('d212a9c6-7133-6533-4041-238e9703147e', 'c2222222-2222-2222-2222-222222222222', 'ساندوتش بيف استيك تشيز', 'ساندوتش بيف استيك تشيز', 150, 'شيت الوصفات الدفترية', 'Recipe Details', true) ON CONFLICT (id) DO UPDATE SET price = 150;
INSERT INTO product_recipes (id, product_id, inventory_item_id, quantity) VALUES ('bfb860c9-7808-d1a0-4131-daf5c088406c', 'd212a9c6-7133-6533-4041-238e9703147e', '28fbd4e0-d455-e33e-abe8-c16c07b91da4', 1) ON CONFLICT (product_id, inventory_item_id) DO UPDATE SET quantity = 1;
INSERT INTO product_recipes (id, product_id, inventory_item_id, quantity) VALUES ('781a95d5-9afd-97fb-cfa4-5b864d807b8e', 'd212a9c6-7133-6533-4041-238e9703147e', 'f087e2a9-fbdc-9d65-55b1-1e3f6a532e3d', 0.15) ON CONFLICT (product_id, inventory_item_id) DO UPDATE SET quantity = 0.15;
INSERT INTO product_recipes (id, product_id, inventory_item_id, quantity) VALUES ('a8e5192b-0c60-b202-b010-727899ddedca', 'd212a9c6-7133-6533-4041-238e9703147e', 'dd67fc84-caff-9f31-7df4-62dd353074db', 0.01) ON CONFLICT (product_id, inventory_item_id) DO UPDATE SET quantity = 0.01;
INSERT INTO product_recipes (id, product_id, inventory_item_id, quantity) VALUES ('13adb4f6-834d-186a-429c-9771e55abc8c', 'd212a9c6-7133-6533-4041-238e9703147e', 'b961f2b4-37cf-2892-8f0a-04bd149a02a7', 0.02) ON CONFLICT (product_id, inventory_item_id) DO UPDATE SET quantity = 0.02;
INSERT INTO product_recipes (id, product_id, inventory_item_id, quantity) VALUES ('035dc35e-82b3-712e-f364-6c2161c18d56', 'd212a9c6-7133-6533-4041-238e9703147e', '6fd656b0-eb3e-6f31-b08e-b7ffb833fe51', 0.05) ON CONFLICT (product_id, inventory_item_id) DO UPDATE SET quantity = 0.05;
INSERT INTO product_recipes (id, product_id, inventory_item_id, quantity) VALUES ('cde07009-f3bd-b9de-56fe-294ce533c6cd', 'd212a9c6-7133-6533-4041-238e9703147e', '269ded52-f79b-6011-edb1-af2f5ebdb8c8', 0.04) ON CONFLICT (product_id, inventory_item_id) DO UPDATE SET quantity = 0.04;
INSERT INTO product_recipes (id, product_id, inventory_item_id, quantity) VALUES ('53396953-224f-217b-364d-565ae23b2ee5', 'd212a9c6-7133-6533-4041-238e9703147e', 'b2dfe843-884b-6022-b5e8-6d8ef780a390', 0.05) ON CONFLICT (product_id, inventory_item_id) DO UPDATE SET quantity = 0.05;
INSERT INTO product_recipes (id, product_id, inventory_item_id, quantity) VALUES ('397baba1-58ed-90bb-aa60-5bfd00e36770', 'd212a9c6-7133-6533-4041-238e9703147e', '40361330-1a7f-1f78-1009-cf9265aaa139', 0.06) ON CONFLICT (product_id, inventory_item_id) DO UPDATE SET quantity = 0.06;
INSERT INTO product_recipes (id, product_id, inventory_item_id, quantity) VALUES ('2d64faad-d39a-9299-1edb-957abeee39bc', 'd212a9c6-7133-6533-4041-238e9703147e', '787d46e4-7071-3b60-fb05-a28dc4565a91', 1) ON CONFLICT (product_id, inventory_item_id) DO UPDATE SET quantity = 1;
INSERT INTO product_recipes (id, product_id, inventory_item_id, quantity) VALUES ('a820b7ae-4fa3-0960-fab8-d56fd7cde635', 'd212a9c6-7133-6533-4041-238e9703147e', '277db35c-34de-6a88-abba-bc66af410c0c', 1) ON CONFLICT (product_id, inventory_item_id) DO UPDATE SET quantity = 1;
INSERT INTO product_recipes (id, product_id, inventory_item_id, quantity) VALUES ('30e717b2-6d07-40a9-77a2-fac1048c61a1', 'd212a9c6-7133-6533-4041-238e9703147e', '19d91a11-8ddf-5c49-a775-f0dda75c902c', 1) ON CONFLICT (product_id, inventory_item_id) DO UPDATE SET quantity = 1;
INSERT INTO product_recipes (id, product_id, inventory_item_id, quantity) VALUES ('413f012b-e859-9d2d-8f3c-ad9eb3e9fa45', 'd212a9c6-7133-6533-4041-238e9703147e', '8d364d2e-45ea-3f4f-8b2e-7ed4d8b75ae5', 2) ON CONFLICT (product_id, inventory_item_id) DO UPDATE SET quantity = 2;
INSERT INTO product_recipes (id, product_id, inventory_item_id, quantity) VALUES ('d4b6888b-86e1-ccde-df61-e38217c94977', 'd212a9c6-7133-6533-4041-238e9703147e', '01d9cfa6-be99-0651-0290-8e34a8bd6064', 1) ON CONFLICT (product_id, inventory_item_id) DO UPDATE SET quantity = 1;
INSERT INTO products (id, category_id, name_ar, name_en, price, description_ar, description_en, is_available) VALUES ('fdd28cc3-c1d4-13c4-241f-245074d6ecb8', 'c2222222-2222-2222-2222-222222222222', 'ساندوتش شيش طاووق', 'ساندوتش شيش طاووق', 120, 'شيت الوصفات الدفترية', 'Recipe Details', true) ON CONFLICT (id) DO UPDATE SET price = 120;
INSERT INTO product_recipes (id, product_id, inventory_item_id, quantity) VALUES ('a3ec125c-a31f-bb4f-37e2-39459a77a8d8', 'fdd28cc3-c1d4-13c4-241f-245074d6ecb8', '28fbd4e0-d455-e33e-abe8-c16c07b91da4', 1) ON CONFLICT (product_id, inventory_item_id) DO UPDATE SET quantity = 1;
INSERT INTO product_recipes (id, product_id, inventory_item_id, quantity) VALUES ('271b3280-1416-6294-6fb4-625ecc0926d4', 'fdd28cc3-c1d4-13c4-241f-245074d6ecb8', '96fb9d7a-f3df-f5f6-fdc7-24f59b96b502', 0.15) ON CONFLICT (product_id, inventory_item_id) DO UPDATE SET quantity = 0.15;
INSERT INTO product_recipes (id, product_id, inventory_item_id, quantity) VALUES ('ed5f1467-93d5-a4c1-edd0-6545cafb9fad', 'fdd28cc3-c1d4-13c4-241f-245074d6ecb8', '13571033-e3cb-f12a-cd14-2f4d6c7397a9', 0.04) ON CONFLICT (product_id, inventory_item_id) DO UPDATE SET quantity = 0.04;
INSERT INTO product_recipes (id, product_id, inventory_item_id, quantity) VALUES ('4e69e7ca-31b5-be74-8970-20f345023589', 'fdd28cc3-c1d4-13c4-241f-245074d6ecb8', 'be42987c-b89d-7e37-6038-dc7fb24cf190', 0.02) ON CONFLICT (product_id, inventory_item_id) DO UPDATE SET quantity = 0.02;
INSERT INTO product_recipes (id, product_id, inventory_item_id, quantity) VALUES ('66f3f586-3df6-bd57-5c85-fe5f0de83fd1', 'fdd28cc3-c1d4-13c4-241f-245074d6ecb8', 'b2dfe843-884b-6022-b5e8-6d8ef780a390', 0.05) ON CONFLICT (product_id, inventory_item_id) DO UPDATE SET quantity = 0.05;
INSERT INTO product_recipes (id, product_id, inventory_item_id, quantity) VALUES ('2af8edb5-f6a3-ac39-0ed7-60f9f827e3f1', 'fdd28cc3-c1d4-13c4-241f-245074d6ecb8', '40361330-1a7f-1f78-1009-cf9265aaa139', 0.06) ON CONFLICT (product_id, inventory_item_id) DO UPDATE SET quantity = 0.06;
INSERT INTO product_recipes (id, product_id, inventory_item_id, quantity) VALUES ('2fbe8df7-4dc3-655b-054f-240f3bb5d87e', 'fdd28cc3-c1d4-13c4-241f-245074d6ecb8', '787d46e4-7071-3b60-fb05-a28dc4565a91', 1) ON CONFLICT (product_id, inventory_item_id) DO UPDATE SET quantity = 1;
INSERT INTO product_recipes (id, product_id, inventory_item_id, quantity) VALUES ('02a78f79-3bf5-ce0a-c6ce-59d7d13ea36b', 'fdd28cc3-c1d4-13c4-241f-245074d6ecb8', '277db35c-34de-6a88-abba-bc66af410c0c', 1) ON CONFLICT (product_id, inventory_item_id) DO UPDATE SET quantity = 1;
INSERT INTO product_recipes (id, product_id, inventory_item_id, quantity) VALUES ('89607961-a4a8-9f5b-7e0f-074759f6beb4', 'fdd28cc3-c1d4-13c4-241f-245074d6ecb8', '19d91a11-8ddf-5c49-a775-f0dda75c902c', 1) ON CONFLICT (product_id, inventory_item_id) DO UPDATE SET quantity = 1;
INSERT INTO product_recipes (id, product_id, inventory_item_id, quantity) VALUES ('f4f46356-c2f4-49e8-2e7c-6a7d20ad9743', 'fdd28cc3-c1d4-13c4-241f-245074d6ecb8', '8d364d2e-45ea-3f4f-8b2e-7ed4d8b75ae5', 2) ON CONFLICT (product_id, inventory_item_id) DO UPDATE SET quantity = 2;
INSERT INTO product_recipes (id, product_id, inventory_item_id, quantity) VALUES ('dcc3c5c9-dea0-c05b-9537-a5df216dd5a6', 'fdd28cc3-c1d4-13c4-241f-245074d6ecb8', '01d9cfa6-be99-0651-0290-8e34a8bd6064', 1) ON CONFLICT (product_id, inventory_item_id) DO UPDATE SET quantity = 1;
INSERT INTO products (id, category_id, name_ar, name_en, price, description_ar, description_en, is_available) VALUES ('06b455f9-6223-ac74-156d-425de6779085', 'c2222222-2222-2222-2222-222222222222', 'ساندوتش سوبر كرانشى', 'ساندوتش سوبر كرانشى', 135, 'شيت الوصفات الدفترية', 'Recipe Details', true) ON CONFLICT (id) DO UPDATE SET price = 135;
INSERT INTO product_recipes (id, product_id, inventory_item_id, quantity) VALUES ('68036f18-b826-1cd0-281e-313c862591e6', '06b455f9-6223-ac74-156d-425de6779085', '28fbd4e0-d455-e33e-abe8-c16c07b91da4', 1) ON CONFLICT (product_id, inventory_item_id) DO UPDATE SET quantity = 1;
INSERT INTO product_recipes (id, product_id, inventory_item_id, quantity) VALUES ('980f75a9-3a6e-9781-db1b-54d9ae360b8d', '06b455f9-6223-ac74-156d-425de6779085', '9b641fe0-65b3-767f-cf4d-687ceb60fa9f', 0.15) ON CONFLICT (product_id, inventory_item_id) DO UPDATE SET quantity = 0.15;
INSERT INTO product_recipes (id, product_id, inventory_item_id, quantity) VALUES ('e1e96dfb-9d79-a77b-73a5-168f6496efc9', '06b455f9-6223-ac74-156d-425de6779085', '5a81f286-c15b-fa5b-07c6-141b4570d57a', 0.05) ON CONFLICT (product_id, inventory_item_id) DO UPDATE SET quantity = 0.05;
INSERT INTO product_recipes (id, product_id, inventory_item_id, quantity) VALUES ('cef90c7f-3986-97ca-cd29-a018c6bb266f', '06b455f9-6223-ac74-156d-425de6779085', 'be42987c-b89d-7e37-6038-dc7fb24cf190', 0.02) ON CONFLICT (product_id, inventory_item_id) DO UPDATE SET quantity = 0.02;
INSERT INTO product_recipes (id, product_id, inventory_item_id, quantity) VALUES ('34a7752e-283f-62f7-c660-3842f47422fc', '06b455f9-6223-ac74-156d-425de6779085', '90174069-2536-7884-e816-9e0c68be3d70', 0.05) ON CONFLICT (product_id, inventory_item_id) DO UPDATE SET quantity = 0.05;
INSERT INTO product_recipes (id, product_id, inventory_item_id, quantity) VALUES ('3513aa28-4d94-7316-a97d-18531db47502', '06b455f9-6223-ac74-156d-425de6779085', '86cd3e99-8564-9fbb-9e11-a5f008e206c8', 0.02) ON CONFLICT (product_id, inventory_item_id) DO UPDATE SET quantity = 0.02;
INSERT INTO product_recipes (id, product_id, inventory_item_id, quantity) VALUES ('8e9fd146-366b-7d7d-8d1f-ca35562b65d2', '06b455f9-6223-ac74-156d-425de6779085', '35535e60-0a5e-2e27-b363-03d706fee6fa', 0.065) ON CONFLICT (product_id, inventory_item_id) DO UPDATE SET quantity = 0.065;
INSERT INTO product_recipes (id, product_id, inventory_item_id, quantity) VALUES ('7e9c2bbe-72eb-8d05-73ba-6b534442bea9', '06b455f9-6223-ac74-156d-425de6779085', '82c1af44-684b-3b18-fb01-150063b95d50', 0.035) ON CONFLICT (product_id, inventory_item_id) DO UPDATE SET quantity = 0.035;
INSERT INTO product_recipes (id, product_id, inventory_item_id, quantity) VALUES ('a9c4b7b7-bbfe-7e67-c760-a6040dab2deb', '06b455f9-6223-ac74-156d-425de6779085', 'b2dfe843-884b-6022-b5e8-6d8ef780a390', 0.05) ON CONFLICT (product_id, inventory_item_id) DO UPDATE SET quantity = 0.05;
INSERT INTO product_recipes (id, product_id, inventory_item_id, quantity) VALUES ('ddb5962e-0288-3a59-c3f0-f492c074df25', '06b455f9-6223-ac74-156d-425de6779085', '40361330-1a7f-1f78-1009-cf9265aaa139', 0.06) ON CONFLICT (product_id, inventory_item_id) DO UPDATE SET quantity = 0.06;
INSERT INTO product_recipes (id, product_id, inventory_item_id, quantity) VALUES ('c874e9ab-2c12-6d99-49f6-56b03bca5bd0', '06b455f9-6223-ac74-156d-425de6779085', '787d46e4-7071-3b60-fb05-a28dc4565a91', 1) ON CONFLICT (product_id, inventory_item_id) DO UPDATE SET quantity = 1;
INSERT INTO product_recipes (id, product_id, inventory_item_id, quantity) VALUES ('6eedc3a8-1b9d-e108-8bf6-9bf804f8503c', '06b455f9-6223-ac74-156d-425de6779085', '277db35c-34de-6a88-abba-bc66af410c0c', 1) ON CONFLICT (product_id, inventory_item_id) DO UPDATE SET quantity = 1;
INSERT INTO product_recipes (id, product_id, inventory_item_id, quantity) VALUES ('f00e3044-2bb2-f95c-0426-91be4e5a87b8', '06b455f9-6223-ac74-156d-425de6779085', '19d91a11-8ddf-5c49-a775-f0dda75c902c', 1) ON CONFLICT (product_id, inventory_item_id) DO UPDATE SET quantity = 1;
INSERT INTO product_recipes (id, product_id, inventory_item_id, quantity) VALUES ('ec8f777b-3300-56fd-7134-d1b1560e03e7', '06b455f9-6223-ac74-156d-425de6779085', '8d364d2e-45ea-3f4f-8b2e-7ed4d8b75ae5', 2) ON CONFLICT (product_id, inventory_item_id) DO UPDATE SET quantity = 2;
INSERT INTO product_recipes (id, product_id, inventory_item_id, quantity) VALUES ('086b3997-8cd1-64ad-8c26-4f50af0dfb22', '06b455f9-6223-ac74-156d-425de6779085', '01d9cfa6-be99-0651-0290-8e34a8bd6064', 1) ON CONFLICT (product_id, inventory_item_id) DO UPDATE SET quantity = 1;
INSERT INTO products (id, category_id, name_ar, name_en, price, description_ar, description_en, is_available) VALUES ('dadfb24f-3ad6-0b0e-0139-ad9ba5cb86de', 'c2222222-2222-2222-2222-222222222222', 'ساندوتش صدور مشوية', 'ساندوتش صدور مشوية', 120, 'شيت الوصفات الدفترية', 'Recipe Details', true) ON CONFLICT (id) DO UPDATE SET price = 120;
INSERT INTO product_recipes (id, product_id, inventory_item_id, quantity) VALUES ('e2bada4b-c8cd-6467-6980-4af54d1fd288', 'dadfb24f-3ad6-0b0e-0139-ad9ba5cb86de', '28fbd4e0-d455-e33e-abe8-c16c07b91da4', 1) ON CONFLICT (product_id, inventory_item_id) DO UPDATE SET quantity = 1;
INSERT INTO product_recipes (id, product_id, inventory_item_id, quantity) VALUES ('8dbaab98-0a54-de4e-815c-b13fa3e8167d', 'dadfb24f-3ad6-0b0e-0139-ad9ba5cb86de', '8c553f99-d7d9-ad1f-f298-5f50aee88638', 0.15) ON CONFLICT (product_id, inventory_item_id) DO UPDATE SET quantity = 0.15;
INSERT INTO product_recipes (id, product_id, inventory_item_id, quantity) VALUES ('134e542b-49cb-2768-c7cc-cfed588203a6', 'dadfb24f-3ad6-0b0e-0139-ad9ba5cb86de', 'be42987c-b89d-7e37-6038-dc7fb24cf190', 0.02) ON CONFLICT (product_id, inventory_item_id) DO UPDATE SET quantity = 0.02;
INSERT INTO product_recipes (id, product_id, inventory_item_id, quantity) VALUES ('f23e850b-5378-0acb-f2c9-2eb43b8030d3', 'dadfb24f-3ad6-0b0e-0139-ad9ba5cb86de', '90174069-2536-7884-e816-9e0c68be3d70', 0.05) ON CONFLICT (product_id, inventory_item_id) DO UPDATE SET quantity = 0.05;
INSERT INTO product_recipes (id, product_id, inventory_item_id, quantity) VALUES ('d41629b6-06cd-03fb-0cd9-03409a509874', 'dadfb24f-3ad6-0b0e-0139-ad9ba5cb86de', 'b2dfe843-884b-6022-b5e8-6d8ef780a390', 0.05) ON CONFLICT (product_id, inventory_item_id) DO UPDATE SET quantity = 0.05;
INSERT INTO product_recipes (id, product_id, inventory_item_id, quantity) VALUES ('a57bed21-05be-fad3-d8b3-0c1a0561f004', 'dadfb24f-3ad6-0b0e-0139-ad9ba5cb86de', '40361330-1a7f-1f78-1009-cf9265aaa139', 0.06) ON CONFLICT (product_id, inventory_item_id) DO UPDATE SET quantity = 0.06;
INSERT INTO product_recipes (id, product_id, inventory_item_id, quantity) VALUES ('5834cfb8-71b7-3034-5107-ea913c7522be', 'dadfb24f-3ad6-0b0e-0139-ad9ba5cb86de', '787d46e4-7071-3b60-fb05-a28dc4565a91', 1) ON CONFLICT (product_id, inventory_item_id) DO UPDATE SET quantity = 1;
INSERT INTO product_recipes (id, product_id, inventory_item_id, quantity) VALUES ('d104ae6c-cb09-acd2-0995-aad376d11aa7', 'dadfb24f-3ad6-0b0e-0139-ad9ba5cb86de', '277db35c-34de-6a88-abba-bc66af410c0c', 1) ON CONFLICT (product_id, inventory_item_id) DO UPDATE SET quantity = 1;
INSERT INTO product_recipes (id, product_id, inventory_item_id, quantity) VALUES ('0f4198d3-4403-5b8d-ff23-2990e020781d', 'dadfb24f-3ad6-0b0e-0139-ad9ba5cb86de', '19d91a11-8ddf-5c49-a775-f0dda75c902c', 1) ON CONFLICT (product_id, inventory_item_id) DO UPDATE SET quantity = 1;
INSERT INTO product_recipes (id, product_id, inventory_item_id, quantity) VALUES ('2a10852d-9b1b-8e84-f6c6-28eb33d25ca9', 'dadfb24f-3ad6-0b0e-0139-ad9ba5cb86de', '8d364d2e-45ea-3f4f-8b2e-7ed4d8b75ae5', 2) ON CONFLICT (product_id, inventory_item_id) DO UPDATE SET quantity = 2;
INSERT INTO product_recipes (id, product_id, inventory_item_id, quantity) VALUES ('9e23c2b1-a918-f229-c47d-e7db9f15fda1', 'dadfb24f-3ad6-0b0e-0139-ad9ba5cb86de', '01d9cfa6-be99-0651-0290-8e34a8bd6064', 1) ON CONFLICT (product_id, inventory_item_id) DO UPDATE SET quantity = 1;
INSERT INTO products (id, category_id, name_ar, name_en, price, description_ar, description_en, is_available) VALUES ('7568ab17-b95f-1468-6f1c-d2d2a37a97d0', 'c2222222-2222-2222-2222-222222222222', 'ساندوتش تشكن فاهيتا', 'ساندوتش تشكن فاهيتا', 130, 'شيت الوصفات الدفترية', 'Recipe Details', true) ON CONFLICT (id) DO UPDATE SET price = 130;
INSERT INTO product_recipes (id, product_id, inventory_item_id, quantity) VALUES ('a6b63ca6-f732-ac20-df19-45234e52dc70', '7568ab17-b95f-1468-6f1c-d2d2a37a97d0', '28fbd4e0-d455-e33e-abe8-c16c07b91da4', 1) ON CONFLICT (product_id, inventory_item_id) DO UPDATE SET quantity = 1;
INSERT INTO product_recipes (id, product_id, inventory_item_id, quantity) VALUES ('2e5a3552-2608-5001-332f-e791ae472e92', '7568ab17-b95f-1468-6f1c-d2d2a37a97d0', 'ee7fc677-2c78-a355-e794-ec31ce0c9554', 0.15) ON CONFLICT (product_id, inventory_item_id) DO UPDATE SET quantity = 0.15;
INSERT INTO product_recipes (id, product_id, inventory_item_id, quantity) VALUES ('abc19a50-4f26-aeea-30d1-ad4be0c462b6', '7568ab17-b95f-1468-6f1c-d2d2a37a97d0', '13571033-e3cb-f12a-cd14-2f4d6c7397a9', 0.04) ON CONFLICT (product_id, inventory_item_id) DO UPDATE SET quantity = 0.04;
INSERT INTO product_recipes (id, product_id, inventory_item_id, quantity) VALUES ('43f1311c-2e57-19da-5427-60c1d09a4cf6', '7568ab17-b95f-1468-6f1c-d2d2a37a97d0', 'dd67fc84-caff-9f31-7df4-62dd353074db', 0.01) ON CONFLICT (product_id, inventory_item_id) DO UPDATE SET quantity = 0.01;
INSERT INTO product_recipes (id, product_id, inventory_item_id, quantity) VALUES ('63a8279a-838e-6a11-dfe2-a119e3d2e1d7', '7568ab17-b95f-1468-6f1c-d2d2a37a97d0', 'fa478525-19ec-bf9b-fc57-dd390a9e390a', 0.005) ON CONFLICT (product_id, inventory_item_id) DO UPDATE SET quantity = 0.005;
INSERT INTO product_recipes (id, product_id, inventory_item_id, quantity) VALUES ('51dcb3d2-2630-fd7f-03b4-777920f3fce6', '7568ab17-b95f-1468-6f1c-d2d2a37a97d0', '020e734d-f75a-dada-2036-6a79265e755b', 0.02) ON CONFLICT (product_id, inventory_item_id) DO UPDATE SET quantity = 0.02;
INSERT INTO product_recipes (id, product_id, inventory_item_id, quantity) VALUES ('335b1f29-5b56-9a7a-41d0-d857267fed23', '7568ab17-b95f-1468-6f1c-d2d2a37a97d0', '5b7a5ae8-73f1-8a32-ff9b-afe9fa53484b', 0.02) ON CONFLICT (product_id, inventory_item_id) DO UPDATE SET quantity = 0.02;
INSERT INTO product_recipes (id, product_id, inventory_item_id, quantity) VALUES ('dbc8001c-8640-5f14-2133-eac93d6c3cd4', '7568ab17-b95f-1468-6f1c-d2d2a37a97d0', '25e8356d-29d5-475a-6404-e5d39aeff4e3', 0.005) ON CONFLICT (product_id, inventory_item_id) DO UPDATE SET quantity = 0.005;
INSERT INTO product_recipes (id, product_id, inventory_item_id, quantity) VALUES ('480cd3ba-c54b-aeca-470b-85262f28b629', '7568ab17-b95f-1468-6f1c-d2d2a37a97d0', '83955f01-088d-21f2-8848-d2e2c75ff82a', 0.005) ON CONFLICT (product_id, inventory_item_id) DO UPDATE SET quantity = 0.005;
INSERT INTO product_recipes (id, product_id, inventory_item_id, quantity) VALUES ('4802087f-c0d5-e808-b556-adb3b07b9896', '7568ab17-b95f-1468-6f1c-d2d2a37a97d0', 'b2dfe843-884b-6022-b5e8-6d8ef780a390', 0.05) ON CONFLICT (product_id, inventory_item_id) DO UPDATE SET quantity = 0.05;
INSERT INTO product_recipes (id, product_id, inventory_item_id, quantity) VALUES ('f3848515-8289-857e-c9b3-25058e144288', '7568ab17-b95f-1468-6f1c-d2d2a37a97d0', '40361330-1a7f-1f78-1009-cf9265aaa139', 0.06) ON CONFLICT (product_id, inventory_item_id) DO UPDATE SET quantity = 0.06;
INSERT INTO product_recipes (id, product_id, inventory_item_id, quantity) VALUES ('45df4411-c69e-4622-99c2-4a70723e31e5', '7568ab17-b95f-1468-6f1c-d2d2a37a97d0', '787d46e4-7071-3b60-fb05-a28dc4565a91', 1) ON CONFLICT (product_id, inventory_item_id) DO UPDATE SET quantity = 1;
INSERT INTO product_recipes (id, product_id, inventory_item_id, quantity) VALUES ('3f9ac844-52c4-2831-ac9f-b6257e77847c', '7568ab17-b95f-1468-6f1c-d2d2a37a97d0', '277db35c-34de-6a88-abba-bc66af410c0c', 1) ON CONFLICT (product_id, inventory_item_id) DO UPDATE SET quantity = 1;
INSERT INTO product_recipes (id, product_id, inventory_item_id, quantity) VALUES ('f2a9bc0b-d7c0-df72-5847-0bc6a903e840', '7568ab17-b95f-1468-6f1c-d2d2a37a97d0', '19d91a11-8ddf-5c49-a775-f0dda75c902c', 1) ON CONFLICT (product_id, inventory_item_id) DO UPDATE SET quantity = 1;
INSERT INTO product_recipes (id, product_id, inventory_item_id, quantity) VALUES ('cf27c576-abb3-adee-8297-7a57a1488f1b', '7568ab17-b95f-1468-6f1c-d2d2a37a97d0', '8d364d2e-45ea-3f4f-8b2e-7ed4d8b75ae5', 2) ON CONFLICT (product_id, inventory_item_id) DO UPDATE SET quantity = 2;
INSERT INTO product_recipes (id, product_id, inventory_item_id, quantity) VALUES ('e5a5245b-9685-2ebf-dee4-6e9096a6175a', '7568ab17-b95f-1468-6f1c-d2d2a37a97d0', '01d9cfa6-be99-0651-0290-8e34a8bd6064', 1) ON CONFLICT (product_id, inventory_item_id) DO UPDATE SET quantity = 1;
INSERT INTO products (id, category_id, name_ar, name_en, price, description_ar, description_en, is_available) VALUES ('87f16969-6505-bf1d-ec85-81fdc0deac65', 'c2222222-2222-2222-2222-222222222222', 'ساندوتش كوردن بلو', 'ساندوتش كوردن بلو', 140, 'شيت الوصفات الدفترية', 'Recipe Details', true) ON CONFLICT (id) DO UPDATE SET price = 140;
INSERT INTO product_recipes (id, product_id, inventory_item_id, quantity) VALUES ('d7eaac2a-8e42-cb58-35d6-5ec45c5c9e30', '87f16969-6505-bf1d-ec85-81fdc0deac65', '28fbd4e0-d455-e33e-abe8-c16c07b91da4', 1) ON CONFLICT (product_id, inventory_item_id) DO UPDATE SET quantity = 1;
INSERT INTO product_recipes (id, product_id, inventory_item_id, quantity) VALUES ('eef08bf7-cb01-c231-54e1-57acc6004f4b', '87f16969-6505-bf1d-ec85-81fdc0deac65', '2136ad94-182b-0f12-e0c8-987594743029', 0.2) ON CONFLICT (product_id, inventory_item_id) DO UPDATE SET quantity = 0.2;
INSERT INTO product_recipes (id, product_id, inventory_item_id, quantity) VALUES ('3a39ba13-5e3e-1bcf-976c-81be41ab374f', '87f16969-6505-bf1d-ec85-81fdc0deac65', 'be42987c-b89d-7e37-6038-dc7fb24cf190', 0.02) ON CONFLICT (product_id, inventory_item_id) DO UPDATE SET quantity = 0.02;
INSERT INTO product_recipes (id, product_id, inventory_item_id, quantity) VALUES ('12cf5b19-6a25-31ec-83a1-0fb79b607ad6', '87f16969-6505-bf1d-ec85-81fdc0deac65', '90174069-2536-7884-e816-9e0c68be3d70', 0.05) ON CONFLICT (product_id, inventory_item_id) DO UPDATE SET quantity = 0.05;
INSERT INTO product_recipes (id, product_id, inventory_item_id, quantity) VALUES ('aafa8d82-3041-277e-0b69-cdb151322fe8', '87f16969-6505-bf1d-ec85-81fdc0deac65', '269ded52-f79b-6011-edb1-af2f5ebdb8c8', 0.01) ON CONFLICT (product_id, inventory_item_id) DO UPDATE SET quantity = 0.01;
INSERT INTO product_recipes (id, product_id, inventory_item_id, quantity) VALUES ('b4d26d7f-681f-6b2f-aa16-80e11477b8aa', '87f16969-6505-bf1d-ec85-81fdc0deac65', 'b2dfe843-884b-6022-b5e8-6d8ef780a390', 0.05) ON CONFLICT (product_id, inventory_item_id) DO UPDATE SET quantity = 0.05;
INSERT INTO product_recipes (id, product_id, inventory_item_id, quantity) VALUES ('ac87313f-8f91-42de-7de8-d6023875ca70', '87f16969-6505-bf1d-ec85-81fdc0deac65', '40361330-1a7f-1f78-1009-cf9265aaa139', 0.06) ON CONFLICT (product_id, inventory_item_id) DO UPDATE SET quantity = 0.06;
INSERT INTO product_recipes (id, product_id, inventory_item_id, quantity) VALUES ('c89094ee-04fc-e580-0dde-6dd26357d7a8', '87f16969-6505-bf1d-ec85-81fdc0deac65', '787d46e4-7071-3b60-fb05-a28dc4565a91', 1) ON CONFLICT (product_id, inventory_item_id) DO UPDATE SET quantity = 1;
INSERT INTO product_recipes (id, product_id, inventory_item_id, quantity) VALUES ('94dced84-b050-086e-c23e-a9de48ae92fc', '87f16969-6505-bf1d-ec85-81fdc0deac65', '277db35c-34de-6a88-abba-bc66af410c0c', 1) ON CONFLICT (product_id, inventory_item_id) DO UPDATE SET quantity = 1;
INSERT INTO product_recipes (id, product_id, inventory_item_id, quantity) VALUES ('90bbe66c-7b1b-bdec-87f7-0e578a852a6c', '87f16969-6505-bf1d-ec85-81fdc0deac65', '19d91a11-8ddf-5c49-a775-f0dda75c902c', 1) ON CONFLICT (product_id, inventory_item_id) DO UPDATE SET quantity = 1;
INSERT INTO product_recipes (id, product_id, inventory_item_id, quantity) VALUES ('b9a594ab-4150-482d-3cc1-b278725a3b5c', '87f16969-6505-bf1d-ec85-81fdc0deac65', '8d364d2e-45ea-3f4f-8b2e-7ed4d8b75ae5', 2) ON CONFLICT (product_id, inventory_item_id) DO UPDATE SET quantity = 2;
INSERT INTO product_recipes (id, product_id, inventory_item_id, quantity) VALUES ('5b8009cc-143e-5746-7e45-f45dc2968542', '87f16969-6505-bf1d-ec85-81fdc0deac65', '01d9cfa6-be99-0651-0290-8e34a8bd6064', 1) ON CONFLICT (product_id, inventory_item_id) DO UPDATE SET quantity = 1;
INSERT INTO products (id, category_id, name_ar, name_en, price, description_ar, description_en, is_available) VALUES ('5e2a295c-3059-dae1-c3d7-16a6e24a759d', 'c2222222-2222-2222-2222-222222222222', 'ساندوتش تشكن تايجر', 'ساندوتش تشكن تايجر', 135, 'شيت الوصفات الدفترية', 'Recipe Details', true) ON CONFLICT (id) DO UPDATE SET price = 135;
INSERT INTO product_recipes (id, product_id, inventory_item_id, quantity) VALUES ('d42597ce-75c9-4260-8c64-faf481a85a0e', '5e2a295c-3059-dae1-c3d7-16a6e24a759d', '28fbd4e0-d455-e33e-abe8-c16c07b91da4', 1) ON CONFLICT (product_id, inventory_item_id) DO UPDATE SET quantity = 1;
INSERT INTO product_recipes (id, product_id, inventory_item_id, quantity) VALUES ('1e9d1aab-3de8-134c-2833-f61d2875b070', '5e2a295c-3059-dae1-c3d7-16a6e24a759d', '9b641fe0-65b3-767f-cf4d-687ceb60fa9f', 0.15) ON CONFLICT (product_id, inventory_item_id) DO UPDATE SET quantity = 0.15;
INSERT INTO product_recipes (id, product_id, inventory_item_id, quantity) VALUES ('1ac88d21-979c-2e67-b5e6-3abbbb02002c', '5e2a295c-3059-dae1-c3d7-16a6e24a759d', '5a81f286-c15b-fa5b-07c6-141b4570d57a', 0.05) ON CONFLICT (product_id, inventory_item_id) DO UPDATE SET quantity = 0.05;
INSERT INTO product_recipes (id, product_id, inventory_item_id, quantity) VALUES ('7c0cd657-54eb-6f40-5ee3-46561371b235', '5e2a295c-3059-dae1-c3d7-16a6e24a759d', 'be42987c-b89d-7e37-6038-dc7fb24cf190', 0.02) ON CONFLICT (product_id, inventory_item_id) DO UPDATE SET quantity = 0.02;
INSERT INTO product_recipes (id, product_id, inventory_item_id, quantity) VALUES ('091328f2-9b2c-1f9e-2efa-dcb3d278b09b', '5e2a295c-3059-dae1-c3d7-16a6e24a759d', '90174069-2536-7884-e816-9e0c68be3d70', 0.05) ON CONFLICT (product_id, inventory_item_id) DO UPDATE SET quantity = 0.05;
INSERT INTO product_recipes (id, product_id, inventory_item_id, quantity) VALUES ('10dc0864-ba54-4dbd-6c27-a440c0feb39f', '5e2a295c-3059-dae1-c3d7-16a6e24a759d', '3ad27ab8-982f-25f4-2c03-1cf74b0d987e', 0.02) ON CONFLICT (product_id, inventory_item_id) DO UPDATE SET quantity = 0.02;
INSERT INTO product_recipes (id, product_id, inventory_item_id, quantity) VALUES ('891f59f5-3036-a7a4-cb00-204d80a74c2e', '5e2a295c-3059-dae1-c3d7-16a6e24a759d', '3c2b8574-9269-8284-12b5-86f91a90a9f2', 0.02) ON CONFLICT (product_id, inventory_item_id) DO UPDATE SET quantity = 0.02;
INSERT INTO product_recipes (id, product_id, inventory_item_id, quantity) VALUES ('b938f355-30fe-0efc-6fc4-b27074d31c4e', '5e2a295c-3059-dae1-c3d7-16a6e24a759d', '269ded52-f79b-6011-edb1-af2f5ebdb8c8', 0.01) ON CONFLICT (product_id, inventory_item_id) DO UPDATE SET quantity = 0.01;
INSERT INTO product_recipes (id, product_id, inventory_item_id, quantity) VALUES ('e97ab722-b56b-5b2f-2be2-370101d876f1', '5e2a295c-3059-dae1-c3d7-16a6e24a759d', 'b2dfe843-884b-6022-b5e8-6d8ef780a390', 0.05) ON CONFLICT (product_id, inventory_item_id) DO UPDATE SET quantity = 0.05;
INSERT INTO product_recipes (id, product_id, inventory_item_id, quantity) VALUES ('a25c6682-f407-7466-f525-176c56554ffe', '5e2a295c-3059-dae1-c3d7-16a6e24a759d', '40361330-1a7f-1f78-1009-cf9265aaa139', 0.06) ON CONFLICT (product_id, inventory_item_id) DO UPDATE SET quantity = 0.06;
INSERT INTO product_recipes (id, product_id, inventory_item_id, quantity) VALUES ('fea84d22-d6ad-daca-04f2-d76bf19822be', '5e2a295c-3059-dae1-c3d7-16a6e24a759d', '787d46e4-7071-3b60-fb05-a28dc4565a91', 1) ON CONFLICT (product_id, inventory_item_id) DO UPDATE SET quantity = 1;
INSERT INTO product_recipes (id, product_id, inventory_item_id, quantity) VALUES ('771188bb-706c-b933-6428-163af7daf8d2', '5e2a295c-3059-dae1-c3d7-16a6e24a759d', '277db35c-34de-6a88-abba-bc66af410c0c', 1) ON CONFLICT (product_id, inventory_item_id) DO UPDATE SET quantity = 1;
INSERT INTO product_recipes (id, product_id, inventory_item_id, quantity) VALUES ('17394585-a1c6-a692-98a0-f91ca26b9cac', '5e2a295c-3059-dae1-c3d7-16a6e24a759d', '19d91a11-8ddf-5c49-a775-f0dda75c902c', 1) ON CONFLICT (product_id, inventory_item_id) DO UPDATE SET quantity = 1;
INSERT INTO product_recipes (id, product_id, inventory_item_id, quantity) VALUES ('9274ee5b-977b-0f50-422e-f4499c463d7e', '5e2a295c-3059-dae1-c3d7-16a6e24a759d', '8d364d2e-45ea-3f4f-8b2e-7ed4d8b75ae5', 2) ON CONFLICT (product_id, inventory_item_id) DO UPDATE SET quantity = 2;
INSERT INTO product_recipes (id, product_id, inventory_item_id, quantity) VALUES ('f1a539ab-8072-0afe-82b4-29aaf93fdf38', '5e2a295c-3059-dae1-c3d7-16a6e24a759d', '01d9cfa6-be99-0651-0290-8e34a8bd6064', 1) ON CONFLICT (product_id, inventory_item_id) DO UPDATE SET quantity = 1;
INSERT INTO products (id, category_id, name_ar, name_en, price, description_ar, description_en, is_available) VALUES ('418ba5cc-b4ce-34d7-5a7e-86b2385f3e3c', 'c2222222-2222-2222-2222-222222222222', 'هاى ميل', 'هاى ميل', 145, 'شيت الوصفات الدفترية', 'Recipe Details', true) ON CONFLICT (id) DO UPDATE SET price = 145;
INSERT INTO product_recipes (id, product_id, inventory_item_id, quantity) VALUES ('aa85d6ab-86c9-6db3-8fb4-52f2b8bdf60a', '418ba5cc-b4ce-34d7-5a7e-86b2385f3e3c', 'fbe4f1a4-d5ec-3c47-44cc-b60b35fc541b', 0.2) ON CONFLICT (product_id, inventory_item_id) DO UPDATE SET quantity = 0.2;
INSERT INTO product_recipes (id, product_id, inventory_item_id, quantity) VALUES ('b1c7248a-f744-a934-6290-1e540a4badcf', '418ba5cc-b4ce-34d7-5a7e-86b2385f3e3c', 'db042f90-ce0f-416c-6140-860a9d4d758d', 0.1) ON CONFLICT (product_id, inventory_item_id) DO UPDATE SET quantity = 0.1;
INSERT INTO product_recipes (id, product_id, inventory_item_id, quantity) VALUES ('6355720e-f3bc-d3ae-080e-b71a47d3961a', '418ba5cc-b4ce-34d7-5a7e-86b2385f3e3c', '6f6d4b0c-d09a-457a-2ff5-b87005f7a46c', 0.15) ON CONFLICT (product_id, inventory_item_id) DO UPDATE SET quantity = 0.15;
INSERT INTO product_recipes (id, product_id, inventory_item_id, quantity) VALUES ('adf494e7-0583-72f6-033b-5fac8ada5c9b', '418ba5cc-b4ce-34d7-5a7e-86b2385f3e3c', '5a81f286-c15b-fa5b-07c6-141b4570d57a', 0.05) ON CONFLICT (product_id, inventory_item_id) DO UPDATE SET quantity = 0.05;
INSERT INTO product_recipes (id, product_id, inventory_item_id, quantity) VALUES ('d9307a59-ce8b-c69a-83d2-80b16c4067e7', '418ba5cc-b4ce-34d7-5a7e-86b2385f3e3c', 'ac615a7a-c1c2-29a1-0c84-f238dac2444c', 0.15) ON CONFLICT (product_id, inventory_item_id) DO UPDATE SET quantity = 0.15;
INSERT INTO product_recipes (id, product_id, inventory_item_id, quantity) VALUES ('5f13a8a1-9602-9ef8-20d2-bdf79912f16c', '418ba5cc-b4ce-34d7-5a7e-86b2385f3e3c', 'aac8bfe2-858c-2e68-591d-f641a7bb1c81', 1) ON CONFLICT (product_id, inventory_item_id) DO UPDATE SET quantity = 1;
INSERT INTO product_recipes (id, product_id, inventory_item_id, quantity) VALUES ('7d048793-bc1d-9e10-fa4b-0d67a6138fa5', '418ba5cc-b4ce-34d7-5a7e-86b2385f3e3c', '19d91a11-8ddf-5c49-a775-f0dda75c902c', 1) ON CONFLICT (product_id, inventory_item_id) DO UPDATE SET quantity = 1;
INSERT INTO product_recipes (id, product_id, inventory_item_id, quantity) VALUES ('f04ce4de-566e-32fe-b1c8-30103bc9bb40', '418ba5cc-b4ce-34d7-5a7e-86b2385f3e3c', '9aa15944-a610-6968-9b7f-9277614febc3', 1) ON CONFLICT (product_id, inventory_item_id) DO UPDATE SET quantity = 1;
INSERT INTO products (id, category_id, name_ar, name_en, price, description_ar, description_en, is_available) VALUES ('ddba6358-7ac1-3ec8-a1b6-018251201758', 'c3333333-3333-3333-3333-333333333333', 'بيتزا كرانشى رانش-لارج', 'بيتزا كرانشى رانش-لارج', 190, 'شيت الوصفات الدفترية', 'Recipe Details', true) ON CONFLICT (id) DO UPDATE SET price = 190;
INSERT INTO product_recipes (id, product_id, inventory_item_id, quantity) VALUES ('5992b14a-c42d-be87-8b3b-724547121d39', 'ddba6358-7ac1-3ec8-a1b6-018251201758', '87a7c24c-519c-7ece-976a-eccf9486b9f9', 0.32) ON CONFLICT (product_id, inventory_item_id) DO UPDATE SET quantity = 0.32;
INSERT INTO product_recipes (id, product_id, inventory_item_id, quantity) VALUES ('9bb60276-a21d-01f7-8826-0d970a46987e', 'ddba6358-7ac1-3ec8-a1b6-018251201758', '6f6d4b0c-d09a-457a-2ff5-b87005f7a46c', 0.05) ON CONFLICT (product_id, inventory_item_id) DO UPDATE SET quantity = 0.05;
INSERT INTO product_recipes (id, product_id, inventory_item_id, quantity) VALUES ('45bc0771-de3e-947f-ae52-3bbedcdb1f10', 'ddba6358-7ac1-3ec8-a1b6-018251201758', '35535e60-0a5e-2e27-b363-03d706fee6fa', 0.14) ON CONFLICT (product_id, inventory_item_id) DO UPDATE SET quantity = 0.14;
INSERT INTO product_recipes (id, product_id, inventory_item_id, quantity) VALUES ('b6e16bba-b4a0-dfe5-7940-90917b2d4aa0', 'ddba6358-7ac1-3ec8-a1b6-018251201758', '82c1af44-684b-3b18-fb01-150063b95d50', 0.07) ON CONFLICT (product_id, inventory_item_id) DO UPDATE SET quantity = 0.07;
INSERT INTO product_recipes (id, product_id, inventory_item_id, quantity) VALUES ('8d3486d4-ab9c-7c38-25ab-24acb7a90ca0', 'ddba6358-7ac1-3ec8-a1b6-018251201758', '9b641fe0-65b3-767f-cf4d-687ceb60fa9f', 0.15) ON CONFLICT (product_id, inventory_item_id) DO UPDATE SET quantity = 0.15;
INSERT INTO product_recipes (id, product_id, inventory_item_id, quantity) VALUES ('0ae2394a-a328-c18f-9892-6c6217563271', 'ddba6358-7ac1-3ec8-a1b6-018251201758', '5a81f286-c15b-fa5b-07c6-141b4570d57a', 0.05) ON CONFLICT (product_id, inventory_item_id) DO UPDATE SET quantity = 0.05;
INSERT INTO product_recipes (id, product_id, inventory_item_id, quantity) VALUES ('220f26bc-6bcf-c30f-7975-40d92517a153', 'ddba6358-7ac1-3ec8-a1b6-018251201758', 'b584fa1a-e1ce-132c-38a7-cace1578bb9d', 0.06) ON CONFLICT (product_id, inventory_item_id) DO UPDATE SET quantity = 0.06;
INSERT INTO product_recipes (id, product_id, inventory_item_id, quantity) VALUES ('041143a3-6e9b-45f9-4e0b-15610f8a69a0', 'ddba6358-7ac1-3ec8-a1b6-018251201758', '13571033-e3cb-f12a-cd14-2f4d6c7397a9', 0.01) ON CONFLICT (product_id, inventory_item_id) DO UPDATE SET quantity = 0.01;
INSERT INTO product_recipes (id, product_id, inventory_item_id, quantity) VALUES ('041143a3-6e9b-45f9-4e0b-15610f8a69a0', 'ddba6358-7ac1-3ec8-a1b6-018251201758', '13571033-e3cb-f12a-cd14-2f4d6c7397a9', 0.01) ON CONFLICT (product_id, inventory_item_id) DO UPDATE SET quantity = 0.01;
INSERT INTO product_recipes (id, product_id, inventory_item_id, quantity) VALUES ('8a502184-70e5-4629-42d8-d61e9e4126ce', 'ddba6358-7ac1-3ec8-a1b6-018251201758', 'cbd0ae3d-de29-9bce-36f2-f9ed6fc2e901', 1) ON CONFLICT (product_id, inventory_item_id) DO UPDATE SET quantity = 1;
INSERT INTO product_recipes (id, product_id, inventory_item_id, quantity) VALUES ('e1da2b83-d2f7-0202-0cfc-75756939ea1a', 'ddba6358-7ac1-3ec8-a1b6-018251201758', '9aa15944-a610-6968-9b7f-9277614febc3', 1) ON CONFLICT (product_id, inventory_item_id) DO UPDATE SET quantity = 1;
INSERT INTO product_recipes (id, product_id, inventory_item_id, quantity) VALUES ('921b7293-674f-64d2-cf82-650543f4025b', 'ddba6358-7ac1-3ec8-a1b6-018251201758', '0423722f-52eb-0c7b-f285-05dd288d2993', 1) ON CONFLICT (product_id, inventory_item_id) DO UPDATE SET quantity = 1;
INSERT INTO products (id, category_id, name_ar, name_en, price, description_ar, description_en, is_available) VALUES ('3bfd72fd-06f3-3dcf-109d-2dcd42817f73', 'c3333333-3333-3333-3333-333333333333', 'بيتزا سى فود-لارج', 'بيتزا سى فود-لارج', 240, 'شيت الوصفات الدفترية', 'Recipe Details', true) ON CONFLICT (id) DO UPDATE SET price = 240;
INSERT INTO product_recipes (id, product_id, inventory_item_id, quantity) VALUES ('dbe964d5-aed7-ced0-3f02-29f209bd2db7', '3bfd72fd-06f3-3dcf-109d-2dcd42817f73', '87a7c24c-519c-7ece-976a-eccf9486b9f9', 0.32) ON CONFLICT (product_id, inventory_item_id) DO UPDATE SET quantity = 0.32;
INSERT INTO product_recipes (id, product_id, inventory_item_id, quantity) VALUES ('1b9c001f-80db-722a-6abc-1196ba7ca839', '3bfd72fd-06f3-3dcf-109d-2dcd42817f73', '8641a4d9-3f41-b5a4-5420-b4408d90e68d', 0.05) ON CONFLICT (product_id, inventory_item_id) DO UPDATE SET quantity = 0.05;
INSERT INTO product_recipes (id, product_id, inventory_item_id, quantity) VALUES ('d4b3437d-a267-1a48-1fd7-6f37ae881dfe', '3bfd72fd-06f3-3dcf-109d-2dcd42817f73', '35535e60-0a5e-2e27-b363-03d706fee6fa', 0.14) ON CONFLICT (product_id, inventory_item_id) DO UPDATE SET quantity = 0.14;
INSERT INTO product_recipes (id, product_id, inventory_item_id, quantity) VALUES ('96bfcb90-f0ef-3eb2-70f1-effadc33015a', '3bfd72fd-06f3-3dcf-109d-2dcd42817f73', '82c1af44-684b-3b18-fb01-150063b95d50', 0.07) ON CONFLICT (product_id, inventory_item_id) DO UPDATE SET quantity = 0.07;
INSERT INTO product_recipes (id, product_id, inventory_item_id, quantity) VALUES ('ca0d00b8-17a9-6120-ab4f-fd041320e13a', '3bfd72fd-06f3-3dcf-109d-2dcd42817f73', '1088c082-c19a-1565-3378-352514e37749', 0.1) ON CONFLICT (product_id, inventory_item_id) DO UPDATE SET quantity = 0.1;
INSERT INTO product_recipes (id, product_id, inventory_item_id, quantity) VALUES ('db8bef6c-0674-aff0-6b97-cd892d6ed557', '3bfd72fd-06f3-3dcf-109d-2dcd42817f73', '62698a04-b6f7-52b9-ab75-89f7b10e5b1e', 0.1) ON CONFLICT (product_id, inventory_item_id) DO UPDATE SET quantity = 0.1;
INSERT INTO product_recipes (id, product_id, inventory_item_id, quantity) VALUES ('9a430c6b-aec2-7db4-95f1-c9806d805e33', '3bfd72fd-06f3-3dcf-109d-2dcd42817f73', 'a6fb353d-8654-4a0d-8901-542c2e48d0d0', 0.04) ON CONFLICT (product_id, inventory_item_id) DO UPDATE SET quantity = 0.04;
INSERT INTO product_recipes (id, product_id, inventory_item_id, quantity) VALUES ('10080e43-32a9-837f-51cf-e4e6ab675e46', '3bfd72fd-06f3-3dcf-109d-2dcd42817f73', '13571033-e3cb-f12a-cd14-2f4d6c7397a9', 0.01) ON CONFLICT (product_id, inventory_item_id) DO UPDATE SET quantity = 0.01;
INSERT INTO product_recipes (id, product_id, inventory_item_id, quantity) VALUES ('10080e43-32a9-837f-51cf-e4e6ab675e46', '3bfd72fd-06f3-3dcf-109d-2dcd42817f73', '13571033-e3cb-f12a-cd14-2f4d6c7397a9', 0.01) ON CONFLICT (product_id, inventory_item_id) DO UPDATE SET quantity = 0.01;
INSERT INTO product_recipes (id, product_id, inventory_item_id, quantity) VALUES ('a8d45e2c-39ce-5997-d2e4-9d4a7b75e252', '3bfd72fd-06f3-3dcf-109d-2dcd42817f73', 'cbd0ae3d-de29-9bce-36f2-f9ed6fc2e901', 1) ON CONFLICT (product_id, inventory_item_id) DO UPDATE SET quantity = 1;
INSERT INTO product_recipes (id, product_id, inventory_item_id, quantity) VALUES ('96eb8ddd-5688-b816-68b3-810cad174d6f', '3bfd72fd-06f3-3dcf-109d-2dcd42817f73', '9aa15944-a610-6968-9b7f-9277614febc3', 1) ON CONFLICT (product_id, inventory_item_id) DO UPDATE SET quantity = 1;
INSERT INTO product_recipes (id, product_id, inventory_item_id, quantity) VALUES ('261fc094-2df9-1c51-1803-ca87e8bd633c', '3bfd72fd-06f3-3dcf-109d-2dcd42817f73', '0423722f-52eb-0c7b-f285-05dd288d2993', 1) ON CONFLICT (product_id, inventory_item_id) DO UPDATE SET quantity = 1;
INSERT INTO products (id, category_id, name_ar, name_en, price, description_ar, description_en, is_available) VALUES ('07ff5a99-935b-832e-410c-45ca0efea6ca', 'c3333333-3333-3333-3333-333333333333', 'بيتزا فور سيزون-لارج', 'بيتزا فور سيزون-لارج', 210, 'شيت الوصفات الدفترية', 'Recipe Details', true) ON CONFLICT (id) DO UPDATE SET price = 210;
INSERT INTO product_recipes (id, product_id, inventory_item_id, quantity) VALUES ('d7b8215a-b72e-0b1f-75a7-b2d9c9e5b156', '07ff5a99-935b-832e-410c-45ca0efea6ca', '87a7c24c-519c-7ece-976a-eccf9486b9f9', 0.32) ON CONFLICT (product_id, inventory_item_id) DO UPDATE SET quantity = 0.32;
INSERT INTO product_recipes (id, product_id, inventory_item_id, quantity) VALUES ('53f96d7d-f990-0fb1-d30f-7fc090e28cdc', '07ff5a99-935b-832e-410c-45ca0efea6ca', '8641a4d9-3f41-b5a4-5420-b4408d90e68d', 0.05) ON CONFLICT (product_id, inventory_item_id) DO UPDATE SET quantity = 0.05;
INSERT INTO product_recipes (id, product_id, inventory_item_id, quantity) VALUES ('fa1a09cf-8f51-ea5b-b447-ddc808ccb00d', '07ff5a99-935b-832e-410c-45ca0efea6ca', '35535e60-0a5e-2e27-b363-03d706fee6fa', 0.14) ON CONFLICT (product_id, inventory_item_id) DO UPDATE SET quantity = 0.14;
INSERT INTO product_recipes (id, product_id, inventory_item_id, quantity) VALUES ('6dc1cbbf-b398-8bd3-103e-5333ecc90558', '07ff5a99-935b-832e-410c-45ca0efea6ca', '82c1af44-684b-3b18-fb01-150063b95d50', 0.07) ON CONFLICT (product_id, inventory_item_id) DO UPDATE SET quantity = 0.07;
INSERT INTO product_recipes (id, product_id, inventory_item_id, quantity) VALUES ('d2692426-bcad-a7f4-1342-aa3abe9e4bc7', '07ff5a99-935b-832e-410c-45ca0efea6ca', '85d6ec63-ce2e-3ced-0e89-ed0f7d69b586', 0.03) ON CONFLICT (product_id, inventory_item_id) DO UPDATE SET quantity = 0.03;
INSERT INTO product_recipes (id, product_id, inventory_item_id, quantity) VALUES ('398d2cde-324c-577c-9467-0076c43950a8', '07ff5a99-935b-832e-410c-45ca0efea6ca', '7da0fccc-607c-1117-28db-2b6352a383cf', 0.03) ON CONFLICT (product_id, inventory_item_id) DO UPDATE SET quantity = 0.03;
INSERT INTO product_recipes (id, product_id, inventory_item_id, quantity) VALUES ('2f1542ac-2b7d-c53e-8dbc-5eb6b9e3d443', '07ff5a99-935b-832e-410c-45ca0efea6ca', '2f6172b2-66a4-8d52-84d4-4efd6baa3afe', 0.01) ON CONFLICT (product_id, inventory_item_id) DO UPDATE SET quantity = 0.01;
INSERT INTO product_recipes (id, product_id, inventory_item_id, quantity) VALUES ('c4dc5bfe-7dce-7c03-4714-e4f7aa5fc9ac', '07ff5a99-935b-832e-410c-45ca0efea6ca', 'd097ad98-3121-21db-d07c-327f0b40619c', 0.05) ON CONFLICT (product_id, inventory_item_id) DO UPDATE SET quantity = 0.05;
INSERT INTO product_recipes (id, product_id, inventory_item_id, quantity) VALUES ('7370f963-a9cd-e822-9891-167989ce268e', '07ff5a99-935b-832e-410c-45ca0efea6ca', '359e11ae-3a61-3155-603a-fc6c840f9282', 0.01) ON CONFLICT (product_id, inventory_item_id) DO UPDATE SET quantity = 0.01;
INSERT INTO product_recipes (id, product_id, inventory_item_id, quantity) VALUES ('69ca4bce-6375-c40e-1eed-c0581be38e44', '07ff5a99-935b-832e-410c-45ca0efea6ca', '269ded52-f79b-6011-edb1-af2f5ebdb8c8', 0.01) ON CONFLICT (product_id, inventory_item_id) DO UPDATE SET quantity = 0.01;
INSERT INTO product_recipes (id, product_id, inventory_item_id, quantity) VALUES ('942143a1-b7c2-0122-3807-443b8eca0a35', '07ff5a99-935b-832e-410c-45ca0efea6ca', 'b584fa1a-e1ce-132c-38a7-cace1578bb9d', 0.01) ON CONFLICT (product_id, inventory_item_id) DO UPDATE SET quantity = 0.01;
INSERT INTO product_recipes (id, product_id, inventory_item_id, quantity) VALUES ('8d96407f-e34b-7949-00cc-636dd739e6a5', '07ff5a99-935b-832e-410c-45ca0efea6ca', 'ef7a1102-f9e7-07ac-65dc-e70ef2db82dd', 0.01) ON CONFLICT (product_id, inventory_item_id) DO UPDATE SET quantity = 0.01;
INSERT INTO product_recipes (id, product_id, inventory_item_id, quantity) VALUES ('9dbd00d6-793b-8ab2-194b-6ce26febca95', '07ff5a99-935b-832e-410c-45ca0efea6ca', '13571033-e3cb-f12a-cd14-2f4d6c7397a9', 0.01) ON CONFLICT (product_id, inventory_item_id) DO UPDATE SET quantity = 0.01;
INSERT INTO product_recipes (id, product_id, inventory_item_id, quantity) VALUES ('9dbd00d6-793b-8ab2-194b-6ce26febca95', '07ff5a99-935b-832e-410c-45ca0efea6ca', '13571033-e3cb-f12a-cd14-2f4d6c7397a9', 0.01) ON CONFLICT (product_id, inventory_item_id) DO UPDATE SET quantity = 0.01;
INSERT INTO product_recipes (id, product_id, inventory_item_id, quantity) VALUES ('8c782cae-5560-1c28-1ce1-ec2373ae57e2', '07ff5a99-935b-832e-410c-45ca0efea6ca', 'cbd0ae3d-de29-9bce-36f2-f9ed6fc2e901', 1) ON CONFLICT (product_id, inventory_item_id) DO UPDATE SET quantity = 1;
INSERT INTO product_recipes (id, product_id, inventory_item_id, quantity) VALUES ('2b95181b-c1f6-f71d-5f50-8eef6a6c754b', '07ff5a99-935b-832e-410c-45ca0efea6ca', '9aa15944-a610-6968-9b7f-9277614febc3', 1) ON CONFLICT (product_id, inventory_item_id) DO UPDATE SET quantity = 1;
INSERT INTO product_recipes (id, product_id, inventory_item_id, quantity) VALUES ('f089f809-2029-d8aa-c7ca-ef9f92b003de', '07ff5a99-935b-832e-410c-45ca0efea6ca', '0423722f-52eb-0c7b-f285-05dd288d2993', 1) ON CONFLICT (product_id, inventory_item_id) DO UPDATE SET quantity = 1;
INSERT INTO products (id, category_id, name_ar, name_en, price, description_ar, description_en, is_available) VALUES ('1d7655ca-0ec8-d23d-42c2-a4dc91b81468', 'c3333333-3333-3333-3333-333333333333', 'بيتزا بيرونى-لارج', 'بيتزا بيرونى-لارج', 180, 'شيت الوصفات الدفترية', 'Recipe Details', true) ON CONFLICT (id) DO UPDATE SET price = 180;
INSERT INTO product_recipes (id, product_id, inventory_item_id, quantity) VALUES ('2da36099-2f5d-b870-56c2-2579e3569b02', '1d7655ca-0ec8-d23d-42c2-a4dc91b81468', '87a7c24c-519c-7ece-976a-eccf9486b9f9', 0.32) ON CONFLICT (product_id, inventory_item_id) DO UPDATE SET quantity = 0.32;
INSERT INTO product_recipes (id, product_id, inventory_item_id, quantity) VALUES ('639e27c0-084f-d1c9-3b1a-807e16d45190', '1d7655ca-0ec8-d23d-42c2-a4dc91b81468', '8641a4d9-3f41-b5a4-5420-b4408d90e68d', 0.05) ON CONFLICT (product_id, inventory_item_id) DO UPDATE SET quantity = 0.05;
INSERT INTO product_recipes (id, product_id, inventory_item_id, quantity) VALUES ('9bd3d668-27d8-0240-92ba-963ef06bb898', '1d7655ca-0ec8-d23d-42c2-a4dc91b81468', '35535e60-0a5e-2e27-b363-03d706fee6fa', 0.14) ON CONFLICT (product_id, inventory_item_id) DO UPDATE SET quantity = 0.14;
INSERT INTO product_recipes (id, product_id, inventory_item_id, quantity) VALUES ('356ce78a-e2b8-ab76-36c9-965ff7891d8a', '1d7655ca-0ec8-d23d-42c2-a4dc91b81468', '82c1af44-684b-3b18-fb01-150063b95d50', 0.07) ON CONFLICT (product_id, inventory_item_id) DO UPDATE SET quantity = 0.07;
INSERT INTO product_recipes (id, product_id, inventory_item_id, quantity) VALUES ('58075061-a1ee-429b-b1c9-fc1f4cc9d954', '1d7655ca-0ec8-d23d-42c2-a4dc91b81468', '2f6172b2-66a4-8d52-84d4-4efd6baa3afe', 0.07) ON CONFLICT (product_id, inventory_item_id) DO UPDATE SET quantity = 0.07;
INSERT INTO product_recipes (id, product_id, inventory_item_id, quantity) VALUES ('cafac9f4-b7fb-0a89-a343-4b72c9b70006', '1d7655ca-0ec8-d23d-42c2-a4dc91b81468', '13571033-e3cb-f12a-cd14-2f4d6c7397a9', 0.01) ON CONFLICT (product_id, inventory_item_id) DO UPDATE SET quantity = 0.01;
INSERT INTO product_recipes (id, product_id, inventory_item_id, quantity) VALUES ('cafac9f4-b7fb-0a89-a343-4b72c9b70006', '1d7655ca-0ec8-d23d-42c2-a4dc91b81468', '13571033-e3cb-f12a-cd14-2f4d6c7397a9', 0.01) ON CONFLICT (product_id, inventory_item_id) DO UPDATE SET quantity = 0.01;
INSERT INTO product_recipes (id, product_id, inventory_item_id, quantity) VALUES ('4e2e2a03-410d-2e4f-531a-ad1ee1667396', '1d7655ca-0ec8-d23d-42c2-a4dc91b81468', 'cbd0ae3d-de29-9bce-36f2-f9ed6fc2e901', 1) ON CONFLICT (product_id, inventory_item_id) DO UPDATE SET quantity = 1;
INSERT INTO product_recipes (id, product_id, inventory_item_id, quantity) VALUES ('1f8bf702-e7c5-4328-8706-5ca15a851790', '1d7655ca-0ec8-d23d-42c2-a4dc91b81468', '9aa15944-a610-6968-9b7f-9277614febc3', 1) ON CONFLICT (product_id, inventory_item_id) DO UPDATE SET quantity = 1;
INSERT INTO product_recipes (id, product_id, inventory_item_id, quantity) VALUES ('0c9330b2-121b-f282-1de7-f52ad4d0756f', '1d7655ca-0ec8-d23d-42c2-a4dc91b81468', '0423722f-52eb-0c7b-f285-05dd288d2993', 1) ON CONFLICT (product_id, inventory_item_id) DO UPDATE SET quantity = 1;
INSERT INTO products (id, category_id, name_ar, name_en, price, description_ar, description_en, is_available) VALUES ('4ae141d3-4385-702a-384c-3de8d12d6de1', 'c3333333-3333-3333-3333-333333333333', 'بيتزا مارجيتا-لارج', 'بيتزا مارجيتا-لارج', 140, 'شيت الوصفات الدفترية', 'Recipe Details', true) ON CONFLICT (id) DO UPDATE SET price = 140;
INSERT INTO product_recipes (id, product_id, inventory_item_id, quantity) VALUES ('f68c2a81-70fc-f2d8-db96-5734e53b817b', '4ae141d3-4385-702a-384c-3de8d12d6de1', '87a7c24c-519c-7ece-976a-eccf9486b9f9', 0.32) ON CONFLICT (product_id, inventory_item_id) DO UPDATE SET quantity = 0.32;
INSERT INTO product_recipes (id, product_id, inventory_item_id, quantity) VALUES ('e8e4d6ac-c35d-1305-18e8-342c39664cde', '4ae141d3-4385-702a-384c-3de8d12d6de1', '8641a4d9-3f41-b5a4-5420-b4408d90e68d', 0.05) ON CONFLICT (product_id, inventory_item_id) DO UPDATE SET quantity = 0.05;
INSERT INTO product_recipes (id, product_id, inventory_item_id, quantity) VALUES ('7302c50f-c3bc-025c-9cec-d88967454cc8', '4ae141d3-4385-702a-384c-3de8d12d6de1', '35535e60-0a5e-2e27-b363-03d706fee6fa', 0.14) ON CONFLICT (product_id, inventory_item_id) DO UPDATE SET quantity = 0.14;
INSERT INTO product_recipes (id, product_id, inventory_item_id, quantity) VALUES ('8edbfea7-b4fb-f3e6-78ff-353df824e0c3', '4ae141d3-4385-702a-384c-3de8d12d6de1', '82c1af44-684b-3b18-fb01-150063b95d50', 0.07) ON CONFLICT (product_id, inventory_item_id) DO UPDATE SET quantity = 0.07;
INSERT INTO product_recipes (id, product_id, inventory_item_id, quantity) VALUES ('b7c5036f-15f3-0be6-80f0-c043c27811f0', '4ae141d3-4385-702a-384c-3de8d12d6de1', 'cbd0ae3d-de29-9bce-36f2-f9ed6fc2e901', 1) ON CONFLICT (product_id, inventory_item_id) DO UPDATE SET quantity = 1;
INSERT INTO product_recipes (id, product_id, inventory_item_id, quantity) VALUES ('3d0887a9-6db4-cd64-a6d2-245db2aa5760', '4ae141d3-4385-702a-384c-3de8d12d6de1', '9aa15944-a610-6968-9b7f-9277614febc3', 1) ON CONFLICT (product_id, inventory_item_id) DO UPDATE SET quantity = 1;
INSERT INTO product_recipes (id, product_id, inventory_item_id, quantity) VALUES ('497a1061-88f4-348e-f714-04287e4e4032', '4ae141d3-4385-702a-384c-3de8d12d6de1', '0423722f-52eb-0c7b-f285-05dd288d2993', 1) ON CONFLICT (product_id, inventory_item_id) DO UPDATE SET quantity = 1;
INSERT INTO products (id, category_id, name_ar, name_en, price, description_ar, description_en, is_available) VALUES ('0aa329f8-ff9d-fca5-6658-1b4d72caae1e', 'c3333333-3333-3333-3333-333333333333', 'بيتزا بافلو-لارج', 'بيتزا بافلو-لارج', 190, 'شيت الوصفات الدفترية', 'Recipe Details', true) ON CONFLICT (id) DO UPDATE SET price = 190;
INSERT INTO product_recipes (id, product_id, inventory_item_id, quantity) VALUES ('7750a7dd-042e-734e-ff2f-c32475fcf87e', '0aa329f8-ff9d-fca5-6658-1b4d72caae1e', '87a7c24c-519c-7ece-976a-eccf9486b9f9', 0.32) ON CONFLICT (product_id, inventory_item_id) DO UPDATE SET quantity = 0.32;
INSERT INTO product_recipes (id, product_id, inventory_item_id, quantity) VALUES ('b83292ac-5a9b-5285-3f63-290c4c2b4482', '0aa329f8-ff9d-fca5-6658-1b4d72caae1e', '8641a4d9-3f41-b5a4-5420-b4408d90e68d', 0.05) ON CONFLICT (product_id, inventory_item_id) DO UPDATE SET quantity = 0.05;
INSERT INTO product_recipes (id, product_id, inventory_item_id, quantity) VALUES ('06a05d3e-157d-2d93-79ea-d63bef453182', '0aa329f8-ff9d-fca5-6658-1b4d72caae1e', '35535e60-0a5e-2e27-b363-03d706fee6fa', 0.14) ON CONFLICT (product_id, inventory_item_id) DO UPDATE SET quantity = 0.14;
INSERT INTO product_recipes (id, product_id, inventory_item_id, quantity) VALUES ('af3036f7-af7f-c1fb-1998-4712d3b0cc62', '0aa329f8-ff9d-fca5-6658-1b4d72caae1e', '82c1af44-684b-3b18-fb01-150063b95d50', 0.07) ON CONFLICT (product_id, inventory_item_id) DO UPDATE SET quantity = 0.07;
INSERT INTO product_recipes (id, product_id, inventory_item_id, quantity) VALUES ('5efb9d6a-a197-8440-1bfc-eebe074013cc', '0aa329f8-ff9d-fca5-6658-1b4d72caae1e', 'd097ad98-3121-21db-d07c-327f0b40619c', 0.15) ON CONFLICT (product_id, inventory_item_id) DO UPDATE SET quantity = 0.15;
INSERT INTO product_recipes (id, product_id, inventory_item_id, quantity) VALUES ('ec3fb042-15ef-8aab-03b9-9454fc764705', '0aa329f8-ff9d-fca5-6658-1b4d72caae1e', '13571033-e3cb-f12a-cd14-2f4d6c7397a9', 0.01) ON CONFLICT (product_id, inventory_item_id) DO UPDATE SET quantity = 0.01;
INSERT INTO product_recipes (id, product_id, inventory_item_id, quantity) VALUES ('ec3fb042-15ef-8aab-03b9-9454fc764705', '0aa329f8-ff9d-fca5-6658-1b4d72caae1e', '13571033-e3cb-f12a-cd14-2f4d6c7397a9', 0.01) ON CONFLICT (product_id, inventory_item_id) DO UPDATE SET quantity = 0.01;
INSERT INTO product_recipes (id, product_id, inventory_item_id, quantity) VALUES ('fe255fd9-a721-d730-c379-da5e90f942a3', '0aa329f8-ff9d-fca5-6658-1b4d72caae1e', '81d6b500-5f81-9b5c-ebc2-d5367d6b932d', 0.08) ON CONFLICT (product_id, inventory_item_id) DO UPDATE SET quantity = 0.08;
INSERT INTO product_recipes (id, product_id, inventory_item_id, quantity) VALUES ('6bad197a-3003-79e8-9403-4c4fd2466490', '0aa329f8-ff9d-fca5-6658-1b4d72caae1e', 'cbd0ae3d-de29-9bce-36f2-f9ed6fc2e901', 1) ON CONFLICT (product_id, inventory_item_id) DO UPDATE SET quantity = 1;
INSERT INTO product_recipes (id, product_id, inventory_item_id, quantity) VALUES ('5d3f2ec6-9ebf-e258-2384-302b581bf455', '0aa329f8-ff9d-fca5-6658-1b4d72caae1e', '9aa15944-a610-6968-9b7f-9277614febc3', 1) ON CONFLICT (product_id, inventory_item_id) DO UPDATE SET quantity = 1;
INSERT INTO product_recipes (id, product_id, inventory_item_id, quantity) VALUES ('568e0e50-a799-7569-e063-5d918b01b9e1', '0aa329f8-ff9d-fca5-6658-1b4d72caae1e', '0423722f-52eb-0c7b-f285-05dd288d2993', 1) ON CONFLICT (product_id, inventory_item_id) DO UPDATE SET quantity = 1;
INSERT INTO products (id, category_id, name_ar, name_en, price, description_ar, description_en, is_available) VALUES ('b8daaf45-bad5-1656-8f50-44e28e057a25', 'c3333333-3333-3333-3333-333333333333', 'بيتزا تشيكن سوبريم-لارج', 'بيتزا تشيكن سوبريم-لارج', 200, 'شيت الوصفات الدفترية', 'Recipe Details', true) ON CONFLICT (id) DO UPDATE SET price = 200;
INSERT INTO product_recipes (id, product_id, inventory_item_id, quantity) VALUES ('4fa3e5df-70dd-bd65-954a-29e1fc37f4ae', 'b8daaf45-bad5-1656-8f50-44e28e057a25', '87a7c24c-519c-7ece-976a-eccf9486b9f9', 0.32) ON CONFLICT (product_id, inventory_item_id) DO UPDATE SET quantity = 0.32;
INSERT INTO product_recipes (id, product_id, inventory_item_id, quantity) VALUES ('b1342a25-deed-f7f6-2f30-e6705ec1baca', 'b8daaf45-bad5-1656-8f50-44e28e057a25', '8641a4d9-3f41-b5a4-5420-b4408d90e68d', 0.05) ON CONFLICT (product_id, inventory_item_id) DO UPDATE SET quantity = 0.05;
INSERT INTO product_recipes (id, product_id, inventory_item_id, quantity) VALUES ('5dce05e4-7879-bfe2-4635-e0e1ffa71ef8', 'b8daaf45-bad5-1656-8f50-44e28e057a25', '35535e60-0a5e-2e27-b363-03d706fee6fa', 0.14) ON CONFLICT (product_id, inventory_item_id) DO UPDATE SET quantity = 0.14;
INSERT INTO product_recipes (id, product_id, inventory_item_id, quantity) VALUES ('20efa13c-d8cd-9c97-478e-4ef139949c97', 'b8daaf45-bad5-1656-8f50-44e28e057a25', '82c1af44-684b-3b18-fb01-150063b95d50', 0.07) ON CONFLICT (product_id, inventory_item_id) DO UPDATE SET quantity = 0.07;
INSERT INTO product_recipes (id, product_id, inventory_item_id, quantity) VALUES ('76d1eadb-6ffc-0d66-c52c-afc0a5f4471b', 'b8daaf45-bad5-1656-8f50-44e28e057a25', '9b641fe0-65b3-767f-cf4d-687ceb60fa9f', 0.08) ON CONFLICT (product_id, inventory_item_id) DO UPDATE SET quantity = 0.08;
INSERT INTO product_recipes (id, product_id, inventory_item_id, quantity) VALUES ('611723a8-46f0-39bc-b368-4b1f2d930cb3', 'b8daaf45-bad5-1656-8f50-44e28e057a25', '13571033-e3cb-f12a-cd14-2f4d6c7397a9', 0.01) ON CONFLICT (product_id, inventory_item_id) DO UPDATE SET quantity = 0.01;
INSERT INTO product_recipes (id, product_id, inventory_item_id, quantity) VALUES ('611723a8-46f0-39bc-b368-4b1f2d930cb3', 'b8daaf45-bad5-1656-8f50-44e28e057a25', '13571033-e3cb-f12a-cd14-2f4d6c7397a9', 0.01) ON CONFLICT (product_id, inventory_item_id) DO UPDATE SET quantity = 0.01;
INSERT INTO product_recipes (id, product_id, inventory_item_id, quantity) VALUES ('5db13b6f-1e9c-bddd-3400-8226f0c37e9f', 'b8daaf45-bad5-1656-8f50-44e28e057a25', 'd097ad98-3121-21db-d07c-327f0b40619c', 0.08) ON CONFLICT (product_id, inventory_item_id) DO UPDATE SET quantity = 0.08;
INSERT INTO product_recipes (id, product_id, inventory_item_id, quantity) VALUES ('772d1366-6bd0-1d9e-e9d2-6a63ce8175a0', 'b8daaf45-bad5-1656-8f50-44e28e057a25', '86cd3e99-8564-9fbb-9e11-a5f008e206c8', 0.02) ON CONFLICT (product_id, inventory_item_id) DO UPDATE SET quantity = 0.02;
INSERT INTO product_recipes (id, product_id, inventory_item_id, quantity) VALUES ('da262f37-3210-ae32-c8fa-88d410922ebc', 'b8daaf45-bad5-1656-8f50-44e28e057a25', 'cbd0ae3d-de29-9bce-36f2-f9ed6fc2e901', 1) ON CONFLICT (product_id, inventory_item_id) DO UPDATE SET quantity = 1;
INSERT INTO product_recipes (id, product_id, inventory_item_id, quantity) VALUES ('eeed27df-cf2e-42c1-1dec-296ade4033a9', 'b8daaf45-bad5-1656-8f50-44e28e057a25', '9aa15944-a610-6968-9b7f-9277614febc3', 1) ON CONFLICT (product_id, inventory_item_id) DO UPDATE SET quantity = 1;
INSERT INTO product_recipes (id, product_id, inventory_item_id, quantity) VALUES ('c3d01e50-e8ac-f454-4c70-ea53def4b791', 'b8daaf45-bad5-1656-8f50-44e28e057a25', '0423722f-52eb-0c7b-f285-05dd288d2993', 1) ON CONFLICT (product_id, inventory_item_id) DO UPDATE SET quantity = 1;
INSERT INTO products (id, category_id, name_ar, name_en, price, description_ar, description_en, is_available) VALUES ('0c32090c-b6d0-1fad-c052-6bc3a96d719d', 'c3333333-3333-3333-3333-333333333333', 'بيتزا سوبر سوبريم-لارج', 'بيتزا سوبر سوبريم-لارج', 220, 'شيت الوصفات الدفترية', 'Recipe Details', true) ON CONFLICT (id) DO UPDATE SET price = 220;
INSERT INTO product_recipes (id, product_id, inventory_item_id, quantity) VALUES ('f60b1180-485a-f5d4-5a0f-67dd80986b8e', '0c32090c-b6d0-1fad-c052-6bc3a96d719d', '87a7c24c-519c-7ece-976a-eccf9486b9f9', 0.32) ON CONFLICT (product_id, inventory_item_id) DO UPDATE SET quantity = 0.32;
INSERT INTO product_recipes (id, product_id, inventory_item_id, quantity) VALUES ('e644bd14-21d3-bb8a-2f6e-7da713c7bc52', '0c32090c-b6d0-1fad-c052-6bc3a96d719d', '8641a4d9-3f41-b5a4-5420-b4408d90e68d', 0.05) ON CONFLICT (product_id, inventory_item_id) DO UPDATE SET quantity = 0.05;
INSERT INTO product_recipes (id, product_id, inventory_item_id, quantity) VALUES ('5b1c4c49-a264-a9cb-c507-fdfb2aba6c1f', '0c32090c-b6d0-1fad-c052-6bc3a96d719d', '35535e60-0a5e-2e27-b363-03d706fee6fa', 0.14) ON CONFLICT (product_id, inventory_item_id) DO UPDATE SET quantity = 0.14;
INSERT INTO product_recipes (id, product_id, inventory_item_id, quantity) VALUES ('152b677d-f580-d8ab-b57b-27fbd3b9c1d1', '0c32090c-b6d0-1fad-c052-6bc3a96d719d', '82c1af44-684b-3b18-fb01-150063b95d50', 0.07) ON CONFLICT (product_id, inventory_item_id) DO UPDATE SET quantity = 0.07;
INSERT INTO product_recipes (id, product_id, inventory_item_id, quantity) VALUES ('b98272d3-c3f8-9f26-bd9a-b918630b2649', '0c32090c-b6d0-1fad-c052-6bc3a96d719d', '85d6ec63-ce2e-3ced-0e89-ed0f7d69b586', 0.1) ON CONFLICT (product_id, inventory_item_id) DO UPDATE SET quantity = 0.1;
INSERT INTO product_recipes (id, product_id, inventory_item_id, quantity) VALUES ('2d8d9c2d-8ba9-bf08-2799-c63f0ed33f10', '0c32090c-b6d0-1fad-c052-6bc3a96d719d', '7da0fccc-607c-1117-28db-2b6352a383cf', 0.07) ON CONFLICT (product_id, inventory_item_id) DO UPDATE SET quantity = 0.07;
INSERT INTO product_recipes (id, product_id, inventory_item_id, quantity) VALUES ('996fc3fb-c4f8-61c5-b348-2a5e7114511e', '0c32090c-b6d0-1fad-c052-6bc3a96d719d', '2f6172b2-66a4-8d52-84d4-4efd6baa3afe', 0.03) ON CONFLICT (product_id, inventory_item_id) DO UPDATE SET quantity = 0.03;
INSERT INTO product_recipes (id, product_id, inventory_item_id, quantity) VALUES ('833a7d6b-ff31-4bdf-e43e-855c702941a1', '0c32090c-b6d0-1fad-c052-6bc3a96d719d', '2b0d2246-4f36-2646-002a-fc595bb7d6c7', 0.01) ON CONFLICT (product_id, inventory_item_id) DO UPDATE SET quantity = 0.01;
INSERT INTO product_recipes (id, product_id, inventory_item_id, quantity) VALUES ('9aa299eb-0b78-ed3d-60c9-940c83173031', '0c32090c-b6d0-1fad-c052-6bc3a96d719d', '14e5a62b-f56b-ed81-0cfd-e02d243474fc', 0.02) ON CONFLICT (product_id, inventory_item_id) DO UPDATE SET quantity = 0.02;
INSERT INTO product_recipes (id, product_id, inventory_item_id, quantity) VALUES ('2bd59165-3118-f718-51bb-bdc84d1dedb2', '0c32090c-b6d0-1fad-c052-6bc3a96d719d', '13571033-e3cb-f12a-cd14-2f4d6c7397a9', 0.01) ON CONFLICT (product_id, inventory_item_id) DO UPDATE SET quantity = 0.01;
INSERT INTO product_recipes (id, product_id, inventory_item_id, quantity) VALUES ('2bd59165-3118-f718-51bb-bdc84d1dedb2', '0c32090c-b6d0-1fad-c052-6bc3a96d719d', '13571033-e3cb-f12a-cd14-2f4d6c7397a9', 0.01) ON CONFLICT (product_id, inventory_item_id) DO UPDATE SET quantity = 0.01;
INSERT INTO product_recipes (id, product_id, inventory_item_id, quantity) VALUES ('814c0cca-7aa3-e16c-7ee6-a163635ddec9', '0c32090c-b6d0-1fad-c052-6bc3a96d719d', 'cbd0ae3d-de29-9bce-36f2-f9ed6fc2e901', 1) ON CONFLICT (product_id, inventory_item_id) DO UPDATE SET quantity = 1;
INSERT INTO product_recipes (id, product_id, inventory_item_id, quantity) VALUES ('cb5dbb0f-9787-7449-5e3f-1242d4fabe81', '0c32090c-b6d0-1fad-c052-6bc3a96d719d', '9aa15944-a610-6968-9b7f-9277614febc3', 1) ON CONFLICT (product_id, inventory_item_id) DO UPDATE SET quantity = 1;
INSERT INTO product_recipes (id, product_id, inventory_item_id, quantity) VALUES ('ff643891-b6c1-1b04-516f-5a4c923bca92', '0c32090c-b6d0-1fad-c052-6bc3a96d719d', '0423722f-52eb-0c7b-f285-05dd288d2993', 1) ON CONFLICT (product_id, inventory_item_id) DO UPDATE SET quantity = 1;
INSERT INTO products (id, category_id, name_ar, name_en, price, description_ar, description_en, is_available) VALUES ('49b5a2ca-2f62-aecc-6b9f-c093f83ef480', 'c3333333-3333-3333-3333-333333333333', 'بيتزا تشيكن باربيكيو-لارج', 'بيتزا تشيكن باربيكيو-لارج', 190, 'شيت الوصفات الدفترية', 'Recipe Details', true) ON CONFLICT (id) DO UPDATE SET price = 190;
INSERT INTO product_recipes (id, product_id, inventory_item_id, quantity) VALUES ('725e1f7b-2e44-bdc4-6bf3-f24ada993e49', '49b5a2ca-2f62-aecc-6b9f-c093f83ef480', '87a7c24c-519c-7ece-976a-eccf9486b9f9', 0.32) ON CONFLICT (product_id, inventory_item_id) DO UPDATE SET quantity = 0.32;
INSERT INTO product_recipes (id, product_id, inventory_item_id, quantity) VALUES ('c9c4b21c-6268-4f76-0ca8-93d543fd3c6f', '49b5a2ca-2f62-aecc-6b9f-c093f83ef480', '8641a4d9-3f41-b5a4-5420-b4408d90e68d', 0.05) ON CONFLICT (product_id, inventory_item_id) DO UPDATE SET quantity = 0.05;
INSERT INTO product_recipes (id, product_id, inventory_item_id, quantity) VALUES ('e5f435c5-1d36-fa2d-cdb3-d8a832f3f721', '49b5a2ca-2f62-aecc-6b9f-c093f83ef480', '35535e60-0a5e-2e27-b363-03d706fee6fa', 0.14) ON CONFLICT (product_id, inventory_item_id) DO UPDATE SET quantity = 0.14;
INSERT INTO product_recipes (id, product_id, inventory_item_id, quantity) VALUES ('f9cb4133-bc4a-40a6-a393-afff5509d304', '49b5a2ca-2f62-aecc-6b9f-c093f83ef480', '82c1af44-684b-3b18-fb01-150063b95d50', 0.07) ON CONFLICT (product_id, inventory_item_id) DO UPDATE SET quantity = 0.07;
INSERT INTO product_recipes (id, product_id, inventory_item_id, quantity) VALUES ('40ed8a91-c98c-5fc3-6bad-1f9161d51f48', '49b5a2ca-2f62-aecc-6b9f-c093f83ef480', 'd097ad98-3121-21db-d07c-327f0b40619c', 0.15) ON CONFLICT (product_id, inventory_item_id) DO UPDATE SET quantity = 0.15;
INSERT INTO product_recipes (id, product_id, inventory_item_id, quantity) VALUES ('0b8f6c9b-0a01-9b35-aec4-11b4350d9d8d', '49b5a2ca-2f62-aecc-6b9f-c093f83ef480', '13571033-e3cb-f12a-cd14-2f4d6c7397a9', 0.01) ON CONFLICT (product_id, inventory_item_id) DO UPDATE SET quantity = 0.01;
INSERT INTO product_recipes (id, product_id, inventory_item_id, quantity) VALUES ('0b8f6c9b-0a01-9b35-aec4-11b4350d9d8d', '49b5a2ca-2f62-aecc-6b9f-c093f83ef480', '13571033-e3cb-f12a-cd14-2f4d6c7397a9', 0.01) ON CONFLICT (product_id, inventory_item_id) DO UPDATE SET quantity = 0.01;
INSERT INTO product_recipes (id, product_id, inventory_item_id, quantity) VALUES ('344ced73-b1c2-efb2-950f-781a6029618d', '49b5a2ca-2f62-aecc-6b9f-c093f83ef480', '020e734d-f75a-dada-2036-6a79265e755b', 0.08) ON CONFLICT (product_id, inventory_item_id) DO UPDATE SET quantity = 0.08;
INSERT INTO product_recipes (id, product_id, inventory_item_id, quantity) VALUES ('d133546a-0400-716e-e1e8-e96cf60412d8', '49b5a2ca-2f62-aecc-6b9f-c093f83ef480', 'cbd0ae3d-de29-9bce-36f2-f9ed6fc2e901', 1) ON CONFLICT (product_id, inventory_item_id) DO UPDATE SET quantity = 1;
INSERT INTO product_recipes (id, product_id, inventory_item_id, quantity) VALUES ('719cbe1c-0782-9ada-387d-fca127af1967', '49b5a2ca-2f62-aecc-6b9f-c093f83ef480', '9aa15944-a610-6968-9b7f-9277614febc3', 1) ON CONFLICT (product_id, inventory_item_id) DO UPDATE SET quantity = 1;
INSERT INTO product_recipes (id, product_id, inventory_item_id, quantity) VALUES ('a81a118e-9360-3fbd-61b0-3c3398ea9729', '49b5a2ca-2f62-aecc-6b9f-c093f83ef480', '0423722f-52eb-0c7b-f285-05dd288d2993', 1) ON CONFLICT (product_id, inventory_item_id) DO UPDATE SET quantity = 1;
INSERT INTO products (id, category_id, name_ar, name_en, price, description_ar, description_en, is_available) VALUES ('fa584fc2-0c82-ed39-cef7-8ff5fd4ff85f', 'c3333333-3333-3333-3333-333333333333', 'بيتزا تشيز لافرز-لارج', 'بيتزا تشيز لافرز-لارج', 170, 'شيت الوصفات الدفترية', 'Recipe Details', true) ON CONFLICT (id) DO UPDATE SET price = 170;
INSERT INTO product_recipes (id, product_id, inventory_item_id, quantity) VALUES ('5864c2ad-a75f-14bd-a2cd-cc9d9c5958e4', 'fa584fc2-0c82-ed39-cef7-8ff5fd4ff85f', '87a7c24c-519c-7ece-976a-eccf9486b9f9', 0.32) ON CONFLICT (product_id, inventory_item_id) DO UPDATE SET quantity = 0.32;
INSERT INTO product_recipes (id, product_id, inventory_item_id, quantity) VALUES ('2b5ef547-d408-3f46-880e-24cdf0504f2a', 'fa584fc2-0c82-ed39-cef7-8ff5fd4ff85f', '8641a4d9-3f41-b5a4-5420-b4408d90e68d', 0.05) ON CONFLICT (product_id, inventory_item_id) DO UPDATE SET quantity = 0.05;
INSERT INTO product_recipes (id, product_id, inventory_item_id, quantity) VALUES ('1d8fa760-a7f5-552b-8eb7-846da7bfb180', 'fa584fc2-0c82-ed39-cef7-8ff5fd4ff85f', '35535e60-0a5e-2e27-b363-03d706fee6fa', 0.14) ON CONFLICT (product_id, inventory_item_id) DO UPDATE SET quantity = 0.14;
INSERT INTO product_recipes (id, product_id, inventory_item_id, quantity) VALUES ('5122b68a-892f-6549-c8e2-de7da1eb279f', 'fa584fc2-0c82-ed39-cef7-8ff5fd4ff85f', '82c1af44-684b-3b18-fb01-150063b95d50', 0.07) ON CONFLICT (product_id, inventory_item_id) DO UPDATE SET quantity = 0.07;
INSERT INTO product_recipes (id, product_id, inventory_item_id, quantity) VALUES ('3b713fec-ec04-9aa9-6ee1-cd4f917a22a2', 'fa584fc2-0c82-ed39-cef7-8ff5fd4ff85f', '359e11ae-3a61-3155-603a-fc6c840f9282', 0.03) ON CONFLICT (product_id, inventory_item_id) DO UPDATE SET quantity = 0.03;
INSERT INTO product_recipes (id, product_id, inventory_item_id, quantity) VALUES ('d461b3b6-810b-0cb4-d831-27bf5544ebc8', 'fa584fc2-0c82-ed39-cef7-8ff5fd4ff85f', '9ad37881-7ae7-4d57-ebfb-c906f81ed369', 2) ON CONFLICT (product_id, inventory_item_id) DO UPDATE SET quantity = 2;
INSERT INTO product_recipes (id, product_id, inventory_item_id, quantity) VALUES ('1d7ed5c9-da24-40af-11cc-3d5080c376b1', 'fa584fc2-0c82-ed39-cef7-8ff5fd4ff85f', '269ded52-f79b-6011-edb1-af2f5ebdb8c8', 0.06) ON CONFLICT (product_id, inventory_item_id) DO UPDATE SET quantity = 0.06;
INSERT INTO product_recipes (id, product_id, inventory_item_id, quantity) VALUES ('a0c3d628-5be1-889b-2a83-8f0f0d501400', 'fa584fc2-0c82-ed39-cef7-8ff5fd4ff85f', 'cbd0ae3d-de29-9bce-36f2-f9ed6fc2e901', 1) ON CONFLICT (product_id, inventory_item_id) DO UPDATE SET quantity = 1;
INSERT INTO product_recipes (id, product_id, inventory_item_id, quantity) VALUES ('4a005b02-4e32-06ed-7562-e0cc9ff7e2af', 'fa584fc2-0c82-ed39-cef7-8ff5fd4ff85f', '9aa15944-a610-6968-9b7f-9277614febc3', 1) ON CONFLICT (product_id, inventory_item_id) DO UPDATE SET quantity = 1;
INSERT INTO product_recipes (id, product_id, inventory_item_id, quantity) VALUES ('d784cb6e-9cf2-e2fa-617a-1fe026799cc1', 'fa584fc2-0c82-ed39-cef7-8ff5fd4ff85f', '0423722f-52eb-0c7b-f285-05dd288d2993', 1) ON CONFLICT (product_id, inventory_item_id) DO UPDATE SET quantity = 1;
INSERT INTO products (id, category_id, name_ar, name_en, price, description_ar, description_en, is_available) VALUES ('6ff0ef9c-9443-57fd-bcda-bfcb4f07f8c3', 'c3333333-3333-3333-3333-333333333333', 'بيتزا كرانشى رانش-ميديم', 'بيتزا كرانشى رانش-ميديم', 150, 'شيت الوصفات الدفترية', 'Recipe Details', true) ON CONFLICT (id) DO UPDATE SET price = 150;
INSERT INTO product_recipes (id, product_id, inventory_item_id, quantity) VALUES ('48f3265e-0af0-7aff-3101-9a27dda6b631', '6ff0ef9c-9443-57fd-bcda-bfcb4f07f8c3', '87a7c24c-519c-7ece-976a-eccf9486b9f9', 0.28) ON CONFLICT (product_id, inventory_item_id) DO UPDATE SET quantity = 0.28;
INSERT INTO product_recipes (id, product_id, inventory_item_id, quantity) VALUES ('14a76824-b59e-8c26-f9a8-6c6b14b12405', '6ff0ef9c-9443-57fd-bcda-bfcb4f07f8c3', '8641a4d9-3f41-b5a4-5420-b4408d90e68d', 0.04) ON CONFLICT (product_id, inventory_item_id) DO UPDATE SET quantity = 0.04;
INSERT INTO product_recipes (id, product_id, inventory_item_id, quantity) VALUES ('c1f2f6b7-219d-7147-6573-8ecc2dff6f1f', '6ff0ef9c-9443-57fd-bcda-bfcb4f07f8c3', '35535e60-0a5e-2e27-b363-03d706fee6fa', 0.12) ON CONFLICT (product_id, inventory_item_id) DO UPDATE SET quantity = 0.12;
INSERT INTO product_recipes (id, product_id, inventory_item_id, quantity) VALUES ('ab758281-e746-cdb2-52f0-098894fae5a5', '6ff0ef9c-9443-57fd-bcda-bfcb4f07f8c3', '82c1af44-684b-3b18-fb01-150063b95d50', 0.06) ON CONFLICT (product_id, inventory_item_id) DO UPDATE SET quantity = 0.06;
INSERT INTO product_recipes (id, product_id, inventory_item_id, quantity) VALUES ('87d509c5-c74c-f909-50d0-d09d79df8ad9', '6ff0ef9c-9443-57fd-bcda-bfcb4f07f8c3', '9b641fe0-65b3-767f-cf4d-687ceb60fa9f', 0.12) ON CONFLICT (product_id, inventory_item_id) DO UPDATE SET quantity = 0.12;
INSERT INTO product_recipes (id, product_id, inventory_item_id, quantity) VALUES ('bf72d9a8-2e72-e61d-b022-1027956b6cbd', '6ff0ef9c-9443-57fd-bcda-bfcb4f07f8c3', '5a81f286-c15b-fa5b-07c6-141b4570d57a', 0.05) ON CONFLICT (product_id, inventory_item_id) DO UPDATE SET quantity = 0.05;
INSERT INTO product_recipes (id, product_id, inventory_item_id, quantity) VALUES ('98bebb0c-2414-ad85-3868-273bc2f752cf', '6ff0ef9c-9443-57fd-bcda-bfcb4f07f8c3', 'b584fa1a-e1ce-132c-38a7-cace1578bb9d', 0.05) ON CONFLICT (product_id, inventory_item_id) DO UPDATE SET quantity = 0.05;
INSERT INTO product_recipes (id, product_id, inventory_item_id, quantity) VALUES ('fd74692e-273c-0fb4-9f06-c0aa9c6c44d9', '6ff0ef9c-9443-57fd-bcda-bfcb4f07f8c3', '13571033-e3cb-f12a-cd14-2f4d6c7397a9', 0.007) ON CONFLICT (product_id, inventory_item_id) DO UPDATE SET quantity = 0.007;
INSERT INTO product_recipes (id, product_id, inventory_item_id, quantity) VALUES ('fd74692e-273c-0fb4-9f06-c0aa9c6c44d9', '6ff0ef9c-9443-57fd-bcda-bfcb4f07f8c3', '13571033-e3cb-f12a-cd14-2f4d6c7397a9', 0.003) ON CONFLICT (product_id, inventory_item_id) DO UPDATE SET quantity = 0.003;
INSERT INTO product_recipes (id, product_id, inventory_item_id, quantity) VALUES ('0a9541c4-c11c-a05f-f4be-0f799d53140e', '6ff0ef9c-9443-57fd-bcda-bfcb4f07f8c3', 'cbd0ae3d-de29-9bce-36f2-f9ed6fc2e901', 1) ON CONFLICT (product_id, inventory_item_id) DO UPDATE SET quantity = 1;
INSERT INTO product_recipes (id, product_id, inventory_item_id, quantity) VALUES ('dfd7b6e1-5071-0c0a-6a3d-0f2a36c29c71', '6ff0ef9c-9443-57fd-bcda-bfcb4f07f8c3', '9aa15944-a610-6968-9b7f-9277614febc3', 1) ON CONFLICT (product_id, inventory_item_id) DO UPDATE SET quantity = 1;
INSERT INTO product_recipes (id, product_id, inventory_item_id, quantity) VALUES ('07029569-f8bf-fdd0-f064-0267f1ec51f8', '6ff0ef9c-9443-57fd-bcda-bfcb4f07f8c3', '0423722f-52eb-0c7b-f285-05dd288d2993', 1) ON CONFLICT (product_id, inventory_item_id) DO UPDATE SET quantity = 1;
INSERT INTO products (id, category_id, name_ar, name_en, price, description_ar, description_en, is_available) VALUES ('84e45d78-4683-2720-02d2-6944e8812c7b', 'c3333333-3333-3333-3333-333333333333', 'بيتزا بيرونى-ميديم', 'بيتزا بيرونى-ميديم', 140, 'شيت الوصفات الدفترية', 'Recipe Details', true) ON CONFLICT (id) DO UPDATE SET price = 140;
INSERT INTO product_recipes (id, product_id, inventory_item_id, quantity) VALUES ('2baff82d-93c7-3fb4-0267-20e6f5efe040', '84e45d78-4683-2720-02d2-6944e8812c7b', '87a7c24c-519c-7ece-976a-eccf9486b9f9', 0.28) ON CONFLICT (product_id, inventory_item_id) DO UPDATE SET quantity = 0.28;
INSERT INTO product_recipes (id, product_id, inventory_item_id, quantity) VALUES ('06c0d752-8cff-861c-962c-32e670475c4b', '84e45d78-4683-2720-02d2-6944e8812c7b', '8641a4d9-3f41-b5a4-5420-b4408d90e68d', 0.04) ON CONFLICT (product_id, inventory_item_id) DO UPDATE SET quantity = 0.04;
INSERT INTO product_recipes (id, product_id, inventory_item_id, quantity) VALUES ('5d6f6909-114d-d7d6-0a27-e41fc30cc300', '84e45d78-4683-2720-02d2-6944e8812c7b', '35535e60-0a5e-2e27-b363-03d706fee6fa', 0.12) ON CONFLICT (product_id, inventory_item_id) DO UPDATE SET quantity = 0.12;
INSERT INTO product_recipes (id, product_id, inventory_item_id, quantity) VALUES ('7177efb7-e018-7029-39ad-1f0a1eeca62c', '84e45d78-4683-2720-02d2-6944e8812c7b', '82c1af44-684b-3b18-fb01-150063b95d50', 0.06) ON CONFLICT (product_id, inventory_item_id) DO UPDATE SET quantity = 0.06;
INSERT INTO product_recipes (id, product_id, inventory_item_id, quantity) VALUES ('05cf8ea5-ba70-8f3d-0de7-7d66d7ecabed', '84e45d78-4683-2720-02d2-6944e8812c7b', '2f6172b2-66a4-8d52-84d4-4efd6baa3afe', 0.06) ON CONFLICT (product_id, inventory_item_id) DO UPDATE SET quantity = 0.06;
INSERT INTO product_recipes (id, product_id, inventory_item_id, quantity) VALUES ('bd9bfecf-d7e6-fd61-eee6-5601023dddc0', '84e45d78-4683-2720-02d2-6944e8812c7b', '13571033-e3cb-f12a-cd14-2f4d6c7397a9', 0.01) ON CONFLICT (product_id, inventory_item_id) DO UPDATE SET quantity = 0.01;
INSERT INTO product_recipes (id, product_id, inventory_item_id, quantity) VALUES ('bd9bfecf-d7e6-fd61-eee6-5601023dddc0', '84e45d78-4683-2720-02d2-6944e8812c7b', '13571033-e3cb-f12a-cd14-2f4d6c7397a9', 0.01) ON CONFLICT (product_id, inventory_item_id) DO UPDATE SET quantity = 0.01;
INSERT INTO product_recipes (id, product_id, inventory_item_id, quantity) VALUES ('8aab6149-f548-b5b8-e35a-25833053e259', '84e45d78-4683-2720-02d2-6944e8812c7b', 'cbd0ae3d-de29-9bce-36f2-f9ed6fc2e901', 1) ON CONFLICT (product_id, inventory_item_id) DO UPDATE SET quantity = 1;
INSERT INTO product_recipes (id, product_id, inventory_item_id, quantity) VALUES ('de786153-50ae-edf3-a20b-b3ebcdc1e22e', '84e45d78-4683-2720-02d2-6944e8812c7b', '9aa15944-a610-6968-9b7f-9277614febc3', 1) ON CONFLICT (product_id, inventory_item_id) DO UPDATE SET quantity = 1;
INSERT INTO product_recipes (id, product_id, inventory_item_id, quantity) VALUES ('5ba31cce-6e77-ecc4-8df2-8da7f2b2ef55', '84e45d78-4683-2720-02d2-6944e8812c7b', '0423722f-52eb-0c7b-f285-05dd288d2993', 1) ON CONFLICT (product_id, inventory_item_id) DO UPDATE SET quantity = 1;
INSERT INTO products (id, category_id, name_ar, name_en, price, description_ar, description_en, is_available) VALUES ('239f27df-5f75-9716-90e4-ca2f44e75f4a', 'c3333333-3333-3333-3333-333333333333', 'بيتزا مارجيتا-ميديم', 'بيتزا مارجيتا-ميديم', 110, 'شيت الوصفات الدفترية', 'Recipe Details', true) ON CONFLICT (id) DO UPDATE SET price = 110;
INSERT INTO product_recipes (id, product_id, inventory_item_id, quantity) VALUES ('82976320-a624-5387-ebcb-d7f7488f07b3', '239f27df-5f75-9716-90e4-ca2f44e75f4a', '87a7c24c-519c-7ece-976a-eccf9486b9f9', 0.28) ON CONFLICT (product_id, inventory_item_id) DO UPDATE SET quantity = 0.28;
INSERT INTO product_recipes (id, product_id, inventory_item_id, quantity) VALUES ('43d69679-694f-8447-772d-4e4d2669de33', '239f27df-5f75-9716-90e4-ca2f44e75f4a', '8641a4d9-3f41-b5a4-5420-b4408d90e68d', 0.04) ON CONFLICT (product_id, inventory_item_id) DO UPDATE SET quantity = 0.04;
INSERT INTO product_recipes (id, product_id, inventory_item_id, quantity) VALUES ('e14ac756-7ede-9479-434d-b73f4970ba52', '239f27df-5f75-9716-90e4-ca2f44e75f4a', '35535e60-0a5e-2e27-b363-03d706fee6fa', 0.12) ON CONFLICT (product_id, inventory_item_id) DO UPDATE SET quantity = 0.12;
INSERT INTO product_recipes (id, product_id, inventory_item_id, quantity) VALUES ('55b780a3-f155-3720-774a-49ae48100422', '239f27df-5f75-9716-90e4-ca2f44e75f4a', '82c1af44-684b-3b18-fb01-150063b95d50', 0.06) ON CONFLICT (product_id, inventory_item_id) DO UPDATE SET quantity = 0.06;
INSERT INTO product_recipes (id, product_id, inventory_item_id, quantity) VALUES ('390fa370-9fab-cbaa-4e82-319949a5bee6', '239f27df-5f75-9716-90e4-ca2f44e75f4a', 'cbd0ae3d-de29-9bce-36f2-f9ed6fc2e901', 1) ON CONFLICT (product_id, inventory_item_id) DO UPDATE SET quantity = 1;
INSERT INTO product_recipes (id, product_id, inventory_item_id, quantity) VALUES ('7b1568a7-b305-0d7a-d532-16391129fe50', '239f27df-5f75-9716-90e4-ca2f44e75f4a', '9aa15944-a610-6968-9b7f-9277614febc3', 1) ON CONFLICT (product_id, inventory_item_id) DO UPDATE SET quantity = 1;
INSERT INTO product_recipes (id, product_id, inventory_item_id, quantity) VALUES ('46ae3e0b-6793-dbb3-7d58-daafe554f682', '239f27df-5f75-9716-90e4-ca2f44e75f4a', '0423722f-52eb-0c7b-f285-05dd288d2993', 1) ON CONFLICT (product_id, inventory_item_id) DO UPDATE SET quantity = 1;
INSERT INTO products (id, category_id, name_ar, name_en, price, description_ar, description_en, is_available) VALUES ('7cc5a9aa-f360-9e33-8b8a-5eaa47568bdd', 'c3333333-3333-3333-3333-333333333333', 'بيتزا سى فود-ميديم', 'بيتزا سى فود-ميديم', 190, 'شيت الوصفات الدفترية', 'Recipe Details', true) ON CONFLICT (id) DO UPDATE SET price = 190;
INSERT INTO product_recipes (id, product_id, inventory_item_id, quantity) VALUES ('87946f1c-9211-4345-6fd0-c533700e23c1', '7cc5a9aa-f360-9e33-8b8a-5eaa47568bdd', '87a7c24c-519c-7ece-976a-eccf9486b9f9', 0.28) ON CONFLICT (product_id, inventory_item_id) DO UPDATE SET quantity = 0.28;
INSERT INTO product_recipes (id, product_id, inventory_item_id, quantity) VALUES ('7e63196c-11ee-d2a4-d563-cc3f497b4e59', '7cc5a9aa-f360-9e33-8b8a-5eaa47568bdd', '8641a4d9-3f41-b5a4-5420-b4408d90e68d', 0.04) ON CONFLICT (product_id, inventory_item_id) DO UPDATE SET quantity = 0.04;
INSERT INTO product_recipes (id, product_id, inventory_item_id, quantity) VALUES ('5ccd50b9-c878-1772-9769-de10532d9159', '7cc5a9aa-f360-9e33-8b8a-5eaa47568bdd', '35535e60-0a5e-2e27-b363-03d706fee6fa', 0.12) ON CONFLICT (product_id, inventory_item_id) DO UPDATE SET quantity = 0.12;
INSERT INTO product_recipes (id, product_id, inventory_item_id, quantity) VALUES ('3fe7fa9c-6fe1-99f6-3a69-7482eb2b7a8f', '7cc5a9aa-f360-9e33-8b8a-5eaa47568bdd', '82c1af44-684b-3b18-fb01-150063b95d50', 0.06) ON CONFLICT (product_id, inventory_item_id) DO UPDATE SET quantity = 0.06;
INSERT INTO product_recipes (id, product_id, inventory_item_id, quantity) VALUES ('b925b1da-de45-de65-b612-92e52fdd76fd', '7cc5a9aa-f360-9e33-8b8a-5eaa47568bdd', '1088c082-c19a-1565-3378-352514e37749', 0.08) ON CONFLICT (product_id, inventory_item_id) DO UPDATE SET quantity = 0.08;
INSERT INTO product_recipes (id, product_id, inventory_item_id, quantity) VALUES ('18797e28-fa5a-71e7-e445-f24e8b8dbce9', '7cc5a9aa-f360-9e33-8b8a-5eaa47568bdd', '62698a04-b6f7-52b9-ab75-89f7b10e5b1e', 0.08) ON CONFLICT (product_id, inventory_item_id) DO UPDATE SET quantity = 0.08;
INSERT INTO product_recipes (id, product_id, inventory_item_id, quantity) VALUES ('402bcabb-f7df-18d1-2e28-f80413b6a2b9', '7cc5a9aa-f360-9e33-8b8a-5eaa47568bdd', 'a6fb353d-8654-4a0d-8901-542c2e48d0d0', 0.04) ON CONFLICT (product_id, inventory_item_id) DO UPDATE SET quantity = 0.04;
INSERT INTO product_recipes (id, product_id, inventory_item_id, quantity) VALUES ('c8faa7a2-667b-5438-4eeb-65bf8c15a85f', '7cc5a9aa-f360-9e33-8b8a-5eaa47568bdd', '13571033-e3cb-f12a-cd14-2f4d6c7397a9', 0.007) ON CONFLICT (product_id, inventory_item_id) DO UPDATE SET quantity = 0.007;
INSERT INTO product_recipes (id, product_id, inventory_item_id, quantity) VALUES ('c8faa7a2-667b-5438-4eeb-65bf8c15a85f', '7cc5a9aa-f360-9e33-8b8a-5eaa47568bdd', '13571033-e3cb-f12a-cd14-2f4d6c7397a9', 0.003) ON CONFLICT (product_id, inventory_item_id) DO UPDATE SET quantity = 0.003;
INSERT INTO product_recipes (id, product_id, inventory_item_id, quantity) VALUES ('7847815d-fd89-bf22-082e-c7194bbf0aa8', '7cc5a9aa-f360-9e33-8b8a-5eaa47568bdd', 'cbd0ae3d-de29-9bce-36f2-f9ed6fc2e901', 1) ON CONFLICT (product_id, inventory_item_id) DO UPDATE SET quantity = 1;
INSERT INTO product_recipes (id, product_id, inventory_item_id, quantity) VALUES ('168d4203-d06a-17cb-578c-25ddce67f981', '7cc5a9aa-f360-9e33-8b8a-5eaa47568bdd', '9aa15944-a610-6968-9b7f-9277614febc3', 1) ON CONFLICT (product_id, inventory_item_id) DO UPDATE SET quantity = 1;
INSERT INTO product_recipes (id, product_id, inventory_item_id, quantity) VALUES ('e3efcddd-76e2-a22e-41fc-b4e991aca23f', '7cc5a9aa-f360-9e33-8b8a-5eaa47568bdd', '0423722f-52eb-0c7b-f285-05dd288d2993', 1) ON CONFLICT (product_id, inventory_item_id) DO UPDATE SET quantity = 1;
INSERT INTO products (id, category_id, name_ar, name_en, price, description_ar, description_en, is_available) VALUES ('579fea12-c589-66f5-e9ea-0d4be9708f70', 'c3333333-3333-3333-3333-333333333333', 'بيتزا تشيكن سوبريم-ميديم', 'بيتزا تشيكن سوبريم-ميديم', 160, 'شيت الوصفات الدفترية', 'Recipe Details', true) ON CONFLICT (id) DO UPDATE SET price = 160;
INSERT INTO product_recipes (id, product_id, inventory_item_id, quantity) VALUES ('ffe3a7ef-59bc-92a7-2b76-630d3ba57ae4', '579fea12-c589-66f5-e9ea-0d4be9708f70', '87a7c24c-519c-7ece-976a-eccf9486b9f9', 0.28) ON CONFLICT (product_id, inventory_item_id) DO UPDATE SET quantity = 0.28;
INSERT INTO product_recipes (id, product_id, inventory_item_id, quantity) VALUES ('d20c6846-8819-5067-4fff-b6b325521f89', '579fea12-c589-66f5-e9ea-0d4be9708f70', '8641a4d9-3f41-b5a4-5420-b4408d90e68d', 0.04) ON CONFLICT (product_id, inventory_item_id) DO UPDATE SET quantity = 0.04;
INSERT INTO product_recipes (id, product_id, inventory_item_id, quantity) VALUES ('e5bbb983-9a9c-44b7-9098-24f4c3f6f26f', '579fea12-c589-66f5-e9ea-0d4be9708f70', '35535e60-0a5e-2e27-b363-03d706fee6fa', 0.12) ON CONFLICT (product_id, inventory_item_id) DO UPDATE SET quantity = 0.12;
INSERT INTO product_recipes (id, product_id, inventory_item_id, quantity) VALUES ('98c29631-14dd-ff0f-672d-e506d88c5f2e', '579fea12-c589-66f5-e9ea-0d4be9708f70', '82c1af44-684b-3b18-fb01-150063b95d50', 0.06) ON CONFLICT (product_id, inventory_item_id) DO UPDATE SET quantity = 0.06;
INSERT INTO product_recipes (id, product_id, inventory_item_id, quantity) VALUES ('a3ad557c-0e83-6ad1-4063-bd1b3ca1d5ec', '579fea12-c589-66f5-e9ea-0d4be9708f70', '9b641fe0-65b3-767f-cf4d-687ceb60fa9f', 0.06) ON CONFLICT (product_id, inventory_item_id) DO UPDATE SET quantity = 0.06;
INSERT INTO product_recipes (id, product_id, inventory_item_id, quantity) VALUES ('135c7361-1a7d-30fd-802e-c70abf502f93', '579fea12-c589-66f5-e9ea-0d4be9708f70', '13571033-e3cb-f12a-cd14-2f4d6c7397a9', 0.007) ON CONFLICT (product_id, inventory_item_id) DO UPDATE SET quantity = 0.007;
INSERT INTO product_recipes (id, product_id, inventory_item_id, quantity) VALUES ('135c7361-1a7d-30fd-802e-c70abf502f93', '579fea12-c589-66f5-e9ea-0d4be9708f70', '13571033-e3cb-f12a-cd14-2f4d6c7397a9', 0.003) ON CONFLICT (product_id, inventory_item_id) DO UPDATE SET quantity = 0.003;
INSERT INTO product_recipes (id, product_id, inventory_item_id, quantity) VALUES ('268760a9-3132-dc66-3d2f-f832c38a568f', '579fea12-c589-66f5-e9ea-0d4be9708f70', 'd097ad98-3121-21db-d07c-327f0b40619c', 0.06) ON CONFLICT (product_id, inventory_item_id) DO UPDATE SET quantity = 0.06;
INSERT INTO product_recipes (id, product_id, inventory_item_id, quantity) VALUES ('158c7522-c857-19ba-1747-cf6ce9b6c8fc', '579fea12-c589-66f5-e9ea-0d4be9708f70', '86cd3e99-8564-9fbb-9e11-a5f008e206c8', 0.02) ON CONFLICT (product_id, inventory_item_id) DO UPDATE SET quantity = 0.02;
INSERT INTO product_recipes (id, product_id, inventory_item_id, quantity) VALUES ('932137ff-0008-b3b3-5487-c1ab4c5e1968', '579fea12-c589-66f5-e9ea-0d4be9708f70', 'cbd0ae3d-de29-9bce-36f2-f9ed6fc2e901', 1) ON CONFLICT (product_id, inventory_item_id) DO UPDATE SET quantity = 1;
INSERT INTO product_recipes (id, product_id, inventory_item_id, quantity) VALUES ('58b3f2b4-095e-8f35-2e38-741354a3fbff', '579fea12-c589-66f5-e9ea-0d4be9708f70', '9aa15944-a610-6968-9b7f-9277614febc3', 1) ON CONFLICT (product_id, inventory_item_id) DO UPDATE SET quantity = 1;
INSERT INTO product_recipes (id, product_id, inventory_item_id, quantity) VALUES ('107fc97f-18ea-21e4-6244-eb10fabcf3fb', '579fea12-c589-66f5-e9ea-0d4be9708f70', '0423722f-52eb-0c7b-f285-05dd288d2993', 1) ON CONFLICT (product_id, inventory_item_id) DO UPDATE SET quantity = 1;
INSERT INTO products (id, category_id, name_ar, name_en, price, description_ar, description_en, is_available) VALUES ('5eeee8a2-bcee-0ad9-ed94-9880588fe37f', 'c3333333-3333-3333-3333-333333333333', 'بيتزا تشيكن باربيكيو-ميديم', 'بيتزا تشيكن باربيكيو-ميديم', 150, 'شيت الوصفات الدفترية', 'Recipe Details', true) ON CONFLICT (id) DO UPDATE SET price = 150;
INSERT INTO product_recipes (id, product_id, inventory_item_id, quantity) VALUES ('bb7a5c65-7ed1-8f5c-9410-3b7698a06459', '5eeee8a2-bcee-0ad9-ed94-9880588fe37f', '87a7c24c-519c-7ece-976a-eccf9486b9f9', 0.28) ON CONFLICT (product_id, inventory_item_id) DO UPDATE SET quantity = 0.28;
INSERT INTO product_recipes (id, product_id, inventory_item_id, quantity) VALUES ('c41572f1-6230-4a48-b0bc-5e1fed3ec57c', '5eeee8a2-bcee-0ad9-ed94-9880588fe37f', '8641a4d9-3f41-b5a4-5420-b4408d90e68d', 0.05) ON CONFLICT (product_id, inventory_item_id) DO UPDATE SET quantity = 0.05;
INSERT INTO product_recipes (id, product_id, inventory_item_id, quantity) VALUES ('e116ee69-2aad-d632-30af-f28d7e2dd293', '5eeee8a2-bcee-0ad9-ed94-9880588fe37f', '35535e60-0a5e-2e27-b363-03d706fee6fa', 0.12) ON CONFLICT (product_id, inventory_item_id) DO UPDATE SET quantity = 0.12;
INSERT INTO product_recipes (id, product_id, inventory_item_id, quantity) VALUES ('e36fb3dc-bff4-106d-5c90-b2db95473719', '5eeee8a2-bcee-0ad9-ed94-9880588fe37f', '82c1af44-684b-3b18-fb01-150063b95d50', 0.06) ON CONFLICT (product_id, inventory_item_id) DO UPDATE SET quantity = 0.06;
INSERT INTO product_recipes (id, product_id, inventory_item_id, quantity) VALUES ('10bee733-5f92-54fd-ffa4-1e6159f83888', '5eeee8a2-bcee-0ad9-ed94-9880588fe37f', 'd097ad98-3121-21db-d07c-327f0b40619c', 0.12) ON CONFLICT (product_id, inventory_item_id) DO UPDATE SET quantity = 0.12;
INSERT INTO product_recipes (id, product_id, inventory_item_id, quantity) VALUES ('0ce15dce-e69f-3cc1-aed0-77f6627bbbe5', '5eeee8a2-bcee-0ad9-ed94-9880588fe37f', '13571033-e3cb-f12a-cd14-2f4d6c7397a9', 0.01) ON CONFLICT (product_id, inventory_item_id) DO UPDATE SET quantity = 0.01;
INSERT INTO product_recipes (id, product_id, inventory_item_id, quantity) VALUES ('0ce15dce-e69f-3cc1-aed0-77f6627bbbe5', '5eeee8a2-bcee-0ad9-ed94-9880588fe37f', '13571033-e3cb-f12a-cd14-2f4d6c7397a9', 0.01) ON CONFLICT (product_id, inventory_item_id) DO UPDATE SET quantity = 0.01;
INSERT INTO product_recipes (id, product_id, inventory_item_id, quantity) VALUES ('44f339b2-8bff-5f93-659a-d7028e95dbb9', '5eeee8a2-bcee-0ad9-ed94-9880588fe37f', '020e734d-f75a-dada-2036-6a79265e755b', 0.06) ON CONFLICT (product_id, inventory_item_id) DO UPDATE SET quantity = 0.06;
INSERT INTO product_recipes (id, product_id, inventory_item_id, quantity) VALUES ('86f77248-dac9-85b5-b3ad-004cdd84a8b8', '5eeee8a2-bcee-0ad9-ed94-9880588fe37f', 'cbd0ae3d-de29-9bce-36f2-f9ed6fc2e901', 1) ON CONFLICT (product_id, inventory_item_id) DO UPDATE SET quantity = 1;
INSERT INTO product_recipes (id, product_id, inventory_item_id, quantity) VALUES ('56712b9f-4507-5d66-84a2-1bdad60b43c1', '5eeee8a2-bcee-0ad9-ed94-9880588fe37f', '9aa15944-a610-6968-9b7f-9277614febc3', 1) ON CONFLICT (product_id, inventory_item_id) DO UPDATE SET quantity = 1;
INSERT INTO product_recipes (id, product_id, inventory_item_id, quantity) VALUES ('6b1c753d-598a-bfb9-ab8a-9013f1f54dc8', '5eeee8a2-bcee-0ad9-ed94-9880588fe37f', '0423722f-52eb-0c7b-f285-05dd288d2993', 1) ON CONFLICT (product_id, inventory_item_id) DO UPDATE SET quantity = 1;
INSERT INTO products (id, category_id, name_ar, name_en, price, description_ar, description_en, is_available) VALUES ('c2fee5dd-176e-d0ed-49c0-0cd1ed13eb77', 'c3333333-3333-3333-3333-333333333333', 'بيتزا بافلو-ميديم', 'بيتزا بافلو-ميديم', 150, 'شيت الوصفات الدفترية', 'Recipe Details', true) ON CONFLICT (id) DO UPDATE SET price = 150;
INSERT INTO product_recipes (id, product_id, inventory_item_id, quantity) VALUES ('4610787d-6756-9ba1-4a7e-d3909da7272c', 'c2fee5dd-176e-d0ed-49c0-0cd1ed13eb77', '87a7c24c-519c-7ece-976a-eccf9486b9f9', 0.28) ON CONFLICT (product_id, inventory_item_id) DO UPDATE SET quantity = 0.28;
INSERT INTO product_recipes (id, product_id, inventory_item_id, quantity) VALUES ('6e119a63-992f-1c5e-1665-01c5593c5009', 'c2fee5dd-176e-d0ed-49c0-0cd1ed13eb77', '8641a4d9-3f41-b5a4-5420-b4408d90e68d', 0.04) ON CONFLICT (product_id, inventory_item_id) DO UPDATE SET quantity = 0.04;
INSERT INTO product_recipes (id, product_id, inventory_item_id, quantity) VALUES ('55eb4196-bc22-be12-1ee6-2099f8b60f5e', 'c2fee5dd-176e-d0ed-49c0-0cd1ed13eb77', '35535e60-0a5e-2e27-b363-03d706fee6fa', 0.12) ON CONFLICT (product_id, inventory_item_id) DO UPDATE SET quantity = 0.12;
INSERT INTO product_recipes (id, product_id, inventory_item_id, quantity) VALUES ('18cccade-6d20-45a2-5243-dfb53b26bbb7', 'c2fee5dd-176e-d0ed-49c0-0cd1ed13eb77', '82c1af44-684b-3b18-fb01-150063b95d50', 0.06) ON CONFLICT (product_id, inventory_item_id) DO UPDATE SET quantity = 0.06;
INSERT INTO product_recipes (id, product_id, inventory_item_id, quantity) VALUES ('12f9fd86-3a48-dfff-c1e2-0cfc74cc1784', 'c2fee5dd-176e-d0ed-49c0-0cd1ed13eb77', 'd097ad98-3121-21db-d07c-327f0b40619c', 0.12) ON CONFLICT (product_id, inventory_item_id) DO UPDATE SET quantity = 0.12;
INSERT INTO product_recipes (id, product_id, inventory_item_id, quantity) VALUES ('e8423828-a866-31a5-b91c-d8c587da3822', 'c2fee5dd-176e-d0ed-49c0-0cd1ed13eb77', '13571033-e3cb-f12a-cd14-2f4d6c7397a9', 0.01) ON CONFLICT (product_id, inventory_item_id) DO UPDATE SET quantity = 0.01;
INSERT INTO product_recipes (id, product_id, inventory_item_id, quantity) VALUES ('e8423828-a866-31a5-b91c-d8c587da3822', 'c2fee5dd-176e-d0ed-49c0-0cd1ed13eb77', '13571033-e3cb-f12a-cd14-2f4d6c7397a9', 0.01) ON CONFLICT (product_id, inventory_item_id) DO UPDATE SET quantity = 0.01;
INSERT INTO product_recipes (id, product_id, inventory_item_id, quantity) VALUES ('967625bc-5127-70c9-bc95-495c8b9414db', 'c2fee5dd-176e-d0ed-49c0-0cd1ed13eb77', '81d6b500-5f81-9b5c-ebc2-d5367d6b932d', 0.06) ON CONFLICT (product_id, inventory_item_id) DO UPDATE SET quantity = 0.06;
INSERT INTO product_recipes (id, product_id, inventory_item_id, quantity) VALUES ('bac50a99-96f8-9305-e6cc-bfa12587eb11', 'c2fee5dd-176e-d0ed-49c0-0cd1ed13eb77', 'cbd0ae3d-de29-9bce-36f2-f9ed6fc2e901', 1) ON CONFLICT (product_id, inventory_item_id) DO UPDATE SET quantity = 1;
INSERT INTO product_recipes (id, product_id, inventory_item_id, quantity) VALUES ('b43a0d1d-f644-f123-5b0a-178721dd3a17', 'c2fee5dd-176e-d0ed-49c0-0cd1ed13eb77', '9aa15944-a610-6968-9b7f-9277614febc3', 1) ON CONFLICT (product_id, inventory_item_id) DO UPDATE SET quantity = 1;
INSERT INTO product_recipes (id, product_id, inventory_item_id, quantity) VALUES ('87a5f53c-d137-42c1-1b1b-473f93a58c73', 'c2fee5dd-176e-d0ed-49c0-0cd1ed13eb77', '0423722f-52eb-0c7b-f285-05dd288d2993', 1) ON CONFLICT (product_id, inventory_item_id) DO UPDATE SET quantity = 1;
INSERT INTO products (id, category_id, name_ar, name_en, price, description_ar, description_en, is_available) VALUES ('7fed7e01-6ad3-ed39-4674-7973633a3e5c', 'c3333333-3333-3333-3333-333333333333', 'بيتزا فور سيزون-ميديم', 'بيتزا فور سيزون-ميديم', 170, 'شيت الوصفات الدفترية', 'Recipe Details', true) ON CONFLICT (id) DO UPDATE SET price = 170;
INSERT INTO product_recipes (id, product_id, inventory_item_id, quantity) VALUES ('9fd23626-bff9-f63a-62eb-7450cc28a9dc', '7fed7e01-6ad3-ed39-4674-7973633a3e5c', '87a7c24c-519c-7ece-976a-eccf9486b9f9', 0.28) ON CONFLICT (product_id, inventory_item_id) DO UPDATE SET quantity = 0.28;
INSERT INTO product_recipes (id, product_id, inventory_item_id, quantity) VALUES ('fac1c8d4-8cb2-4638-3310-7feac47f9fa1', '7fed7e01-6ad3-ed39-4674-7973633a3e5c', '8641a4d9-3f41-b5a4-5420-b4408d90e68d', 0.04) ON CONFLICT (product_id, inventory_item_id) DO UPDATE SET quantity = 0.04;
INSERT INTO product_recipes (id, product_id, inventory_item_id, quantity) VALUES ('5af6b4d3-3d44-7b67-e6f8-b49fdb9102d0', '7fed7e01-6ad3-ed39-4674-7973633a3e5c', '35535e60-0a5e-2e27-b363-03d706fee6fa', 0.12) ON CONFLICT (product_id, inventory_item_id) DO UPDATE SET quantity = 0.12;
INSERT INTO product_recipes (id, product_id, inventory_item_id, quantity) VALUES ('7f0eea45-ba45-ba24-7ce9-68a23ee82892', '7fed7e01-6ad3-ed39-4674-7973633a3e5c', '82c1af44-684b-3b18-fb01-150063b95d50', 0.06) ON CONFLICT (product_id, inventory_item_id) DO UPDATE SET quantity = 0.06;
INSERT INTO product_recipes (id, product_id, inventory_item_id, quantity) VALUES ('50662b42-b344-7a14-e490-f1e02050a4fc', '7fed7e01-6ad3-ed39-4674-7973633a3e5c', '85d6ec63-ce2e-3ced-0e89-ed0f7d69b586', 0.02) ON CONFLICT (product_id, inventory_item_id) DO UPDATE SET quantity = 0.02;
INSERT INTO product_recipes (id, product_id, inventory_item_id, quantity) VALUES ('e9b50afe-5307-2164-3e44-2410603f24d9', '7fed7e01-6ad3-ed39-4674-7973633a3e5c', '7da0fccc-607c-1117-28db-2b6352a383cf', 0.02) ON CONFLICT (product_id, inventory_item_id) DO UPDATE SET quantity = 0.02;
INSERT INTO product_recipes (id, product_id, inventory_item_id, quantity) VALUES ('c9ecbf54-52ed-1cc2-a0b7-85732743b6bf', '7fed7e01-6ad3-ed39-4674-7973633a3e5c', '2f6172b2-66a4-8d52-84d4-4efd6baa3afe', 0.003) ON CONFLICT (product_id, inventory_item_id) DO UPDATE SET quantity = 0.003;
INSERT INTO product_recipes (id, product_id, inventory_item_id, quantity) VALUES ('a8f53b81-5571-6e17-517d-9c3ff4858bfb', '7fed7e01-6ad3-ed39-4674-7973633a3e5c', 'd097ad98-3121-21db-d07c-327f0b40619c', 0.04) ON CONFLICT (product_id, inventory_item_id) DO UPDATE SET quantity = 0.04;
INSERT INTO product_recipes (id, product_id, inventory_item_id, quantity) VALUES ('097cbead-6996-362d-4d3f-d893eacd83a5', '7fed7e01-6ad3-ed39-4674-7973633a3e5c', '359e11ae-3a61-3155-603a-fc6c840f9282', 0.007) ON CONFLICT (product_id, inventory_item_id) DO UPDATE SET quantity = 0.007;
INSERT INTO product_recipes (id, product_id, inventory_item_id, quantity) VALUES ('cc065acd-770b-f7cd-c8c6-0da8fc5c57f6', '7fed7e01-6ad3-ed39-4674-7973633a3e5c', '269ded52-f79b-6011-edb1-af2f5ebdb8c8', 0.007) ON CONFLICT (product_id, inventory_item_id) DO UPDATE SET quantity = 0.007;
INSERT INTO product_recipes (id, product_id, inventory_item_id, quantity) VALUES ('6f6b3040-e6d2-9544-efce-f510e61fabab', '7fed7e01-6ad3-ed39-4674-7973633a3e5c', 'b584fa1a-e1ce-132c-38a7-cace1578bb9d', 0.007) ON CONFLICT (product_id, inventory_item_id) DO UPDATE SET quantity = 0.007;
INSERT INTO product_recipes (id, product_id, inventory_item_id, quantity) VALUES ('98887ac2-c0d4-6768-299e-9727d77a7ee8', '7fed7e01-6ad3-ed39-4674-7973633a3e5c', 'ef7a1102-f9e7-07ac-65dc-e70ef2db82dd', 0.007) ON CONFLICT (product_id, inventory_item_id) DO UPDATE SET quantity = 0.007;
INSERT INTO product_recipes (id, product_id, inventory_item_id, quantity) VALUES ('ba361674-d8cc-d9f9-5247-56d46e392c97', '7fed7e01-6ad3-ed39-4674-7973633a3e5c', '13571033-e3cb-f12a-cd14-2f4d6c7397a9', 0.007) ON CONFLICT (product_id, inventory_item_id) DO UPDATE SET quantity = 0.007;
INSERT INTO product_recipes (id, product_id, inventory_item_id, quantity) VALUES ('ba361674-d8cc-d9f9-5247-56d46e392c97', '7fed7e01-6ad3-ed39-4674-7973633a3e5c', '13571033-e3cb-f12a-cd14-2f4d6c7397a9', 0.003) ON CONFLICT (product_id, inventory_item_id) DO UPDATE SET quantity = 0.003;
INSERT INTO product_recipes (id, product_id, inventory_item_id, quantity) VALUES ('d528fa03-857d-bc50-81fa-1931d3b94a6d', '7fed7e01-6ad3-ed39-4674-7973633a3e5c', 'cbd0ae3d-de29-9bce-36f2-f9ed6fc2e901', 1) ON CONFLICT (product_id, inventory_item_id) DO UPDATE SET quantity = 1;
INSERT INTO product_recipes (id, product_id, inventory_item_id, quantity) VALUES ('1592ce6f-6dba-c2d7-a5ca-b50108b25036', '7fed7e01-6ad3-ed39-4674-7973633a3e5c', '9aa15944-a610-6968-9b7f-9277614febc3', 1) ON CONFLICT (product_id, inventory_item_id) DO UPDATE SET quantity = 1;
INSERT INTO product_recipes (id, product_id, inventory_item_id, quantity) VALUES ('92479904-8fc9-9e0d-6572-4fbc8ca602ad', '7fed7e01-6ad3-ed39-4674-7973633a3e5c', '0423722f-52eb-0c7b-f285-05dd288d2993', 1) ON CONFLICT (product_id, inventory_item_id) DO UPDATE SET quantity = 1;
INSERT INTO products (id, category_id, name_ar, name_en, price, description_ar, description_en, is_available) VALUES ('79fc573b-bb13-2fe4-eab2-675deec06972', 'c3333333-3333-3333-3333-333333333333', 'بيتزا تشيز لافرز-ميديم', 'بيتزا تشيز لافرز-ميديم', 140, 'شيت الوصفات الدفترية', 'Recipe Details', true) ON CONFLICT (id) DO UPDATE SET price = 140;
INSERT INTO product_recipes (id, product_id, inventory_item_id, quantity) VALUES ('c166e59e-499a-c9b0-ad76-08ad4405aea8', '79fc573b-bb13-2fe4-eab2-675deec06972', '87a7c24c-519c-7ece-976a-eccf9486b9f9', 0.28) ON CONFLICT (product_id, inventory_item_id) DO UPDATE SET quantity = 0.28;
INSERT INTO product_recipes (id, product_id, inventory_item_id, quantity) VALUES ('4a740f2b-1907-5222-18a6-f424e12b4c1c', '79fc573b-bb13-2fe4-eab2-675deec06972', '35535e60-0a5e-2e27-b363-03d706fee6fa', 0.12) ON CONFLICT (product_id, inventory_item_id) DO UPDATE SET quantity = 0.12;
INSERT INTO product_recipes (id, product_id, inventory_item_id, quantity) VALUES ('6a8d8f02-4178-8bad-dbad-3f6bcd284bf2', '79fc573b-bb13-2fe4-eab2-675deec06972', '82c1af44-684b-3b18-fb01-150063b95d50', 0.06) ON CONFLICT (product_id, inventory_item_id) DO UPDATE SET quantity = 0.06;
INSERT INTO product_recipes (id, product_id, inventory_item_id, quantity) VALUES ('0d14607a-d367-9239-7714-ba5192edb9c7', '79fc573b-bb13-2fe4-eab2-675deec06972', '359e11ae-3a61-3155-603a-fc6c840f9282', 0.02) ON CONFLICT (product_id, inventory_item_id) DO UPDATE SET quantity = 0.02;
INSERT INTO product_recipes (id, product_id, inventory_item_id, quantity) VALUES ('aeebdcec-6149-9d5e-bc90-fe7414b7ad66', '79fc573b-bb13-2fe4-eab2-675deec06972', '9ad37881-7ae7-4d57-ebfb-c906f81ed369', 2) ON CONFLICT (product_id, inventory_item_id) DO UPDATE SET quantity = 2;
INSERT INTO product_recipes (id, product_id, inventory_item_id, quantity) VALUES ('e7bc9ef1-843d-56e3-24ef-4b7c7580a205', '79fc573b-bb13-2fe4-eab2-675deec06972', '269ded52-f79b-6011-edb1-af2f5ebdb8c8', 0.05) ON CONFLICT (product_id, inventory_item_id) DO UPDATE SET quantity = 0.05;
INSERT INTO product_recipes (id, product_id, inventory_item_id, quantity) VALUES ('9054fc1d-67c2-4836-7ff8-6c8edc125151', '79fc573b-bb13-2fe4-eab2-675deec06972', 'cbd0ae3d-de29-9bce-36f2-f9ed6fc2e901', 1) ON CONFLICT (product_id, inventory_item_id) DO UPDATE SET quantity = 1;
INSERT INTO product_recipes (id, product_id, inventory_item_id, quantity) VALUES ('12360f63-4863-8b5a-1b53-b65892d89cd8', '79fc573b-bb13-2fe4-eab2-675deec06972', '19d91a11-8ddf-5c49-a775-f0dda75c902c', 1) ON CONFLICT (product_id, inventory_item_id) DO UPDATE SET quantity = 1;
INSERT INTO product_recipes (id, product_id, inventory_item_id, quantity) VALUES ('ca725971-1ee2-a4d8-bc83-9941dcdc09de', '79fc573b-bb13-2fe4-eab2-675deec06972', '9aa15944-a610-6968-9b7f-9277614febc3', 1) ON CONFLICT (product_id, inventory_item_id) DO UPDATE SET quantity = 1;
INSERT INTO product_recipes (id, product_id, inventory_item_id, quantity) VALUES ('ea934491-7c9a-2766-3e2d-40002ddbd591', '79fc573b-bb13-2fe4-eab2-675deec06972', '0423722f-52eb-0c7b-f285-05dd288d2993', 1) ON CONFLICT (product_id, inventory_item_id) DO UPDATE SET quantity = 1;

-- 10. Register all Products as Inventory Items in the Distribution Warehouse
INSERT INTO inventory_items (id, name, unit, stock_main, stock_factory, stock_distribution, last_purchase_price, avg_purchase_price)
SELECT 
  id, 
  name_ar, 
  'وجبة', 
  0, 
  0, 
  10, -- Initial default stock in distribution warehouse
  0, 
  0
FROM products
ON CONFLICT (id) DO UPDATE SET 
  name = EXCLUDED.name;